shipment_id,order_id,warehouse_id,shipping_cost,delivery_time_days,order_status
SHIP-000001,ORD-000001,WH-05,38.82,28.0,Delivered
SHIP-000002,ORD-000002,WH-02,10.45,2.0,Delivered
SHIP-000003,ORD-000003,WH-02,163.55,2.0,Delivered
SHIP-000004,ORD-000004,WH-03,49.1,4.0,Delivered
SHIP-000005,ORD-000005,WH-02,25.75,4.0,Delivered
SHIP-000006,ORD-000006,WH-05,35.09,5.0,Shipped
SHIP-000007,ORD-000007,WH-05,40.14,3.0,Delivered
SHIP-000008,ORD-000008,WH-01,27.63,7.0,Cancelled
SHIP-000009,ORD-000009,WH-05,24.51,6.0,Cancelled
SHIP-000010,ORD-000010,WH-01,89.7,2.0,Cancelled
SHIP-000011,ORD-000011,WH-04,33.09,10.0,Delivered
SHIP-000012,ORD-000012,WH-05,43.77,8.0,Delivered
SHIP-000013,ORD-000013,WH-01,48.05,3.0,Delivered
SHIP-000014,ORD-000014,WH-04,49.36,8.0,Delivered
SHIP-000015,ORD-000015,WH-01,231.85,5.0,Delivered
SHIP-000016,ORD-000016,WH-02,42.46,3.0,Shipped
SHIP-000017,ORD-000017,WH-02,23.72,4.0,Delivered
SHIP-000018,ORD-000018,WH-05,6.9,10.0,Delivered
SHIP-000019,ORD-000019,WH-02,26.88,7.0,Delivered
SHIP-000020,ORD-000020,WH-03,33.53,3.0,Delivered
SHIP-000021,ORD-000021,WH-05,31.82,11.0,Cancelled
SHIP-000022,ORD-000022,WH-02,45.49,27.0,Delivered
SHIP-000023,ORD-000023,WH-01,50.64,7.0,Delivered
SHIP-000024,ORD-000024,WH-04,26.48,8.0,Shipped
SHIP-000025,ORD-000025,WH-02,14.81,3.0,Delivered
SHIP-000026,ORD-000026,WH-04,40.95,6.0,Delivered
SHIP-000027,ORD-000027,WH-02,11.01,8.0,Delivered
SHIP-000028,ORD-000028,WH-03,40.12,7.0,Shipped
SHIP-000029,ORD-000029,WH-05,30.72,3.0,Delivered
SHIP-000030,ORD-000030,WH-03,52.29,8.0,Delivered
SHIP-000031,ORD-000031,WH-01,13.64,9.0,Delivered
SHIP-000032,ORD-000032,WH-04,35.45,6.0,Delivered
SHIP-000033,ORD-000033,WH-02,19.96,2.0,Shipped
SHIP-000034,ORD-000034,WH-05,20.08,2.0,Delivered
SHIP-000035,ORD-000035,WH-04,18.65,6.0,Delivered
SHIP-000036,ORD-000036,WH-05,37.19,7.0,Delivered
SHIP-000037,ORD-000037,WH-02,21.8,12.0,Cancelled
SHIP-000038,ORD-000038,WH-02,34.64,6.0,Delivered
SHIP-000039,ORD-000039,WH-05,25.47,9.0,Delivered
SHIP-000040,ORD-000040,WH-01,29.22,6.0,Delivered
SHIP-000041,ORD-000041,WH-04,30.34,2.0,Cancelled
SHIP-000042,ORD-000042,WH-05,50.78,7.0,Delivered
SHIP-000043,ORD-000043,WH-02,25.79,2.0,Shipped
SHIP-000044,ORD-000044,WH-02,23.18,6.0,Delivered
SHIP-000045,ORD-000045,WH-01,56.77,32.0,Delivered
SHIP-000046,ORD-000046,WH-01,49.53,4.0,Shipped
SHIP-000047,ORD-000047,WH-02,44.15,3.0,Delivered
SHIP-000048,ORD-000048,WH-05,37.17,7.0,Delivered
SHIP-000049,ORD-000049,WH-04,52.11,4.0,Delivered
SHIP-000050,ORD-000050,WH-04,116.64999999999999,9.0,Delivered
SHIP-000051,ORD-000051,WH-02,15.47,7.0,Delivered
SHIP-000052,ORD-000052,WH-04,30.84,,Cancelled
SHIP-000053,ORD-000053,WH-04,48.94,12.0,Cancelled
SHIP-000054,ORD-000054,WH-03,40.74,,Shipped
SHIP-000055,ORD-000055,WH-01,25.97,7.0,Delivered
SHIP-000056,ORD-000056,WH-03,28.41,5.0,Delivered
SHIP-000057,ORD-000057,WH-05,43.26,7.0,Delivered
SHIP-000058,ORD-000058,WH-04,19.7,4.0,Delivered
SHIP-000059,ORD-000059,WH-01,50.32,6.0,Delivered
SHIP-000060,ORD-000060,WH-05,8.39,9.0,Delivered
SHIP-000061,ORD-000061,WH-03,42.96,7.0,Delivered
SHIP-000062,ORD-000062,WH-01,12.38,3.0,Delivered
SHIP-000063,ORD-000063,WH-01,15.07,5.0,Delivered
SHIP-000064,ORD-000064,WH-02,21.53,7.0,Delivered
SHIP-000065,ORD-000065,WH-02,29.04,7.0,Delivered
SHIP-000066,ORD-000066,WH-05,38.41,4.0,Shipped
SHIP-000067,ORD-000067,WH-01,26.71,,Delivered
SHIP-000068,ORD-000068,WH-03,36.53,2.0,Delivered
SHIP-000069,ORD-000069,WH-03,45.13,24.0,Delivered
SHIP-000070,ORD-000070,WH-02,9.03,9.0,Delivered
SHIP-000071,ORD-000071,WH-02,21.77,3.0,Delivered
SHIP-000072,ORD-000072,WH-02,40.22,6.0,Delivered
SHIP-000073,ORD-000073,WH-02,34.0,9.0,Shipped
SHIP-000074,ORD-000074,WH-01,41.79,11.0,Delivered
SHIP-000075,ORD-000075,WH-02,36.68,8.0,Shipped
SHIP-000076,ORD-000076,WH-03,25.67,7.0,Delivered
SHIP-000077,ORD-000077,WH-02,53.21,6.0,Cancelled
SHIP-000078,ORD-000078,WH-04,17.24,9.0,Delivered
SHIP-000079,ORD-000079,WH-02,14.85,4.0,Delivered
SHIP-000080,ORD-000080,WH-04,20.78,7.0,Delivered
SHIP-000081,ORD-000081,WH-02,23.0,6.0,Delivered
SHIP-000082,ORD-000082,WH-05,37.89,4.0,Delivered
SHIP-000083,ORD-000083,WH-05,30.02,11.0,Cancelled
SHIP-000084,ORD-000084,WH-05,37.9,10.0,Shipped
SHIP-000085,ORD-000085,WH-01,8.58,6.0,Cancelled
SHIP-000086,ORD-000086,WH-05,14.1,3.0,Delivered
SHIP-000087,ORD-000087,WH-01,45.34,5.0,Shipped
SHIP-000088,ORD-000088,WH-01,31.96,7.0,Cancelled
SHIP-000089,ORD-000089,WH-02,29.14,8.0,Delivered
SHIP-000090,ORD-000090,WH-01,37.89,3.0,Delivered
SHIP-000091,ORD-000091,WH-02,20.6,8.0,Delivered
SHIP-000092,ORD-000092,WH-02,53.93,7.0,Delivered
SHIP-000093,ORD-000093,WH-01,144.2,8.0,Delivered
SHIP-000094,ORD-000094,WH-01,55.18,,Cancelled
SHIP-000095,ORD-000095,WH-01,13.53,2.0,Delivered
SHIP-000096,ORD-000096,WH-03,19.46,6.0,Cancelled
SHIP-000097,ORD-000097,WH-01,34.83,4.0,Delivered
SHIP-000098,ORD-000098,WH-02,12.49,11.0,Cancelled
SHIP-000099,ORD-000099,WH-04,36.45,5.0,Delivered
SHIP-000100,ORD-000100,WH-04,52.15,7.0,Cancelled
SHIP-000101,ORD-000101,WH-05,37.52,6.0,Cancelled
SHIP-000102,ORD-000102,WH-04,23.99,10.0,Shipped
SHIP-000103,ORD-000103,WH-01,31.67,9.0,Delivered
SHIP-000104,ORD-000104,WH-03,12.73,5.0,Delivered
SHIP-000105,ORD-000105,WH-04,21.4,6.0,Shipped
SHIP-000106,ORD-000106,WH-01,38.32,9.0,Delivered
SHIP-000107,ORD-000107,WH-05,43.55,8.0,Delivered
SHIP-000108,ORD-000108,WH-01,22.44,9.0,Delivered
SHIP-000109,ORD-000109,WH-03,116.30000000000001,7.0,Delivered
SHIP-000110,ORD-000110,WH-05,48.48,6.0,Delivered
SHIP-000111,ORD-000111,WH-04,19.58,4.0,Shipped
SHIP-000112,ORD-000112,WH-05,42.15,8.0,Shipped
SHIP-000113,ORD-000113,WH-01,26.09,5.0,Delivered
SHIP-000114,ORD-000114,WH-05,57.92,4.0,Shipped
SHIP-000115,ORD-000115,WH-02,206.70000000000002,4.0,Delivered
SHIP-000116,ORD-000116,WH-04,43.06,7.0,Cancelled
SHIP-000117,ORD-000117,WH-05,14.79,4.0,Cancelled
SHIP-000118,ORD-000118,WH-02,52.68,7.0,Delivered
SHIP-000119,ORD-000119,WH-04,27.44,7.0,Delivered
SHIP-000120,ORD-000120,WH-04,54.3,11.0,Shipped
SHIP-000121,ORD-000121,WH-03,48.93,9.0,Delivered
SHIP-000122,ORD-000122,WH-01,27.3,7.0,Cancelled
SHIP-000123,ORD-000123,WH-05,27.94,6.0,Delivered
SHIP-000124,ORD-000124,WH-01,30.08,5.0,Shipped
SHIP-000125,ORD-000125,WH-01,31.8,7.0,Delivered
SHIP-000126,ORD-000126,WH-04,37.22,7.0,Delivered
SHIP-000127,ORD-000127,WH-01,41.27,2.0,Delivered
SHIP-000128,ORD-000128,WH-03,20.19,6.0,Cancelled
SHIP-000129,ORD-000129,WH-05,47.66,7.0,Shipped
SHIP-000130,ORD-000130,WH-01,32.6,7.0,Delivered
SHIP-000131,ORD-000131,WH-02,50.13,2.0,Delivered
SHIP-000132,ORD-000132,WH-04,55.7,6.0,Delivered
SHIP-000133,ORD-000133,WH-02,47.28,5.0,Shipped
SHIP-000134,ORD-000134,WH-03,26.74,,Shipped
SHIP-000135,ORD-000135,WH-04,15.7,,Delivered
SHIP-000136,ORD-000136,WH-03,35.52,9.0,Cancelled
SHIP-000137,ORD-000137,WH-02,14.33,6.0,Delivered
SHIP-000138,ORD-000138,WH-04,17.57,6.0,Shipped
SHIP-000139,ORD-000139,WH-05,16.05,3.0,Cancelled
SHIP-000140,ORD-000140,WH-02,31.46,9.0,Shipped
SHIP-000141,ORD-000141,WH-05,56.09,2.0,Delivered
SHIP-000142,ORD-000142,WH-05,19.36,9.0,Delivered
SHIP-000143,ORD-000143,WH-05,31.13,9.0,Delivered
SHIP-000144,ORD-000144,WH-02,48.45,7.0,Delivered
SHIP-000145,ORD-000145,WH-03,36.1,6.0,Cancelled
SHIP-000146,ORD-000146,WH-01,20.66,3.0,Cancelled
SHIP-000147,ORD-000147,WH-02,39.02,10.0,Delivered
SHIP-000148,ORD-000148,WH-01,23.28,10.0,Delivered
SHIP-000149,ORD-000149,WH-04,52.21,7.0,Shipped
SHIP-000150,ORD-000150,WH-03,39.92,10.0,Delivered
SHIP-000151,ORD-000151,WH-04,40.05,8.0,Delivered
SHIP-000152,ORD-000152,WH-04,30.17,,Shipped
SHIP-000153,ORD-000153,WH-03,18.51,7.0,Cancelled
SHIP-000154,ORD-000154,WH-03,29.41,7.0,Delivered
SHIP-000155,ORD-000155,WH-03,12.63,5.0,Delivered
SHIP-000156,ORD-000156,WH-04,24.96,7.0,Delivered
SHIP-000157,ORD-000157,WH-03,45.84,7.0,Delivered
SHIP-000158,ORD-000158,WH-03,54.96,4.0,Delivered
SHIP-000159,ORD-000159,WH-05,13.34,28.0,Shipped
SHIP-000160,ORD-000160,WH-05,19.45,2.0,Cancelled
SHIP-000161,ORD-000161,WH-05,48.77,10.0,Cancelled
SHIP-000162,ORD-000162,WH-03,40.73,9.0,Delivered
SHIP-000163,ORD-000163,WH-04,37.76,9.0,Delivered
SHIP-000164,ORD-000164,WH-05,75.9,5.0,Delivered
SHIP-000165,ORD-000165,WH-05,33.78,7.0,Delivered
SHIP-000166,ORD-000166,WH-03,16.5,4.0,Cancelled
SHIP-000167,ORD-000167,WH-04,17.34,8.0,Delivered
SHIP-000168,ORD-000168,WH-01,49.11,7.0,Delivered
SHIP-000169,ORD-000169,WH-05,26.7,12.0,Delivered
SHIP-000170,ORD-000170,WH-03,26.4,4.0,Delivered
SHIP-000171,ORD-000171,WH-03,17.15,7.0,Delivered
SHIP-000172,ORD-000172,WH-04,28.09,6.0,Delivered
SHIP-000173,ORD-000173,WH-04,22.97,6.0,Delivered
SHIP-000174,ORD-000174,WH-04,32.76,7.0,Shipped
SHIP-000175,ORD-000175,WH-02,43.76,5.0,Delivered
SHIP-000176,ORD-000176,WH-02,16.29,31.0,Shipped
SHIP-000177,ORD-000177,WH-02,50.29,5.0,Delivered
SHIP-000178,ORD-000178,WH-05,47.48,7.0,Cancelled
SHIP-000179,ORD-000179,WH-05,30.97,8.0,Shipped
SHIP-000180,ORD-000180,WH-03,22.09,4.0,Delivered
SHIP-000181,ORD-000181,WH-02,44.58,8.0,Shipped
SHIP-000182,ORD-000182,WH-04,34.51,8.0,Delivered
SHIP-000183,ORD-000183,WH-02,132.79999999999998,7.0,Cancelled
SHIP-000184,ORD-000184,WH-02,23.84,,Delivered
SHIP-000185,ORD-000185,WH-03,53.36,9.0,Delivered
SHIP-000186,ORD-000186,WH-01,10.41,2.0,Delivered
SHIP-000187,ORD-000187,WH-05,22.36,7.0,Delivered
SHIP-000188,ORD-000188,WH-02,36.14,5.0,Cancelled
SHIP-000189,ORD-000189,WH-01,33.82,7.0,Cancelled
SHIP-000190,ORD-000190,WH-03,20.66,8.0,Shipped
SHIP-000191,ORD-000191,WH-01,14.56,,Cancelled
SHIP-000192,ORD-000192,WH-01,219.3,7.0,Delivered
SHIP-000193,ORD-000193,WH-02,21.7,3.0,Delivered
SHIP-000194,ORD-000194,WH-02,22.13,,Delivered
SHIP-000195,ORD-000195,WH-01,21.72,6.0,Delivered
SHIP-000196,ORD-000196,WH-03,35.12,8.0,Shipped
SHIP-000197,ORD-000197,WH-03,30.41,7.0,Delivered
SHIP-000198,ORD-000198,WH-01,30.08,6.0,Delivered
SHIP-000199,ORD-000199,WH-01,47.24,3.0,Delivered
SHIP-000200,ORD-000200,WH-02,39.35,7.0,Shipped
SHIP-000201,ORD-000201,WH-04,39.38,2.0,Shipped
SHIP-000202,ORD-000202,WH-04,19.06,4.0,Delivered
SHIP-000203,ORD-000203,WH-04,46.87,6.0,Delivered
SHIP-000204,ORD-000204,WH-03,42.15,5.0,Delivered
SHIP-000205,ORD-000205,WH-03,221.55,6.0,Delivered
SHIP-000206,ORD-000206,WH-03,21.02,5.0,Delivered
SHIP-000207,ORD-000207,WH-04,48.18,6.0,Delivered
SHIP-000208,ORD-000208,WH-05,12.87,,Delivered
SHIP-000209,ORD-000209,WH-04,46.86,2.0,Delivered
SHIP-000210,ORD-000210,WH-03,42.26,7.0,Cancelled
SHIP-000211,ORD-000211,WH-01,30.43,7.0,Cancelled
SHIP-000212,ORD-000212,WH-03,39.52,6.0,Shipped
SHIP-000213,ORD-000213,WH-01,49.47,4.0,Delivered
SHIP-000214,ORD-000214,WH-05,44.26,3.0,Delivered
SHIP-000215,ORD-000215,WH-02,43.4,5.0,Shipped
SHIP-000216,ORD-000216,WH-04,37.53,9.0,Shipped
SHIP-000217,ORD-000217,WH-02,24.26,7.0,Cancelled
SHIP-000218,ORD-000218,WH-02,37.71,4.0,Cancelled
SHIP-000219,ORD-000219,WH-02,19.08,10.0,Delivered
SHIP-000220,ORD-000220,WH-04,25.45,7.0,Delivered
SHIP-000221,ORD-000221,WH-01,22.75,5.0,Delivered
SHIP-000222,ORD-000222,WH-02,19.75,11.0,Delivered
SHIP-000223,ORD-000223,WH-05,45.62,5.0,Shipped
SHIP-000224,ORD-000224,WH-05,18.56,5.0,Shipped
SHIP-000225,ORD-000225,WH-05,52.69,9.0,Delivered
SHIP-000226,ORD-000226,WH-01,29.82,6.0,Delivered
SHIP-000227,ORD-000227,WH-05,30.36,6.0,Shipped
SHIP-000228,ORD-000228,WH-03,16.59,5.0,Shipped
SHIP-000229,ORD-000229,WH-04,222.5,2.0,Delivered
SHIP-000230,ORD-000230,WH-03,43.18,4.0,Delivered
SHIP-000231,ORD-000231,WH-02,39.83,4.0,Delivered
SHIP-000232,ORD-000232,WH-04,32.7,7.0,Delivered
SHIP-000233,ORD-000233,WH-01,17.92,6.0,Delivered
SHIP-000234,ORD-000234,WH-03,110.75,4.0,Delivered
SHIP-000235,ORD-000235,WH-01,41.48,4.0,Delivered
SHIP-000236,ORD-000236,WH-05,15.49,2.0,Delivered
SHIP-000237,ORD-000237,WH-02,50.48,8.0,Delivered
SHIP-000238,ORD-000238,WH-01,48.47,5.0,Delivered
SHIP-000239,ORD-000239,WH-05,13.86,5.0,Delivered
SHIP-000240,ORD-000240,WH-04,45.82,9.0,Delivered
SHIP-000241,ORD-000241,WH-03,15.11,8.0,Delivered
SHIP-000242,ORD-000242,WH-03,13.16,8.0,Delivered
SHIP-000243,ORD-000243,WH-04,11.73,5.0,Shipped
SHIP-000244,ORD-000244,WH-02,44.89,,Shipped
SHIP-000245,ORD-000245,WH-05,19.45,9.0,Delivered
SHIP-000246,ORD-000246,WH-02,26.66,9.0,Delivered
SHIP-000247,ORD-000247,WH-01,53.23,9.0,Delivered
SHIP-000248,ORD-000248,WH-01,36.24,27.0,Cancelled
SHIP-000249,ORD-000249,WH-02,52.57,9.0,Cancelled
SHIP-000250,ORD-000250,WH-04,58.27,8.0,Cancelled
SHIP-000251,ORD-000251,WH-02,31.44,5.0,Shipped
SHIP-000252,ORD-000252,WH-02,30.67,10.0,Delivered
SHIP-000253,ORD-000253,WH-01,27.61,7.0,Cancelled
SHIP-000254,ORD-000254,WH-02,7.25,7.0,Delivered
SHIP-000255,ORD-000255,WH-03,22.17,8.0,Delivered
SHIP-000256,ORD-000256,WH-05,26.58,7.0,Cancelled
SHIP-000257,ORD-000257,WH-05,22.05,27.0,Delivered
SHIP-000258,ORD-000258,WH-02,30.52,5.0,Delivered
SHIP-000259,ORD-000259,WH-01,25.59,6.0,Delivered
SHIP-000260,ORD-000260,WH-05,45.23,2.0,Cancelled
SHIP-000261,ORD-000261,WH-04,52.44,9.0,Delivered
SHIP-000262,ORD-000262,WH-01,34.33,7.0,Cancelled
SHIP-000263,ORD-000263,WH-03,31.44,6.0,Delivered
SHIP-000264,ORD-000264,WH-03,196.29999999999998,9.0,Delivered
SHIP-000265,ORD-000265,WH-04,26.62,2.0,Delivered
SHIP-000266,ORD-000266,WH-01,45.31,3.0,Delivered
SHIP-000267,ORD-000267,WH-01,24.47,27.0,Delivered
SHIP-000268,ORD-000268,WH-03,222.7,9.0,Delivered
SHIP-000269,ORD-000269,WH-03,41.14,,Delivered
SHIP-000270,ORD-000270,WH-03,48.94,9.0,Delivered
SHIP-000271,ORD-000271,WH-05,48.09,6.0,Cancelled
SHIP-000272,ORD-000272,WH-02,51.48,4.0,Shipped
SHIP-000273,ORD-000273,WH-04,14.73,9.0,Cancelled
SHIP-000274,ORD-000274,WH-03,30.19,8.0,Delivered
SHIP-000275,ORD-000275,WH-03,44.59,22.0,Cancelled
SHIP-000276,ORD-000276,WH-01,48.79,2.0,Delivered
SHIP-000277,ORD-000277,WH-01,24.42,12.0,Delivered
SHIP-000278,ORD-000278,WH-03,18.45,3.0,Delivered
SHIP-000279,ORD-000279,WH-02,14.79,5.0,Cancelled
SHIP-000280,ORD-000280,WH-01,34.62,8.0,Cancelled
SHIP-000281,ORD-000281,WH-05,49.91,4.0,Delivered
SHIP-000282,ORD-000282,WH-03,43.85,,Delivered
SHIP-000283,ORD-000283,WH-04,29.81,9.0,Delivered
SHIP-000284,ORD-000284,WH-03,24.19,11.0,Delivered
SHIP-000285,ORD-000285,WH-03,6.14,9.0,Cancelled
SHIP-000286,ORD-000286,WH-04,30.4,2.0,Delivered
SHIP-000287,ORD-000287,WH-03,15.61,3.0,Cancelled
SHIP-000288,ORD-000288,WH-03,37.15,,Cancelled
SHIP-000289,ORD-000289,WH-05,43.64,10.0,Delivered
SHIP-000290,ORD-000290,WH-05,21.22,8.0,Delivered
SHIP-000291,ORD-000291,WH-01,40.47,9.0,Cancelled
SHIP-000292,ORD-000292,WH-01,15.63,10.0,Delivered
SHIP-000293,ORD-000293,WH-02,47.14,5.0,Delivered
SHIP-000294,ORD-000294,WH-03,48.86,8.0,Delivered
SHIP-000295,ORD-000295,WH-01,26.29,8.0,Cancelled
SHIP-000296,ORD-000296,WH-05,20.47,9.0,Delivered
SHIP-000297,ORD-000297,WH-01,41.46,6.0,Cancelled
SHIP-000298,ORD-000298,WH-03,23.24,,Delivered
SHIP-000299,ORD-000299,WH-01,36.46,10.0,Delivered
SHIP-000300,ORD-000300,WH-05,28.73,7.0,Shipped
SHIP-000301,ORD-000301,WH-04,7.81,5.0,Cancelled
SHIP-000302,ORD-000302,WH-01,39.99,5.0,Delivered
SHIP-000303,ORD-000303,WH-04,47.38,7.0,Delivered
SHIP-000304,ORD-000304,WH-01,34.3,5.0,Cancelled
SHIP-000305,ORD-000305,WH-04,38.95,4.0,Cancelled
SHIP-000306,ORD-000306,WH-04,46.78,5.0,Delivered
SHIP-000307,ORD-000307,WH-04,35.09,10.0,Delivered
SHIP-000308,ORD-000308,WH-03,14.82,9.0,Cancelled
SHIP-000309,ORD-000309,WH-02,29.25,5.0,Shipped
SHIP-000310,ORD-000310,WH-04,29.28,8.0,Delivered
SHIP-000311,ORD-000311,WH-02,14.78,9.0,Delivered
SHIP-000312,ORD-000312,WH-02,35.52,7.0,Delivered
SHIP-000313,ORD-000313,WH-05,44.39,28.0,Delivered
SHIP-000314,ORD-000314,WH-03,36.73,5.0,Shipped
SHIP-000315,ORD-000315,WH-02,7.67,8.0,Cancelled
SHIP-000316,ORD-000316,WH-02,42.86,9.0,Delivered
SHIP-000317,ORD-000317,WH-01,45.1,26.0,Shipped
SHIP-000318,ORD-000318,WH-01,33.26,8.0,Delivered
SHIP-000319,ORD-000319,WH-01,56.99,5.0,Shipped
SHIP-000320,ORD-000320,WH-04,39.34,27.0,Delivered
SHIP-000321,ORD-000321,WH-05,41.7,9.0,Shipped
SHIP-000322,ORD-000322,WH-02,35.58,5.0,Delivered
SHIP-000323,ORD-000323,WH-02,23.7,3.0,Delivered
SHIP-000324,ORD-000324,WH-03,27.58,7.0,Delivered
SHIP-000325,ORD-000325,WH-02,25.25,4.0,Delivered
SHIP-000326,ORD-000326,WH-01,21.66,6.0,Delivered
SHIP-000327,ORD-000327,WH-03,44.07,5.0,Cancelled
SHIP-000328,ORD-000328,WH-05,34.68,5.0,Shipped
SHIP-000329,ORD-000329,WH-03,43.51,10.0,Cancelled
SHIP-000330,ORD-000330,WH-03,11.34,6.0,Shipped
SHIP-000331,ORD-000331,WH-05,18.58,5.0,Cancelled
SHIP-000332,ORD-000332,WH-01,33.02,5.0,Delivered
SHIP-000333,ORD-000333,WH-03,38.0,26.0,Delivered
SHIP-000334,ORD-000334,WH-03,43.13,3.0,Delivered
SHIP-000335,ORD-000335,WH-05,260.79999999999995,2.0,Cancelled
SHIP-000336,ORD-000336,WH-03,10.27,8.0,Delivered
SHIP-000337,ORD-000337,WH-03,37.34,6.0,Delivered
SHIP-000338,ORD-000338,WH-01,231.14999999999998,3.0,Cancelled
SHIP-000339,ORD-000339,WH-04,50.14,10.0,Delivered
SHIP-000340,ORD-000340,WH-02,25.11,10.0,Delivered
SHIP-000341,ORD-000341,WH-04,39.56,8.0,Shipped
SHIP-000342,ORD-000342,WH-05,23.0,2.0,Cancelled
SHIP-000343,ORD-000343,WH-04,46.550000000000004,24.0,Delivered
SHIP-000344,ORD-000344,WH-03,24.91,6.0,Delivered
SHIP-000345,ORD-000345,WH-03,27.51,7.0,Cancelled
SHIP-000346,ORD-000346,WH-02,15.13,6.0,Delivered
SHIP-000347,ORD-000347,WH-02,46.62,22.0,Delivered
SHIP-000348,ORD-000348,WH-05,17.24,3.0,Cancelled
SHIP-000349,ORD-000349,WH-01,45.17,12.0,Shipped
SHIP-000350,ORD-000350,WH-04,33.44,8.0,Delivered
SHIP-000351,ORD-000351,WH-01,16.17,4.0,Delivered
SHIP-000352,ORD-000352,WH-03,40.35,10.0,Delivered
SHIP-000353,ORD-000353,WH-04,16.44,6.0,Cancelled
SHIP-000354,ORD-000354,WH-02,49.34,4.0,Delivered
SHIP-000355,ORD-000355,WH-05,6.5,7.0,Delivered
SHIP-000356,ORD-000356,WH-05,37.91,3.0,Delivered
SHIP-000357,ORD-000357,WH-04,47.44,11.0,Shipped
SHIP-000358,ORD-000358,WH-04,35.18,5.0,Delivered
SHIP-000359,ORD-000359,WH-04,13.23,4.0,Delivered
SHIP-000360,ORD-000360,WH-05,27.56,3.0,Delivered
SHIP-000361,ORD-000361,WH-03,44.92,6.0,Delivered
SHIP-000362,ORD-000362,WH-05,43.36,4.0,Shipped
SHIP-000363,ORD-000363,WH-05,28.7,7.0,Delivered
SHIP-000364,ORD-000364,WH-04,55.59,8.0,Cancelled
SHIP-000365,ORD-000365,WH-03,42.92,6.0,Delivered
SHIP-000366,ORD-000366,WH-05,15.61,4.0,Delivered
SHIP-000367,ORD-000367,WH-05,15.07,7.0,Shipped
SHIP-000368,ORD-000368,WH-01,54.67,5.0,Delivered
SHIP-000369,ORD-000369,WH-04,18.33,12.0,Cancelled
SHIP-000370,ORD-000370,WH-05,34.56,8.0,Delivered
SHIP-000371,ORD-000371,WH-01,52.56,7.0,Delivered
SHIP-000372,ORD-000372,WH-02,36.27,12.0,Shipped
SHIP-000373,ORD-000373,WH-04,21.31,6.0,Shipped
SHIP-000374,ORD-000374,WH-02,18.84,7.0,Shipped
SHIP-000375,ORD-000375,WH-05,37.3,2.0,Delivered
SHIP-000376,ORD-000376,WH-01,46.98,10.0,Cancelled
SHIP-000377,ORD-000377,WH-04,20.85,8.0,Delivered
SHIP-000378,ORD-000378,WH-01,21.1,7.0,Cancelled
SHIP-000379,ORD-000379,WH-03,17.58,10.0,Delivered
SHIP-000380,ORD-000380,WH-02,36.98,9.0,Shipped
SHIP-000381,ORD-000381,WH-05,33.1,9.0,Delivered
SHIP-000382,ORD-000382,WH-05,22.22,8.0,Shipped
SHIP-000383,ORD-000383,WH-05,47.49,7.0,Delivered
SHIP-000384,ORD-000384,WH-01,23.26,6.0,Delivered
SHIP-000385,ORD-000385,WH-01,27.34,9.0,Delivered
SHIP-000386,ORD-000386,WH-02,47.28,5.0,Delivered
SHIP-000387,ORD-000387,WH-02,50.89,2.0,Delivered
SHIP-000388,ORD-000388,WH-02,36.38,3.0,Delivered
SHIP-000389,ORD-000389,WH-01,45.64,4.0,Delivered
SHIP-000390,ORD-000390,WH-03,41.1,8.0,Delivered
SHIP-000391,ORD-000391,WH-02,55.81,12.0,Delivered
SHIP-000392,ORD-000392,WH-03,29.35,10.0,Cancelled
SHIP-000393,ORD-000393,WH-04,38.41,9.0,Delivered
SHIP-000394,ORD-000394,WH-05,22.81,9.0,Shipped
SHIP-000395,ORD-000395,WH-01,8.02,11.0,Delivered
SHIP-000396,ORD-000396,WH-03,14.09,7.0,Cancelled
SHIP-000397,ORD-000397,WH-03,26.37,8.0,Cancelled
SHIP-000398,ORD-000398,WH-03,13.03,7.0,Delivered
SHIP-000399,ORD-000399,WH-04,14.15,7.0,Delivered
SHIP-000400,ORD-000400,WH-04,41.06,8.0,Delivered
SHIP-000401,ORD-000401,WH-03,36.82,9.0,Delivered
SHIP-000402,ORD-000402,WH-04,41.47,9.0,Cancelled
SHIP-000403,ORD-000403,WH-04,27.89,5.0,Cancelled
SHIP-000404,ORD-000404,WH-03,44.63,8.0,Cancelled
SHIP-000405,ORD-000405,WH-04,27.54,7.0,Delivered
SHIP-000406,ORD-000406,WH-03,55.96,8.0,Shipped
SHIP-000407,ORD-000407,WH-02,49.88,8.0,Delivered
SHIP-000408,ORD-000408,WH-05,37.82,11.0,Shipped
SHIP-000409,ORD-000409,WH-01,40.55,10.0,Shipped
SHIP-000410,ORD-000410,WH-02,14.93,6.0,Delivered
SHIP-000411,ORD-000411,WH-02,15.12,11.0,Cancelled
SHIP-000412,ORD-000412,WH-05,73.75,8.0,Delivered
SHIP-000413,ORD-000413,WH-01,52.71,6.0,Delivered
SHIP-000414,ORD-000414,WH-03,14.71,9.0,Cancelled
SHIP-000415,ORD-000415,WH-03,22.66,7.0,Delivered
SHIP-000416,ORD-000416,WH-04,15.18,12.0,Cancelled
SHIP-000417,ORD-000417,WH-04,42.62,2.0,Delivered
SHIP-000418,ORD-000418,WH-02,10.1,6.0,Shipped
SHIP-000419,ORD-000419,WH-01,18.56,7.0,Cancelled
SHIP-000420,ORD-000420,WH-04,38.61,5.0,Delivered
SHIP-000421,ORD-000421,WH-01,34.57,,Delivered
SHIP-000422,ORD-000422,WH-01,42.48,3.0,Delivered
SHIP-000423,ORD-000423,WH-05,45.56,4.0,Delivered
SHIP-000424,ORD-000424,WH-04,41.72,9.0,Shipped
SHIP-000425,ORD-000425,WH-02,48.51,4.0,Delivered
SHIP-000426,ORD-000426,WH-04,20.42,5.0,Delivered
SHIP-000427,ORD-000427,WH-05,20.67,12.0,Delivered
SHIP-000428,ORD-000428,WH-04,40.58,5.0,Delivered
SHIP-000429,ORD-000429,WH-01,48.47,4.0,Delivered
SHIP-000430,ORD-000430,WH-05,9.96,4.0,Delivered
SHIP-000431,ORD-000431,WH-04,37.81,10.0,Cancelled
SHIP-000432,ORD-000432,WH-05,32.27,3.0,Delivered
SHIP-000433,ORD-000433,WH-04,53.19,4.0,Delivered
SHIP-000434,ORD-000434,WH-01,44.18,5.0,Delivered
SHIP-000435,ORD-000435,WH-01,20.3,2.0,Delivered
SHIP-000436,ORD-000436,WH-05,27.58,9.0,Delivered
SHIP-000437,ORD-000437,WH-01,28.99,27.0,Delivered
SHIP-000438,ORD-000438,WH-02,51.02,8.0,Cancelled
SHIP-000439,ORD-000439,WH-04,8.36,7.0,Delivered
SHIP-000440,ORD-000440,WH-05,45.67,29.0,Delivered
SHIP-000441,ORD-000441,WH-04,45.69,9.0,Delivered
SHIP-000442,ORD-000442,WH-04,54.12,12.0,Delivered
SHIP-000443,ORD-000443,WH-03,11.3,5.0,Delivered
SHIP-000444,ORD-000444,WH-05,30.85,9.0,Delivered
SHIP-000445,ORD-000445,WH-05,44.8,11.0,Delivered
SHIP-000446,ORD-000446,WH-05,21.45,30.0,Delivered
SHIP-000447,ORD-000447,WH-01,44.15,4.0,Cancelled
SHIP-000448,ORD-000448,WH-05,34.36,6.0,Delivered
SHIP-000449,ORD-000449,WH-05,43.49,6.0,Delivered
SHIP-000450,ORD-000450,WH-04,39.98,4.0,Delivered
SHIP-000451,ORD-000451,WH-01,52.89,22.0,Delivered
SHIP-000452,ORD-000452,WH-02,20.64,4.0,Delivered
SHIP-000453,ORD-000453,WH-04,22.63,5.0,Delivered
SHIP-000454,ORD-000454,WH-02,17.35,6.0,Shipped
SHIP-000455,ORD-000455,WH-05,128.8,7.0,Delivered
SHIP-000456,ORD-000456,WH-05,34.28,9.0,Shipped
SHIP-000457,ORD-000457,WH-03,30.13,7.0,Delivered
SHIP-000458,ORD-000458,WH-03,10.12,7.0,Cancelled
SHIP-000459,ORD-000459,WH-03,42.16,7.0,Cancelled
SHIP-000460,ORD-000460,WH-04,23.48,3.0,Delivered
SHIP-000461,ORD-000461,WH-03,49.67,5.0,Delivered
SHIP-000462,ORD-000462,WH-05,33.18,9.0,Delivered
SHIP-000463,ORD-000463,WH-03,25.05,3.0,Delivered
SHIP-000464,ORD-000464,WH-05,25.48,8.0,Cancelled
SHIP-000465,ORD-000465,WH-05,12.73,26.0,Delivered
SHIP-000466,ORD-000466,WH-05,18.19,5.0,Delivered
SHIP-000467,ORD-000467,WH-04,34.42,2.0,Cancelled
SHIP-000468,ORD-000468,WH-02,39.28,8.0,Delivered
SHIP-000469,ORD-000469,WH-04,46.44,29.0,Delivered
SHIP-000470,ORD-000470,WH-03,25.52,6.0,Delivered
SHIP-000471,ORD-000471,WH-04,26.92,5.0,Shipped
SHIP-000472,ORD-000472,WH-03,35.23,2.0,Cancelled
SHIP-000473,ORD-000473,WH-03,21.89,2.0,Shipped
SHIP-000474,ORD-000474,WH-02,15.19,8.0,Delivered
SHIP-000475,ORD-000475,WH-01,40.84,11.0,Cancelled
SHIP-000476,ORD-000476,WH-05,136.45,8.0,Delivered
SHIP-000477,ORD-000477,WH-01,139.25,7.0,Delivered
SHIP-000478,ORD-000478,WH-03,39.19,10.0,Delivered
SHIP-000479,ORD-000479,WH-01,37.66,6.0,Shipped
SHIP-000480,ORD-000480,WH-02,51.45,6.0,Shipped
SHIP-000481,ORD-000481,WH-02,39.74,3.0,Delivered
SHIP-000482,ORD-000482,WH-01,13.88,10.0,Cancelled
SHIP-000483,ORD-000483,WH-03,27.0,7.0,Delivered
SHIP-000484,ORD-000484,WH-04,20.78,3.0,Delivered
SHIP-000485,ORD-000485,WH-03,46.03,6.0,Delivered
SHIP-000486,ORD-000486,WH-01,13.16,2.0,Delivered
SHIP-000487,ORD-000487,WH-03,33.6,5.0,Delivered
SHIP-000488,ORD-000488,WH-05,35.94,4.0,Shipped
SHIP-000489,ORD-000489,WH-03,48.02,3.0,Delivered
SHIP-000490,ORD-000490,WH-01,38.97,11.0,Cancelled
SHIP-000491,ORD-000491,WH-01,16.18,4.0,Cancelled
SHIP-000492,ORD-000492,WH-02,38.18,6.0,Delivered
SHIP-000493,ORD-000493,WH-02,35.99,8.0,Shipped
SHIP-000494,ORD-000494,WH-01,13.37,4.0,Delivered
SHIP-000495,ORD-000495,WH-05,43.1,29.0,Delivered
SHIP-000496,ORD-000496,WH-02,41.89,9.0,Cancelled
SHIP-000497,ORD-000497,WH-02,44.03,5.0,Delivered
SHIP-000498,ORD-000498,WH-04,50.56,4.0,Delivered
SHIP-000499,ORD-000499,WH-02,40.56,9.0,Delivered
SHIP-000500,ORD-000500,WH-02,40.7,3.0,Delivered
SHIP-000501,ORD-000501,WH-03,16.59,8.0,Cancelled
SHIP-000502,ORD-000502,WH-03,22.47,5.0,Delivered
SHIP-000503,ORD-000503,WH-05,40.53,29.0,Delivered
SHIP-000504,ORD-000504,WH-04,32.25,6.0,Delivered
SHIP-000505,ORD-000505,WH-05,27.8,7.0,Shipped
SHIP-000506,ORD-000506,WH-03,12.76,10.0,Cancelled
SHIP-000507,ORD-000507,WH-02,49.27,3.0,Delivered
SHIP-000508,ORD-000508,WH-02,30.66,11.0,Shipped
SHIP-000509,ORD-000509,WH-01,17.6,6.0,Delivered
SHIP-000510,ORD-000510,WH-03,14.79,5.0,Delivered
SHIP-000511,ORD-000511,WH-02,39.06,5.0,Shipped
SHIP-000512,ORD-000512,WH-01,25.05,2.0,Delivered
SHIP-000513,ORD-000513,WH-03,20.85,3.0,Cancelled
SHIP-000514,ORD-000514,WH-03,41.94,3.0,Delivered
SHIP-000515,ORD-000515,WH-05,40.35,5.0,Delivered
SHIP-000516,ORD-000516,WH-03,52.63,12.0,Delivered
SHIP-000517,ORD-000517,WH-05,20.08,4.0,Shipped
SHIP-000518,ORD-000518,WH-03,34.9,8.0,Delivered
SHIP-000519,ORD-000519,WH-01,28.58,6.0,Delivered
SHIP-000520,ORD-000520,WH-02,17.34,5.0,Cancelled
SHIP-000521,ORD-000521,WH-05,26.7,7.0,Delivered
SHIP-000522,ORD-000522,WH-04,47.55,7.0,Cancelled
SHIP-000523,ORD-000523,WH-04,30.16,2.0,Delivered
SHIP-000524,ORD-000524,WH-02,15.39,5.0,Cancelled
SHIP-000525,ORD-000525,WH-02,19.51,9.0,Shipped
SHIP-000526,ORD-000526,WH-03,48.49,3.0,Delivered
SHIP-000527,ORD-000527,WH-04,11.5,7.0,Delivered
SHIP-000528,ORD-000528,WH-04,23.65,4.0,Delivered
SHIP-000529,ORD-000529,WH-05,148.65,4.0,Delivered
SHIP-000530,ORD-000530,WH-03,43.11,6.0,Delivered
SHIP-000531,ORD-000531,WH-05,16.91,9.0,Delivered
SHIP-000532,ORD-000532,WH-04,18.78,8.0,Cancelled
SHIP-000533,ORD-000533,WH-03,41.69,9.0,Delivered
SHIP-000534,ORD-000534,WH-01,42.49,5.0,Delivered
SHIP-000535,ORD-000535,WH-01,36.56,3.0,Delivered
SHIP-000536,ORD-000536,WH-03,21.29,6.0,Delivered
SHIP-000537,ORD-000537,WH-05,9.34,8.0,Delivered
SHIP-000538,ORD-000538,WH-02,27.34,6.0,Shipped
SHIP-000539,ORD-000539,WH-04,19.43,8.0,Delivered
SHIP-000540,ORD-000540,WH-01,16.2,4.0,Cancelled
SHIP-000541,ORD-000541,WH-05,12.34,,Delivered
SHIP-000542,ORD-000542,WH-03,41.22,10.0,Cancelled
SHIP-000543,ORD-000543,WH-03,41.43,6.0,Delivered
SHIP-000544,ORD-000544,WH-01,49.56,3.0,Cancelled
SHIP-000545,ORD-000545,WH-04,10.59,6.0,Shipped
SHIP-000546,ORD-000546,WH-03,51.29,3.0,Delivered
SHIP-000547,ORD-000547,WH-04,44.61,6.0,Delivered
SHIP-000548,ORD-000548,WH-03,14.26,4.0,Cancelled
SHIP-000549,ORD-000549,WH-03,48.54,9.0,Shipped
SHIP-000550,ORD-000550,WH-01,31.88,7.0,Shipped
SHIP-000551,ORD-000551,WH-04,34.69,6.0,Delivered
SHIP-000552,ORD-000552,WH-01,29.08,2.0,Shipped
SHIP-000553,ORD-000553,WH-02,12.71,,Shipped
SHIP-000554,ORD-000554,WH-03,50.25,2.0,Delivered
SHIP-000555,ORD-000555,WH-01,161.4,29.0,Shipped
SHIP-000556,ORD-000556,WH-03,53.26,4.0,Delivered
SHIP-000557,ORD-000557,WH-01,49.35,7.0,Delivered
SHIP-000558,ORD-000558,WH-02,28.95,5.0,Shipped
SHIP-000559,ORD-000559,WH-05,20.41,6.0,Delivered
SHIP-000560,ORD-000560,WH-04,34.63,8.0,Delivered
SHIP-000561,ORD-000561,WH-01,20.58,7.0,Delivered
SHIP-000562,ORD-000562,WH-02,12.58,11.0,Delivered
SHIP-000563,ORD-000563,WH-02,54.28,10.0,Delivered
SHIP-000564,ORD-000564,WH-01,44.46,4.0,Delivered
SHIP-000565,ORD-000565,WH-01,33.06,7.0,Delivered
SHIP-000566,ORD-000566,WH-01,26.1,8.0,Delivered
SHIP-000567,ORD-000567,WH-03,30.57,11.0,Delivered
SHIP-000568,ORD-000568,WH-01,19.21,,Shipped
SHIP-000569,ORD-000569,WH-01,24.33,7.0,Delivered
SHIP-000570,ORD-000570,WH-01,52.01,9.0,Delivered
SHIP-000571,ORD-000571,WH-03,21.0,4.0,Delivered
SHIP-000572,ORD-000572,WH-01,19.5,12.0,Delivered
SHIP-000573,ORD-000573,WH-02,35.0,3.0,Delivered
SHIP-000574,ORD-000574,WH-05,46.31,4.0,Delivered
SHIP-000575,ORD-000575,WH-05,12.95,3.0,Cancelled
SHIP-000576,ORD-000576,WH-04,21.88,6.0,Delivered
SHIP-000577,ORD-000577,WH-04,9.18,8.0,Cancelled
SHIP-000578,ORD-000578,WH-05,19.18,4.0,Delivered
SHIP-000579,ORD-000579,WH-01,36.01,,Delivered
SHIP-000580,ORD-000580,WH-03,41.55,10.0,Delivered
SHIP-000581,ORD-000581,WH-05,39.49,5.0,Delivered
SHIP-000582,ORD-000582,WH-04,18.15,6.0,Delivered
SHIP-000583,ORD-000583,WH-01,17.81,6.0,Delivered
SHIP-000584,ORD-000584,WH-01,16.89,8.0,Delivered
SHIP-000585,ORD-000585,WH-02,37.67,6.0,Cancelled
SHIP-000586,ORD-000586,WH-03,10.02,10.0,Delivered
SHIP-000587,ORD-000587,WH-02,14.4,2.0,Delivered
SHIP-000588,ORD-000588,WH-02,48.17,7.0,Delivered
SHIP-000589,ORD-000589,WH-02,49.24,5.0,Shipped
SHIP-000590,ORD-000590,WH-01,42.32,5.0,Shipped
SHIP-000591,ORD-000591,WH-02,18.58,9.0,Delivered
SHIP-000592,ORD-000592,WH-02,32.8,6.0,Delivered
SHIP-000593,ORD-000593,WH-04,12.3,5.0,Delivered
SHIP-000594,ORD-000594,WH-01,41.02,9.0,Delivered
SHIP-000595,ORD-000595,WH-05,26.46,3.0,Cancelled
SHIP-000596,ORD-000596,WH-04,47.06,12.0,Shipped
SHIP-000597,ORD-000597,WH-02,14.23,5.0,Delivered
SHIP-000598,ORD-000598,WH-04,36.52,26.0,Delivered
SHIP-000599,ORD-000599,WH-03,49.54,7.0,Shipped
SHIP-000600,ORD-000600,WH-04,53.07,9.0,Delivered
SHIP-000601,ORD-000601,WH-02,33.61,8.0,Shipped
SHIP-000602,ORD-000602,WH-05,17.03,4.0,Cancelled
SHIP-000603,ORD-000603,WH-03,13.38,10.0,Delivered
SHIP-000604,ORD-000604,WH-04,56.57,7.0,Delivered
SHIP-000605,ORD-000605,WH-05,50.43,6.0,Shipped
SHIP-000606,ORD-000606,WH-05,27.25,10.0,Delivered
SHIP-000607,ORD-000607,WH-04,46.27,3.0,Shipped
SHIP-000608,ORD-000608,WH-01,15.45,9.0,Delivered
SHIP-000609,ORD-000609,WH-04,16.21,7.0,Delivered
SHIP-000610,ORD-000610,WH-03,14.32,12.0,Cancelled
SHIP-000611,ORD-000611,WH-03,47.39,31.0,Cancelled
SHIP-000612,ORD-000612,WH-04,13.84,5.0,Delivered
SHIP-000613,ORD-000613,WH-02,33.9,8.0,Delivered
SHIP-000614,ORD-000614,WH-03,48.89,4.0,Delivered
SHIP-000615,ORD-000615,WH-05,35.44,,Delivered
SHIP-000616,ORD-000616,WH-01,41.72,5.0,Delivered
SHIP-000617,ORD-000617,WH-04,45.5,8.0,Delivered
SHIP-000618,ORD-000618,WH-01,45.81,28.0,Delivered
SHIP-000619,ORD-000619,WH-01,48.15,9.0,Cancelled
SHIP-000620,ORD-000620,WH-02,149.75,6.0,Delivered
SHIP-000621,ORD-000621,WH-01,25.69,6.0,Cancelled
SHIP-000622,ORD-000622,WH-04,52.92,3.0,Delivered
SHIP-000623,ORD-000623,WH-05,28.86,,Cancelled
SHIP-000624,ORD-000624,WH-01,43.81,4.0,Delivered
SHIP-000625,ORD-000625,WH-04,16.59,12.0,Shipped
SHIP-000626,ORD-000626,WH-01,13.36,6.0,Delivered
SHIP-000627,ORD-000627,WH-01,41.17,9.0,Shipped
SHIP-000628,ORD-000628,WH-03,40.12,9.0,Delivered
SHIP-000629,ORD-000629,WH-02,57.06,9.0,Shipped
SHIP-000630,ORD-000630,WH-01,43.09,8.0,Delivered
SHIP-000631,ORD-000631,WH-03,17.57,9.0,Delivered
SHIP-000632,ORD-000632,WH-03,40.47,6.0,Delivered
SHIP-000633,ORD-000633,WH-05,13.66,5.0,Delivered
SHIP-000634,ORD-000634,WH-03,40.89,10.0,Cancelled
SHIP-000635,ORD-000635,WH-05,44.08,8.0,Delivered
SHIP-000636,ORD-000636,WH-04,16.45,2.0,Cancelled
SHIP-000637,ORD-000637,WH-02,17.98,,Cancelled
SHIP-000638,ORD-000638,WH-03,46.34,3.0,Delivered
SHIP-000639,ORD-000639,WH-04,24.22,2.0,Delivered
SHIP-000640,ORD-000640,WH-04,17.29,10.0,Shipped
SHIP-000641,ORD-000641,WH-01,19.98,5.0,Delivered
SHIP-000642,ORD-000642,WH-04,44.78,8.0,Delivered
SHIP-000643,ORD-000643,WH-02,11.59,6.0,Cancelled
SHIP-000644,ORD-000644,WH-04,28.08,5.0,Cancelled
SHIP-000645,ORD-000645,WH-04,6.3,9.0,Delivered
SHIP-000646,ORD-000646,WH-04,23.82,5.0,Cancelled
SHIP-000647,ORD-000647,WH-03,49.57,9.0,Delivered
SHIP-000648,ORD-000648,WH-02,35.69,5.0,Delivered
SHIP-000649,ORD-000649,WH-03,38.52,8.0,Delivered
SHIP-000650,ORD-000650,WH-03,17.89,9.0,Delivered
SHIP-000651,ORD-000651,WH-04,38.41,2.0,Delivered
SHIP-000652,ORD-000652,WH-01,49.75,3.0,Cancelled
SHIP-000653,ORD-000653,WH-03,42.5,8.0,Delivered
SHIP-000654,ORD-000654,WH-01,9.55,23.0,Delivered
SHIP-000655,ORD-000655,WH-02,15.69,9.0,Delivered
SHIP-000656,ORD-000656,WH-05,32.66,5.0,Delivered
SHIP-000657,ORD-000657,WH-02,24.85,7.0,Shipped
SHIP-000658,ORD-000658,WH-05,41.25,8.0,Delivered
SHIP-000659,ORD-000659,WH-03,34.02,8.0,Delivered
SHIP-000660,ORD-000660,WH-04,49.45,5.0,Delivered
SHIP-000661,ORD-000661,WH-03,17.21,7.0,Delivered
SHIP-000662,ORD-000662,WH-01,28.05,9.0,Delivered
SHIP-000663,ORD-000663,WH-05,13.89,2.0,Delivered
SHIP-000664,ORD-000664,WH-04,45.34,2.0,Cancelled
SHIP-000665,ORD-000665,WH-02,33.13,11.0,Delivered
SHIP-000666,ORD-000666,WH-01,34.96,6.0,Delivered
SHIP-000667,ORD-000667,WH-05,44.91,6.0,Cancelled
SHIP-000668,ORD-000668,WH-05,29.06,4.0,Delivered
SHIP-000669,ORD-000669,WH-02,222.8,6.0,Delivered
SHIP-000670,ORD-000670,WH-05,37.76,12.0,Delivered
SHIP-000671,ORD-000671,WH-02,48.52,3.0,Shipped
SHIP-000672,ORD-000672,WH-04,33.46,5.0,Delivered
SHIP-000673,ORD-000673,WH-03,18.4,2.0,Delivered
SHIP-000674,ORD-000674,WH-04,14.94,7.0,Delivered
SHIP-000675,ORD-000675,WH-05,33.6,4.0,Delivered
SHIP-000676,ORD-000676,WH-05,24.81,2.0,Cancelled
SHIP-000677,ORD-000677,WH-05,11.15,9.0,Cancelled
SHIP-000678,ORD-000678,WH-01,31.39,6.0,Delivered
SHIP-000679,ORD-000679,WH-05,15.06,2.0,Delivered
SHIP-000680,ORD-000680,WH-02,33.17,2.0,Shipped
SHIP-000681,ORD-000681,WH-02,10.87,5.0,Delivered
SHIP-000682,ORD-000682,WH-05,42.8,2.0,Delivered
SHIP-000683,ORD-000683,WH-04,49.02,,Delivered
SHIP-000684,ORD-000684,WH-04,54.35,8.0,Shipped
SHIP-000685,ORD-000685,WH-02,28.45,2.0,Delivered
SHIP-000686,ORD-000686,WH-01,41.17,5.0,Delivered
SHIP-000687,ORD-000687,WH-05,22.4,6.0,Delivered
SHIP-000688,ORD-000688,WH-03,138.75,12.0,Delivered
SHIP-000689,ORD-000689,WH-03,5.71,7.0,Delivered
SHIP-000690,ORD-000690,WH-01,9.91,7.0,Delivered
SHIP-000691,ORD-000691,WH-04,37.56,5.0,Delivered
SHIP-000692,ORD-000692,WH-01,45.98,8.0,Delivered
SHIP-000693,ORD-000693,WH-01,15.11,6.0,Delivered
SHIP-000694,ORD-000694,WH-02,21.8,2.0,Delivered
SHIP-000695,ORD-000695,WH-03,39.94,,Delivered
SHIP-000696,ORD-000696,WH-03,14.15,10.0,Delivered
SHIP-000697,ORD-000697,WH-03,18.88,12.0,Cancelled
SHIP-000698,ORD-000698,WH-04,36.54,9.0,Cancelled
SHIP-000699,ORD-000699,WH-03,55.15,8.0,Cancelled
SHIP-000700,ORD-000700,WH-02,11.07,7.0,Shipped
SHIP-000701,ORD-000701,WH-04,46.32,7.0,Cancelled
SHIP-000702,ORD-000702,WH-04,12.54,4.0,Delivered
SHIP-000703,ORD-000703,WH-02,17.46,5.0,Delivered
SHIP-000704,ORD-000704,WH-02,42.7,9.0,Delivered
SHIP-000705,ORD-000705,WH-05,31.03,6.0,Shipped
SHIP-000706,ORD-000706,WH-05,20.14,6.0,Shipped
SHIP-000707,ORD-000707,WH-01,33.59,6.0,Delivered
SHIP-000708,ORD-000708,WH-05,17.65,5.0,Delivered
SHIP-000709,ORD-000709,WH-02,56.05,7.0,Delivered
SHIP-000710,ORD-000710,WH-05,37.13,8.0,Delivered
SHIP-000711,ORD-000711,WH-04,9.81,10.0,Delivered
SHIP-000712,ORD-000712,WH-03,38.13,9.0,Shipped
SHIP-000713,ORD-000713,WH-05,9.65,7.0,Cancelled
SHIP-000714,ORD-000714,WH-01,33.5,2.0,Cancelled
SHIP-000715,ORD-000715,WH-05,44.95,5.0,Delivered
SHIP-000716,ORD-000716,WH-01,14.7,5.0,Delivered
SHIP-000717,ORD-000717,WH-02,144.14999999999998,9.0,Delivered
SHIP-000718,ORD-000718,WH-01,15.44,9.0,Shipped
SHIP-000719,ORD-000719,WH-02,49.25,2.0,Cancelled
SHIP-000720,ORD-000720,WH-05,20.23,27.0,Delivered
SHIP-000721,ORD-000721,WH-04,42.08,9.0,Delivered
SHIP-000722,ORD-000722,WH-05,42.51,2.0,Delivered
SHIP-000723,ORD-000723,WH-04,45.91,7.0,Delivered
SHIP-000724,ORD-000724,WH-04,38.64,9.0,Delivered
SHIP-000725,ORD-000725,WH-01,16.34,2.0,Shipped
SHIP-000726,ORD-000726,WH-03,21.71,10.0,Shipped
SHIP-000727,ORD-000727,WH-01,35.93,9.0,Delivered
SHIP-000728,ORD-000728,WH-01,48.02,8.0,Delivered
SHIP-000729,ORD-000729,WH-02,24.54,2.0,Delivered
SHIP-000730,ORD-000730,WH-01,39.51,6.0,Delivered
SHIP-000731,ORD-000731,WH-02,47.44,29.0,Cancelled
SHIP-000732,ORD-000732,WH-02,90.19999999999999,7.0,Delivered
SHIP-000733,ORD-000733,WH-01,38.79,11.0,Delivered
SHIP-000734,ORD-000734,WH-02,9.28,4.0,Delivered
SHIP-000735,ORD-000735,WH-02,21.02,12.0,Delivered
SHIP-000736,ORD-000736,WH-01,41.97,6.0,Delivered
SHIP-000737,ORD-000737,WH-05,23.88,2.0,Delivered
SHIP-000738,ORD-000738,WH-02,44.29,4.0,Delivered
SHIP-000739,ORD-000739,WH-04,16.39,9.0,Delivered
SHIP-000740,ORD-000740,WH-05,71.7,5.0,Shipped
SHIP-000741,ORD-000741,WH-05,30.71,25.0,Shipped
SHIP-000742,ORD-000742,WH-05,39.65,9.0,Delivered
SHIP-000743,ORD-000743,WH-04,44.050000000000004,6.0,Delivered
SHIP-000744,ORD-000744,WH-05,31.07,,Shipped
SHIP-000745,ORD-000745,WH-03,29.94,7.0,Delivered
SHIP-000746,ORD-000746,WH-05,47.85,7.0,Delivered
SHIP-000747,ORD-000747,WH-04,45.52,9.0,Delivered
SHIP-000748,ORD-000748,WH-01,9.89,7.0,Delivered
SHIP-000749,ORD-000749,WH-04,36.2,2.0,Shipped
SHIP-000750,ORD-000750,WH-02,15.77,5.0,Cancelled
SHIP-000751,ORD-000751,WH-02,33.03,3.0,Delivered
SHIP-000752,ORD-000752,WH-03,35.57,2.0,Delivered
SHIP-000753,ORD-000753,WH-03,44.06,6.0,Delivered
SHIP-000754,ORD-000754,WH-03,40.48,4.0,Delivered
SHIP-000755,ORD-000755,WH-05,43.86,10.0,Cancelled
SHIP-000756,ORD-000756,WH-02,53.25,7.0,Delivered
SHIP-000757,ORD-000757,WH-02,23.16,,Shipped
SHIP-000758,ORD-000758,WH-01,33.93,5.0,Shipped
SHIP-000759,ORD-000759,WH-02,25.53,8.0,Delivered
SHIP-000760,ORD-000760,WH-04,19.0,4.0,Delivered
SHIP-000761,ORD-000761,WH-04,30.78,10.0,Delivered
SHIP-000762,ORD-000762,WH-05,15.72,7.0,Shipped
SHIP-000763,ORD-000763,WH-05,34.93,9.0,Delivered
SHIP-000764,ORD-000764,WH-05,38.12,8.0,Delivered
SHIP-000765,ORD-000765,WH-01,11.76,4.0,Delivered
SHIP-000766,ORD-000766,WH-04,18.69,2.0,Delivered
SHIP-000767,ORD-000767,WH-02,49.43,6.0,Delivered
SHIP-000768,ORD-000768,WH-05,55.18,9.0,Delivered
SHIP-000769,ORD-000769,WH-03,44.6,6.0,Shipped
SHIP-000770,ORD-000770,WH-01,49.43,8.0,Delivered
SHIP-000771,ORD-000771,WH-03,50.59,5.0,Cancelled
SHIP-000772,ORD-000772,WH-01,49.35,9.0,Delivered
SHIP-000773,ORD-000773,WH-04,43.5,7.0,Cancelled
SHIP-000774,ORD-000774,WH-03,33.94,2.0,Delivered
SHIP-000775,ORD-000775,WH-03,45.53,7.0,Cancelled
SHIP-000776,ORD-000776,WH-01,270.35,3.0,Delivered
SHIP-000777,ORD-000777,WH-03,30.42,9.0,Delivered
SHIP-000778,ORD-000778,WH-01,49.41,6.0,Delivered
SHIP-000779,ORD-000779,WH-03,50.44,10.0,Delivered
SHIP-000780,ORD-000780,WH-01,17.31,7.0,Delivered
SHIP-000781,ORD-000781,WH-01,23.98,7.0,Delivered
SHIP-000782,ORD-000782,WH-01,11.54,5.0,Delivered
SHIP-000783,ORD-000783,WH-05,18.99,2.0,Delivered
SHIP-000784,ORD-000784,WH-05,13.06,12.0,Cancelled
SHIP-000785,ORD-000785,WH-05,21.03,8.0,Delivered
SHIP-000786,ORD-000786,WH-01,45.59,12.0,Delivered
SHIP-000787,ORD-000787,WH-01,14.96,8.0,Delivered
SHIP-000788,ORD-000788,WH-01,28.86,4.0,Delivered
SHIP-000789,ORD-000789,WH-01,13.57,9.0,Delivered
SHIP-000790,ORD-000790,WH-02,23.01,9.0,Delivered
SHIP-000791,ORD-000791,WH-04,43.64,2.0,Delivered
SHIP-000792,ORD-000792,WH-01,40.42,10.0,Delivered
SHIP-000793,ORD-000793,WH-02,43.27,,Shipped
SHIP-000794,ORD-000794,WH-04,36.96,5.0,Delivered
SHIP-000795,ORD-000795,WH-03,18.13,9.0,Delivered
SHIP-000796,ORD-000796,WH-04,37.0,5.0,Delivered
SHIP-000797,ORD-000797,WH-01,12.47,12.0,Delivered
SHIP-000798,ORD-000798,WH-03,53.64,5.0,Shipped
SHIP-000799,ORD-000799,WH-03,40.61,2.0,Delivered
SHIP-000800,ORD-000800,WH-04,16.15,6.0,Delivered
SHIP-000801,ORD-000801,WH-03,8.45,8.0,Delivered
SHIP-000802,ORD-000802,WH-02,18.75,25.0,Shipped
SHIP-000803,ORD-000803,WH-01,40.75,6.0,Delivered
SHIP-000804,ORD-000804,WH-03,18.5,2.0,Shipped
SHIP-000805,ORD-000805,WH-01,43.52,,Shipped
SHIP-000806,ORD-000806,WH-04,20.48,12.0,Delivered
SHIP-000807,ORD-000807,WH-04,175.45000000000002,8.0,Shipped
SHIP-000808,ORD-000808,WH-01,16.17,5.0,Delivered
SHIP-000809,ORD-000809,WH-03,48.53,7.0,Delivered
SHIP-000810,ORD-000810,WH-01,10.99,9.0,Delivered
SHIP-000811,ORD-000811,WH-01,219.0,4.0,Delivered
SHIP-000812,ORD-000812,WH-02,139.45,9.0,Delivered
SHIP-000813,ORD-000813,WH-04,36.06,3.0,Delivered
SHIP-000814,ORD-000814,WH-05,109.55,5.0,Cancelled
SHIP-000815,ORD-000815,WH-04,17.12,12.0,Delivered
SHIP-000816,ORD-000816,WH-04,16.56,10.0,Delivered
SHIP-000817,ORD-000817,WH-04,46.59,3.0,Shipped
SHIP-000818,ORD-000818,WH-03,44.49,7.0,Shipped
SHIP-000819,ORD-000819,WH-02,12.66,6.0,Delivered
SHIP-000820,ORD-000820,WH-05,25.01,6.0,Delivered
SHIP-000821,ORD-000821,WH-05,31.22,7.0,Shipped
SHIP-000822,ORD-000822,WH-04,48.45,6.0,Delivered
SHIP-000823,ORD-000823,WH-01,43.71,5.0,Shipped
SHIP-000824,ORD-000824,WH-02,9.46,8.0,Delivered
SHIP-000825,ORD-000825,WH-01,22.68,3.0,Cancelled
SHIP-000826,ORD-000826,WH-05,32.93,6.0,Delivered
SHIP-000827,ORD-000827,WH-03,55.9,29.0,Delivered
SHIP-000828,ORD-000828,WH-04,18.31,8.0,Cancelled
SHIP-000829,ORD-000829,WH-03,12.31,11.0,Delivered
SHIP-000830,ORD-000830,WH-02,41.31,12.0,Shipped
SHIP-000831,ORD-000831,WH-05,22.54,7.0,Delivered
SHIP-000832,ORD-000832,WH-04,111.8,6.0,Delivered
SHIP-000833,ORD-000833,WH-03,31.97,5.0,Delivered
SHIP-000834,ORD-000834,WH-03,44.92,30.0,Delivered
SHIP-000835,ORD-000835,WH-05,33.1,5.0,Shipped
SHIP-000836,ORD-000836,WH-04,27.96,7.0,Delivered
SHIP-000837,ORD-000837,WH-04,207.5,8.0,Delivered
SHIP-000838,ORD-000838,WH-04,11.95,11.0,Cancelled
SHIP-000839,ORD-000839,WH-05,58.73,11.0,Cancelled
SHIP-000840,ORD-000840,WH-02,27.68,7.0,Delivered
SHIP-000841,ORD-000841,WH-01,15.37,3.0,Shipped
SHIP-000842,ORD-000842,WH-04,33.89,7.0,Delivered
SHIP-000843,ORD-000843,WH-02,50.86,7.0,Shipped
SHIP-000844,ORD-000844,WH-01,49.8,6.0,Cancelled
SHIP-000845,ORD-000845,WH-05,45.6,10.0,Delivered
SHIP-000846,ORD-000846,WH-01,54.32,4.0,Shipped
SHIP-000847,ORD-000847,WH-02,48.88,7.0,Delivered
SHIP-000848,ORD-000848,WH-01,34.47,3.0,Delivered
SHIP-000849,ORD-000849,WH-02,7.03,,Shipped
SHIP-000850,ORD-000850,WH-04,29.38,,Delivered
SHIP-000851,ORD-000851,WH-04,19.37,27.0,Delivered
SHIP-000852,ORD-000852,WH-02,40.17,2.0,Delivered
SHIP-000853,ORD-000853,WH-03,49.67,11.0,Shipped
SHIP-000854,ORD-000854,WH-04,41.81,11.0,Delivered
SHIP-000855,ORD-000855,WH-02,24.6,7.0,Cancelled
SHIP-000856,ORD-000856,WH-04,46.91,6.0,Delivered
SHIP-000857,ORD-000857,WH-05,49.99,2.0,Shipped
SHIP-000858,ORD-000858,WH-03,29.41,2.0,Delivered
SHIP-000859,ORD-000859,WH-04,28.56,11.0,Delivered
SHIP-000860,ORD-000860,WH-02,49.5,11.0,Delivered
SHIP-000861,ORD-000861,WH-03,33.45,26.0,Shipped
SHIP-000862,ORD-000862,WH-02,35.07,6.0,Cancelled
SHIP-000863,ORD-000863,WH-04,33.15,,Delivered
SHIP-000864,ORD-000864,WH-05,48.51,10.0,Delivered
SHIP-000865,ORD-000865,WH-02,20.76,7.0,Cancelled
SHIP-000866,ORD-000866,WH-04,242.2,8.0,Delivered
SHIP-000867,ORD-000867,WH-03,45.07,6.0,Delivered
SHIP-000868,ORD-000868,WH-03,32.36,2.0,Delivered
SHIP-000869,ORD-000869,WH-05,36.2,,Cancelled
SHIP-000870,ORD-000870,WH-04,27.12,2.0,Shipped
SHIP-000871,ORD-000871,WH-01,24.84,6.0,Delivered
SHIP-000872,ORD-000872,WH-04,55.53,11.0,Delivered
SHIP-000873,ORD-000873,WH-01,10.64,8.0,Delivered
SHIP-000874,ORD-000874,WH-05,55.8,7.0,Delivered
SHIP-000875,ORD-000875,WH-01,15.16,7.0,Delivered
SHIP-000876,ORD-000876,WH-02,17.98,4.0,Shipped
SHIP-000877,ORD-000877,WH-02,54.51,3.0,Cancelled
SHIP-000878,ORD-000878,WH-04,18.25,4.0,Delivered
SHIP-000879,ORD-000879,WH-02,10.51,8.0,Shipped
SHIP-000880,ORD-000880,WH-02,33.21,4.0,Cancelled
SHIP-000881,ORD-000881,WH-03,36.74,5.0,Delivered
SHIP-000882,ORD-000882,WH-05,31.37,4.0,Cancelled
SHIP-000883,ORD-000883,WH-02,25.26,5.0,Delivered
SHIP-000884,ORD-000884,WH-05,32.31,5.0,Delivered
SHIP-000885,ORD-000885,WH-04,12.73,2.0,Delivered
SHIP-000886,ORD-000886,WH-04,53.52,9.0,Delivered
SHIP-000887,ORD-000887,WH-02,24.75,4.0,Delivered
SHIP-000888,ORD-000888,WH-04,23.59,6.0,Delivered
SHIP-000889,ORD-000889,WH-04,22.2,2.0,Delivered
SHIP-000890,ORD-000890,WH-03,52.98,4.0,Cancelled
SHIP-000891,ORD-000891,WH-01,52.19,10.0,Delivered
SHIP-000892,ORD-000892,WH-04,38.23,,Shipped
SHIP-000893,ORD-000893,WH-01,13.91,9.0,Delivered
SHIP-000894,ORD-000894,WH-03,32.22,2.0,Delivered
SHIP-000895,ORD-000895,WH-02,19.51,5.0,Delivered
SHIP-000896,ORD-000896,WH-02,47.95,5.0,Delivered
SHIP-000897,ORD-000897,WH-04,14.48,12.0,Shipped
SHIP-000898,ORD-000898,WH-03,30.37,5.0,Cancelled
SHIP-000899,ORD-000899,WH-04,47.99,12.0,Shipped
SHIP-000900,ORD-000900,WH-05,55.89,7.0,Cancelled
SHIP-000901,ORD-000901,WH-04,26.81,2.0,Delivered
SHIP-000902,ORD-000902,WH-04,14.91,10.0,Delivered
SHIP-000903,ORD-000903,WH-04,14.64,5.0,Delivered
SHIP-000904,ORD-000904,WH-05,13.42,8.0,Cancelled
SHIP-000905,ORD-000905,WH-01,33.13,6.0,Cancelled
SHIP-000906,ORD-000906,WH-02,19.35,7.0,Delivered
SHIP-000907,ORD-000907,WH-05,29.51,8.0,Shipped
SHIP-000908,ORD-000908,WH-05,19.31,5.0,Delivered
SHIP-000909,ORD-000909,WH-03,14.51,5.0,Cancelled
SHIP-000910,ORD-000910,WH-01,44.21,4.0,Cancelled
SHIP-000911,ORD-000911,WH-03,34.78,7.0,Delivered
SHIP-000912,ORD-000912,WH-03,38.23,28.0,Delivered
SHIP-000913,ORD-000913,WH-05,7.93,11.0,Delivered
SHIP-000914,ORD-000914,WH-05,48.14,3.0,Delivered
SHIP-000915,ORD-000915,WH-05,11.72,9.0,Delivered
SHIP-000916,ORD-000916,WH-01,199.14999999999998,4.0,Cancelled
SHIP-000917,ORD-000917,WH-02,57.86,5.0,Delivered
SHIP-000918,ORD-000918,WH-02,31.84,8.0,Delivered
SHIP-000919,ORD-000919,WH-03,29.77,8.0,Delivered
SHIP-000920,ORD-000920,WH-02,32.08,7.0,Delivered
SHIP-000921,ORD-000921,WH-04,28.33,10.0,Delivered
SHIP-000922,ORD-000922,WH-02,214.14999999999998,2.0,Cancelled
SHIP-000923,ORD-000923,WH-04,30.28,5.0,Delivered
SHIP-000924,ORD-000924,WH-01,44.02,12.0,Delivered
SHIP-000925,ORD-000925,WH-04,21.17,2.0,Delivered
SHIP-000926,ORD-000926,WH-02,44.77,10.0,Shipped
SHIP-000927,ORD-000927,WH-05,11.91,8.0,Delivered
SHIP-000928,ORD-000928,WH-03,13.42,7.0,Delivered
SHIP-000929,ORD-000929,WH-01,57.07,7.0,Delivered
SHIP-000930,ORD-000930,WH-05,29.58,8.0,Delivered
SHIP-000931,ORD-000931,WH-05,38.31,2.0,Delivered
SHIP-000932,ORD-000932,WH-04,14.78,5.0,Delivered
SHIP-000933,ORD-000933,WH-05,40.23,5.0,Cancelled
SHIP-000934,ORD-000934,WH-04,18.35,9.0,Shipped
SHIP-000935,ORD-000935,WH-05,31.34,7.0,Delivered
SHIP-000936,ORD-000936,WH-01,38.44,4.0,Cancelled
SHIP-000937,ORD-000937,WH-04,46.42,5.0,Delivered
SHIP-000938,ORD-000938,WH-05,19.08,25.0,Delivered
SHIP-000939,ORD-000939,WH-03,24.8,5.0,Delivered
SHIP-000940,ORD-000940,WH-05,19.51,3.0,Delivered
SHIP-000941,ORD-000941,WH-05,21.73,7.0,Cancelled
SHIP-000942,ORD-000942,WH-04,26.38,8.0,Delivered
SHIP-000943,ORD-000943,WH-05,13.05,,Delivered
SHIP-000944,ORD-000944,WH-05,33.04,6.0,Delivered
SHIP-000945,ORD-000945,WH-02,34.1,5.0,Delivered
SHIP-000946,ORD-000946,WH-02,26.57,10.0,Shipped
SHIP-000947,ORD-000947,WH-02,39.18,5.0,Cancelled
SHIP-000948,ORD-000948,WH-02,56.04,7.0,Delivered
SHIP-000949,ORD-000949,WH-01,38.74,5.0,Delivered
SHIP-000950,ORD-000950,WH-02,44.14,8.0,Delivered
SHIP-000951,ORD-000951,WH-03,41.17,12.0,Delivered
SHIP-000952,ORD-000952,WH-02,10.48,9.0,Delivered
SHIP-000953,ORD-000953,WH-03,10.03,8.0,Delivered
SHIP-000954,ORD-000954,WH-01,18.57,4.0,Cancelled
SHIP-000955,ORD-000955,WH-02,48.94,12.0,Cancelled
SHIP-000956,ORD-000956,WH-05,43.89,5.0,Delivered
SHIP-000957,ORD-000957,WH-05,25.92,6.0,Delivered
SHIP-000958,ORD-000958,WH-04,51.28,2.0,Delivered
SHIP-000959,ORD-000959,WH-02,20.95,5.0,Delivered
SHIP-000960,ORD-000960,WH-05,9.15,4.0,Delivered
SHIP-000961,ORD-000961,WH-04,18.81,7.0,Delivered
SHIP-000962,ORD-000962,WH-04,35.99,4.0,Delivered
SHIP-000963,ORD-000963,WH-01,20.02,4.0,Delivered
SHIP-000964,ORD-000964,WH-03,267.0,2.0,Delivered
SHIP-000965,ORD-000965,WH-04,39.25,9.0,Shipped
SHIP-000966,ORD-000966,WH-02,55.03,8.0,Cancelled
SHIP-000967,ORD-000967,WH-03,39.91,7.0,Delivered
SHIP-000968,ORD-000968,WH-05,10.0,4.0,Cancelled
SHIP-000969,ORD-000969,WH-05,49.95,25.0,Delivered
SHIP-000970,ORD-000970,WH-02,34.34,5.0,Delivered
SHIP-000971,ORD-000971,WH-02,49.38,9.0,Delivered
SHIP-000972,ORD-000972,WH-05,22.17,9.0,Delivered
SHIP-000973,ORD-000973,WH-05,21.47,8.0,Shipped
SHIP-000974,ORD-000974,WH-01,46.47,,Shipped
SHIP-000975,ORD-000975,WH-01,16.49,5.0,Delivered
SHIP-000976,ORD-000976,WH-02,29.51,4.0,Delivered
SHIP-000977,ORD-000977,WH-01,50.62,30.0,Cancelled
SHIP-000978,ORD-000978,WH-04,27.2,4.0,Cancelled
SHIP-000979,ORD-000979,WH-01,24.1,2.0,Delivered
SHIP-000980,ORD-000980,WH-01,23.83,6.0,Delivered
SHIP-000981,ORD-000981,WH-03,10.93,2.0,Delivered
SHIP-000982,ORD-000982,WH-05,42.41,11.0,Delivered
SHIP-000983,ORD-000983,WH-04,31.74,,Delivered
SHIP-000984,ORD-000984,WH-02,13.16,8.0,Delivered
SHIP-000985,ORD-000985,WH-05,42.42,,Shipped
SHIP-000986,ORD-000986,WH-04,40.44,6.0,Delivered
SHIP-000987,ORD-000987,WH-05,12.61,3.0,Cancelled
SHIP-000988,ORD-000988,WH-02,21.68,2.0,Delivered
SHIP-000989,ORD-000989,WH-01,14.89,8.0,Cancelled
SHIP-000990,ORD-000990,WH-03,47.25,4.0,Delivered
SHIP-000991,ORD-000991,WH-04,14.8,8.0,Shipped
SHIP-000992,ORD-000992,WH-01,32.98,6.0,Shipped
SHIP-000993,ORD-000993,WH-02,34.25,2.0,Delivered
SHIP-000994,ORD-000994,WH-04,45.43,9.0,Delivered
SHIP-000995,ORD-000995,WH-02,37.63,3.0,Delivered
SHIP-000996,ORD-000996,WH-03,46.27,5.0,Delivered
SHIP-000997,ORD-000997,WH-04,50.49,5.0,Shipped
SHIP-000998,ORD-000998,WH-02,27.76,5.0,Cancelled
SHIP-000999,ORD-000999,WH-03,11.16,9.0,Cancelled
SHIP-001000,ORD-001000,WH-05,24.84,6.0,Delivered
SHIP-001001,ORD-001001,WH-04,32.57,6.0,Delivered
SHIP-001002,ORD-001002,WH-01,38.63,3.0,Delivered
SHIP-001003,ORD-001003,WH-05,19.93,4.0,Delivered
SHIP-001004,ORD-001004,WH-01,52.68,4.0,Delivered
SHIP-001005,ORD-001005,WH-01,34.6,9.0,Delivered
SHIP-001006,ORD-001006,WH-01,16.78,3.0,Delivered
SHIP-001007,ORD-001007,WH-03,47.1,9.0,Delivered
SHIP-001008,ORD-001008,WH-05,32.47,3.0,Delivered
SHIP-001009,ORD-001009,WH-02,262.4,5.0,Cancelled
SHIP-001010,ORD-001010,WH-01,31.48,7.0,Shipped
SHIP-001011,ORD-001011,WH-04,54.18,2.0,Delivered
SHIP-001012,ORD-001012,WH-03,40.01,4.0,Shipped
SHIP-001013,ORD-001013,WH-05,52.99,4.0,Shipped
SHIP-001014,ORD-001014,WH-04,34.6,10.0,Delivered
SHIP-001015,ORD-001015,WH-01,27.46,8.0,Cancelled
SHIP-001016,ORD-001016,WH-05,54.67,6.0,Delivered
SHIP-001017,ORD-001017,WH-01,23.64,6.0,Delivered
SHIP-001018,ORD-001018,WH-02,42.01,8.0,Delivered
SHIP-001019,ORD-001019,WH-04,124.80000000000001,6.0,Cancelled
SHIP-001020,ORD-001020,WH-05,27.97,3.0,Shipped
SHIP-001021,ORD-001021,WH-03,38.73,5.0,Delivered
SHIP-001022,ORD-001022,WH-04,36.86,25.0,Delivered
SHIP-001023,ORD-001023,WH-02,41.62,9.0,Delivered
SHIP-001024,ORD-001024,WH-03,31.92,7.0,Shipped
SHIP-001025,ORD-001025,WH-04,41.37,4.0,Delivered
SHIP-001026,ORD-001026,WH-03,30.56,6.0,Delivered
SHIP-001027,ORD-001027,WH-01,27.81,6.0,Delivered
SHIP-001028,ORD-001028,WH-02,25.19,12.0,Delivered
SHIP-001029,ORD-001029,WH-03,38.87,6.0,Delivered
SHIP-001030,ORD-001030,WH-04,44.77,6.0,Delivered
SHIP-001031,ORD-001031,WH-04,26.48,3.0,Delivered
SHIP-001032,ORD-001032,WH-01,11.22,22.0,Shipped
SHIP-001033,ORD-001033,WH-04,37.79,,Delivered
SHIP-001034,ORD-001034,WH-05,38.59,4.0,Shipped
SHIP-001035,ORD-001035,WH-01,244.75,6.0,Delivered
SHIP-001036,ORD-001036,WH-04,52.86,6.0,Delivered
SHIP-001037,ORD-001037,WH-02,40.81,4.0,Delivered
SHIP-001038,ORD-001038,WH-01,11.72,8.0,Delivered
SHIP-001039,ORD-001039,WH-05,42.01,6.0,Delivered
SHIP-001040,ORD-001040,WH-05,44.66,2.0,Delivered
SHIP-001041,ORD-001041,WH-02,40.65,12.0,Delivered
SHIP-001042,ORD-001042,WH-01,22.86,10.0,Delivered
SHIP-001043,ORD-001043,WH-01,42.24,8.0,Delivered
SHIP-001044,ORD-001044,WH-02,10.38,27.0,Shipped
SHIP-001045,ORD-001045,WH-03,23.76,4.0,Shipped
SHIP-001046,ORD-001046,WH-03,54.74,7.0,Delivered
SHIP-001047,ORD-001047,WH-03,50.6,9.0,Delivered
SHIP-001048,ORD-001048,WH-01,12.3,3.0,Delivered
SHIP-001049,ORD-001049,WH-02,47.31,2.0,Delivered
SHIP-001050,ORD-001050,WH-01,20.78,9.0,Delivered
SHIP-001051,ORD-001051,WH-03,7.44,7.0,Delivered
SHIP-001052,ORD-001052,WH-04,36.94,4.0,Delivered
SHIP-001053,ORD-001053,WH-03,10.36,4.0,Delivered
SHIP-001054,ORD-001054,WH-01,14.75,10.0,Delivered
SHIP-001055,ORD-001055,WH-01,17.52,7.0,Shipped
SHIP-001056,ORD-001056,WH-01,33.43,5.0,Delivered
SHIP-001057,ORD-001057,WH-03,53.07,6.0,Delivered
SHIP-001058,ORD-001058,WH-04,32.42,9.0,Shipped
SHIP-001059,ORD-001059,WH-02,35.46,8.0,Delivered
SHIP-001060,ORD-001060,WH-02,25.32,,Shipped
SHIP-001061,ORD-001061,WH-03,22.66,11.0,Delivered
SHIP-001062,ORD-001062,WH-02,48.05,5.0,Delivered
SHIP-001063,ORD-001063,WH-02,26.67,4.0,Delivered
SHIP-001064,ORD-001064,WH-05,44.33,7.0,Cancelled
SHIP-001065,ORD-001065,WH-05,24.07,2.0,Cancelled
SHIP-001066,ORD-001066,WH-05,12.91,9.0,Delivered
SHIP-001067,ORD-001067,WH-02,14.61,9.0,Delivered
SHIP-001068,ORD-001068,WH-02,29.1,7.0,Delivered
SHIP-001069,ORD-001069,WH-02,53.09,29.0,Shipped
SHIP-001070,ORD-001070,WH-04,33.13,2.0,Delivered
SHIP-001071,ORD-001071,WH-05,150.9,7.0,Delivered
SHIP-001072,ORD-001072,WH-02,42.15,3.0,Delivered
SHIP-001073,ORD-001073,WH-04,14.92,3.0,Delivered
SHIP-001074,ORD-001074,WH-03,20.41,3.0,Delivered
SHIP-001075,ORD-001075,WH-01,26.42,9.0,Delivered
SHIP-001076,ORD-001076,WH-04,27.65,11.0,Shipped
SHIP-001077,ORD-001077,WH-03,19.44,8.0,Delivered
SHIP-001078,ORD-001078,WH-05,31.73,8.0,Delivered
SHIP-001079,ORD-001079,WH-05,45.58,4.0,Delivered
SHIP-001080,ORD-001080,WH-02,27.6,11.0,Cancelled
SHIP-001081,ORD-001081,WH-03,30.6,3.0,Delivered
SHIP-001082,ORD-001082,WH-05,40.93,9.0,Delivered
SHIP-001083,ORD-001083,WH-04,38.56,7.0,Cancelled
SHIP-001084,ORD-001084,WH-04,37.36,3.0,Shipped
SHIP-001085,ORD-001085,WH-01,21.45,10.0,Delivered
SHIP-001086,ORD-001086,WH-02,40.24,7.0,Delivered
SHIP-001087,ORD-001087,WH-01,51.12,5.0,Cancelled
SHIP-001088,ORD-001088,WH-03,16.83,6.0,Delivered
SHIP-001089,ORD-001089,WH-01,33.56,8.0,Delivered
SHIP-001090,ORD-001090,WH-01,32.03,7.0,Delivered
SHIP-001091,ORD-001091,WH-02,29.83,8.0,Delivered
SHIP-001092,ORD-001092,WH-05,38.85,5.0,Delivered
SHIP-001093,ORD-001093,WH-03,25.93,9.0,Cancelled
SHIP-001094,ORD-001094,WH-04,13.13,25.0,Delivered
SHIP-001095,ORD-001095,WH-01,16.87,12.0,Shipped
SHIP-001096,ORD-001096,WH-01,50.58,7.0,Shipped
SHIP-001097,ORD-001097,WH-04,21.46,10.0,Cancelled
SHIP-001098,ORD-001098,WH-04,39.17,8.0,Delivered
SHIP-001099,ORD-001099,WH-02,25.51,12.0,Delivered
SHIP-001100,ORD-001100,WH-05,18.04,7.0,Shipped
SHIP-001101,ORD-001101,WH-01,41.47,5.0,Shipped
SHIP-001102,ORD-001102,WH-01,21.94,3.0,Delivered
SHIP-001103,ORD-001103,WH-02,26.09,28.0,Delivered
SHIP-001104,ORD-001104,WH-02,50.67,8.0,Shipped
SHIP-001105,ORD-001105,WH-04,41.85,6.0,Delivered
SHIP-001106,ORD-001106,WH-05,28.99,11.0,Shipped
SHIP-001107,ORD-001107,WH-05,50.4,5.0,Delivered
SHIP-001108,ORD-001108,WH-01,49.38,7.0,Delivered
SHIP-001109,ORD-001109,WH-05,41.2,3.0,Delivered
SHIP-001110,ORD-001110,WH-01,15.01,3.0,Cancelled
SHIP-001111,ORD-001111,WH-01,50.4,3.0,Delivered
SHIP-001112,ORD-001112,WH-02,45.15,5.0,Delivered
SHIP-001113,ORD-001113,WH-03,51.33,8.0,Delivered
SHIP-001114,ORD-001114,WH-04,19.39,5.0,Cancelled
SHIP-001115,ORD-001115,WH-05,34.25,2.0,Delivered
SHIP-001116,ORD-001116,WH-02,17.87,6.0,Shipped
SHIP-001117,ORD-001117,WH-04,47.81,9.0,Delivered
SHIP-001118,ORD-001118,WH-01,28.83,25.0,Delivered
SHIP-001119,ORD-001119,WH-03,25.5,9.0,Delivered
SHIP-001120,ORD-001120,WH-03,36.14,8.0,Cancelled
SHIP-001121,ORD-001121,WH-05,8.7,8.0,Shipped
SHIP-001122,ORD-001122,WH-03,12.69,3.0,Delivered
SHIP-001123,ORD-001123,WH-01,23.87,4.0,Delivered
SHIP-001124,ORD-001124,WH-05,49.12,4.0,Delivered
SHIP-001125,ORD-001125,WH-02,54.95,7.0,Delivered
SHIP-001126,ORD-001126,WH-05,51.05,8.0,Cancelled
SHIP-001127,ORD-001127,WH-02,48.65,4.0,Cancelled
SHIP-001128,ORD-001128,WH-04,33.12,24.0,Delivered
SHIP-001129,ORD-001129,WH-01,25.31,3.0,Delivered
SHIP-001130,ORD-001130,WH-03,29.69,3.0,Shipped
SHIP-001131,ORD-001131,WH-04,48.37,7.0,Shipped
SHIP-001132,ORD-001132,WH-03,15.15,6.0,Delivered
SHIP-001133,ORD-001133,WH-01,52.09,7.0,Delivered
SHIP-001134,ORD-001134,WH-04,13.85,7.0,Delivered
SHIP-001135,ORD-001135,WH-05,43.31,7.0,Delivered
SHIP-001136,ORD-001136,WH-04,23.6,7.0,Cancelled
SHIP-001137,ORD-001137,WH-01,42.42,10.0,Delivered
SHIP-001138,ORD-001138,WH-02,16.7,3.0,Delivered
SHIP-001139,ORD-001139,WH-03,37.34,4.0,Delivered
SHIP-001140,ORD-001140,WH-05,24.8,7.0,Delivered
SHIP-001141,ORD-001141,WH-05,15.08,10.0,Cancelled
SHIP-001142,ORD-001142,WH-02,22.09,6.0,Delivered
SHIP-001143,ORD-001143,WH-03,33.98,10.0,Cancelled
SHIP-001144,ORD-001144,WH-04,40.25,7.0,Delivered
SHIP-001145,ORD-001145,WH-05,30.18,10.0,Shipped
SHIP-001146,ORD-001146,WH-05,14.71,9.0,Delivered
SHIP-001147,ORD-001147,WH-03,49.82,2.0,Delivered
SHIP-001148,ORD-001148,WH-04,22.62,10.0,Delivered
SHIP-001149,ORD-001149,WH-02,37.99,8.0,Delivered
SHIP-001150,ORD-001150,WH-01,37.31,7.0,Delivered
SHIP-001151,ORD-001151,WH-01,25.74,4.0,Delivered
SHIP-001152,ORD-001152,WH-01,42.07,7.0,Delivered
SHIP-001153,ORD-001153,WH-01,34.01,6.0,Delivered
SHIP-001154,ORD-001154,WH-03,12.3,25.0,Delivered
SHIP-001155,ORD-001155,WH-03,44.9,5.0,Delivered
SHIP-001156,ORD-001156,WH-05,43.47,5.0,Delivered
SHIP-001157,ORD-001157,WH-02,47.78,8.0,Shipped
SHIP-001158,ORD-001158,WH-03,26.22,5.0,Delivered
SHIP-001159,ORD-001159,WH-05,52.53,26.0,Delivered
SHIP-001160,ORD-001160,WH-01,32.87,8.0,Delivered
SHIP-001161,ORD-001161,WH-05,18.76,8.0,Cancelled
SHIP-001162,ORD-001162,WH-04,50.68,3.0,Delivered
SHIP-001163,ORD-001163,WH-01,33.14,23.0,Delivered
SHIP-001164,ORD-001164,WH-05,21.51,6.0,Delivered
SHIP-001165,ORD-001165,WH-03,48.9,,Shipped
SHIP-001166,ORD-001166,WH-05,27.49,5.0,Delivered
SHIP-001167,ORD-001167,WH-02,14.2,4.0,Shipped
SHIP-001168,ORD-001168,WH-04,32.18,8.0,Delivered
SHIP-001169,ORD-001169,WH-03,216.14999999999998,8.0,Delivered
SHIP-001170,ORD-001170,WH-01,55.16,6.0,Delivered
SHIP-001171,ORD-001171,WH-02,36.22,5.0,Shipped
SHIP-001172,ORD-001172,WH-02,40.98,7.0,Shipped
SHIP-001173,ORD-001173,WH-04,66.15,4.0,Delivered
SHIP-001174,ORD-001174,WH-04,43.95,7.0,Delivered
SHIP-001175,ORD-001175,WH-02,32.32,6.0,Delivered
SHIP-001176,ORD-001176,WH-02,187.39999999999998,4.0,Shipped
SHIP-001177,ORD-001177,WH-01,47.98,9.0,Delivered
SHIP-001178,ORD-001178,WH-02,47.42,5.0,Delivered
SHIP-001179,ORD-001179,WH-01,49.92,25.0,Shipped
SHIP-001180,ORD-001180,WH-03,43.34,2.0,Delivered
SHIP-001181,ORD-001181,WH-01,18.78,4.0,Delivered
SHIP-001182,ORD-001182,WH-05,28.08,8.0,Shipped
SHIP-001183,ORD-001183,WH-03,48.12,5.0,Delivered
SHIP-001184,ORD-001184,WH-01,12.71,4.0,Delivered
SHIP-001185,ORD-001185,WH-05,40.79,9.0,Shipped
SHIP-001186,ORD-001186,WH-02,40.08,7.0,Delivered
SHIP-001187,ORD-001187,WH-03,42.16,2.0,Delivered
SHIP-001188,ORD-001188,WH-01,19.06,6.0,Delivered
SHIP-001189,ORD-001189,WH-02,17.86,11.0,Cancelled
SHIP-001190,ORD-001190,WH-01,13.9,8.0,Delivered
SHIP-001191,ORD-001191,WH-05,30.76,6.0,Delivered
SHIP-001192,ORD-001192,WH-03,54.12,7.0,Delivered
SHIP-001193,ORD-001193,WH-03,45.27,7.0,Cancelled
SHIP-001194,ORD-001194,WH-04,25.78,11.0,Cancelled
SHIP-001195,ORD-001195,WH-01,35.34,7.0,Cancelled
SHIP-001196,ORD-001196,WH-05,53.85,5.0,Cancelled
SHIP-001197,ORD-001197,WH-04,37.8,6.0,Delivered
SHIP-001198,ORD-001198,WH-01,40.81,2.0,Shipped
SHIP-001199,ORD-001199,WH-03,14.21,9.0,Delivered
SHIP-001200,ORD-001200,WH-02,38.5,7.0,Delivered
SHIP-001201,ORD-001201,WH-04,49.5,4.0,Delivered
SHIP-001202,ORD-001202,WH-04,29.61,12.0,Delivered
SHIP-001203,ORD-001203,WH-05,52.9,4.0,Delivered
SHIP-001204,ORD-001204,WH-04,36.6,10.0,Delivered
SHIP-001205,ORD-001205,WH-03,14.42,30.0,Delivered
SHIP-001206,ORD-001206,WH-01,34.66,9.0,Delivered
SHIP-001207,ORD-001207,WH-03,38.31,9.0,Shipped
SHIP-001208,ORD-001208,WH-01,49.29,4.0,Delivered
SHIP-001209,ORD-001209,WH-05,31.89,7.0,Cancelled
SHIP-001210,ORD-001210,WH-05,35.52,5.0,Delivered
SHIP-001211,ORD-001211,WH-03,30.89,2.0,Delivered
SHIP-001212,ORD-001212,WH-03,19.77,5.0,Delivered
SHIP-001213,ORD-001213,WH-05,72.35000000000001,9.0,Delivered
SHIP-001214,ORD-001214,WH-04,17.61,10.0,Delivered
SHIP-001215,ORD-001215,WH-01,35.81,10.0,Delivered
SHIP-001216,ORD-001216,WH-04,32.9,12.0,Shipped
SHIP-001217,ORD-001217,WH-03,231.14999999999998,5.0,Shipped
SHIP-001218,ORD-001218,WH-01,9.13,3.0,Delivered
SHIP-001219,ORD-001219,WH-01,30.69,5.0,Cancelled
SHIP-001220,ORD-001220,WH-01,44.05,4.0,Delivered
SHIP-001221,ORD-001221,WH-04,28.54,3.0,Delivered
SHIP-001222,ORD-001222,WH-05,48.34,4.0,Delivered
SHIP-001223,ORD-001223,WH-01,18.68,7.0,Delivered
SHIP-001224,ORD-001224,WH-04,13.55,8.0,Delivered
SHIP-001225,ORD-001225,WH-03,25.87,11.0,Delivered
SHIP-001226,ORD-001226,WH-03,27.97,6.0,Shipped
SHIP-001227,ORD-001227,WH-05,53.62,4.0,Delivered
SHIP-001228,ORD-001228,WH-01,43.41,5.0,Delivered
SHIP-001229,ORD-001229,WH-03,53.13,4.0,Delivered
SHIP-001230,ORD-001230,WH-03,49.55,3.0,Shipped
SHIP-001231,ORD-001231,WH-05,21.89,5.0,Delivered
SHIP-001232,ORD-001232,WH-03,38.56,9.0,Shipped
SHIP-001233,ORD-001233,WH-01,40.05,4.0,Delivered
SHIP-001234,ORD-001234,WH-02,22.61,27.0,Delivered
SHIP-001235,ORD-001235,WH-04,27.3,7.0,Delivered
SHIP-001236,ORD-001236,WH-05,35.0,7.0,Delivered
SHIP-001237,ORD-001237,WH-01,44.88,2.0,Delivered
SHIP-001238,ORD-001238,WH-04,23.87,2.0,Delivered
SHIP-001239,ORD-001239,WH-04,26.28,6.0,Delivered
SHIP-001240,ORD-001240,WH-05,19.86,7.0,Delivered
SHIP-001241,ORD-001241,WH-01,33.27,3.0,Delivered
SHIP-001242,ORD-001242,WH-02,16.69,6.0,Delivered
SHIP-001243,ORD-001243,WH-01,46.97,2.0,Cancelled
SHIP-001244,ORD-001244,WH-04,28.46,6.0,Delivered
SHIP-001245,ORD-001245,WH-04,55.85,7.0,Delivered
SHIP-001246,ORD-001246,WH-02,153.9,3.0,Delivered
SHIP-001247,ORD-001247,WH-04,11.92,6.0,Delivered
SHIP-001248,ORD-001248,WH-05,53.52,9.0,Delivered
SHIP-001249,ORD-001249,WH-03,52.85,5.0,Delivered
SHIP-001250,ORD-001250,WH-03,33.24,6.0,Shipped
SHIP-001251,ORD-001251,WH-04,25.24,6.0,Cancelled
SHIP-001252,ORD-001252,WH-01,28.27,8.0,Shipped
SHIP-001253,ORD-001253,WH-01,26.05,3.0,Shipped
SHIP-001254,ORD-001254,WH-04,38.33,2.0,Delivered
SHIP-001255,ORD-001255,WH-05,41.97,5.0,Delivered
SHIP-001256,ORD-001256,WH-02,23.84,9.0,Delivered
SHIP-001257,ORD-001257,WH-03,39.59,7.0,Shipped
SHIP-001258,ORD-001258,WH-03,27.04,4.0,Shipped
SHIP-001259,ORD-001259,WH-02,35.26,11.0,Delivered
SHIP-001260,ORD-001260,WH-02,16.24,,Delivered
SHIP-001261,ORD-001261,WH-05,41.74,11.0,Shipped
SHIP-001262,ORD-001262,WH-04,30.55,5.0,Delivered
SHIP-001263,ORD-001263,WH-03,29.44,11.0,Delivered
SHIP-001264,ORD-001264,WH-05,36.96,7.0,Delivered
SHIP-001265,ORD-001265,WH-02,54.88,6.0,Cancelled
SHIP-001266,ORD-001266,WH-03,20.51,6.0,Delivered
SHIP-001267,ORD-001267,WH-03,46.1,25.0,Delivered
SHIP-001268,ORD-001268,WH-03,24.52,4.0,Shipped
SHIP-001269,ORD-001269,WH-02,19.29,4.0,Delivered
SHIP-001270,ORD-001270,WH-02,26.11,,Shipped
SHIP-001271,ORD-001271,WH-02,54.2,8.0,Delivered
SHIP-001272,ORD-001272,WH-02,45.5,24.0,Delivered
SHIP-001273,ORD-001273,WH-03,34.95,9.0,Delivered
SHIP-001274,ORD-001274,WH-02,28.39,2.0,Delivered
SHIP-001275,ORD-001275,WH-02,24.39,6.0,Cancelled
SHIP-001276,ORD-001276,WH-04,25.99,4.0,Delivered
SHIP-001277,ORD-001277,WH-03,32.14,,Shipped
SHIP-001278,ORD-001278,WH-01,50.01,6.0,Delivered
SHIP-001279,ORD-001279,WH-02,21.31,10.0,Delivered
SHIP-001280,ORD-001280,WH-02,45.19,6.0,Shipped
SHIP-001281,ORD-001281,WH-03,39.48,8.0,Delivered
SHIP-001282,ORD-001282,WH-05,51.94,6.0,Cancelled
SHIP-001283,ORD-001283,WH-01,12.61,8.0,Delivered
SHIP-001284,ORD-001284,WH-03,14.57,5.0,Shipped
SHIP-001285,ORD-001285,WH-01,31.37,7.0,Delivered
SHIP-001286,ORD-001286,WH-01,27.78,11.0,Delivered
SHIP-001287,ORD-001287,WH-03,14.23,11.0,Cancelled
SHIP-001288,ORD-001288,WH-05,27.03,7.0,Delivered
SHIP-001289,ORD-001289,WH-02,43.53,5.0,Delivered
SHIP-001290,ORD-001290,WH-03,39.28,4.0,Delivered
SHIP-001291,ORD-001291,WH-02,31.94,6.0,Cancelled
SHIP-001292,ORD-001292,WH-05,32.63,5.0,Shipped
SHIP-001293,ORD-001293,WH-01,23.2,7.0,Delivered
SHIP-001294,ORD-001294,WH-03,16.78,9.0,Delivered
SHIP-001295,ORD-001295,WH-05,51.78,7.0,Delivered
SHIP-001296,ORD-001296,WH-01,26.8,2.0,Delivered
SHIP-001297,ORD-001297,WH-04,34.46,3.0,Shipped
SHIP-001298,ORD-001298,WH-03,17.5,8.0,Shipped
SHIP-001299,ORD-001299,WH-05,46.9,8.0,Delivered
SHIP-001300,ORD-001300,WH-03,47.61,3.0,Delivered
SHIP-001301,ORD-001301,WH-04,11.52,8.0,Delivered
SHIP-001302,ORD-001302,WH-05,32.59,4.0,Delivered
SHIP-001303,ORD-001303,WH-02,53.79,5.0,Delivered
SHIP-001304,ORD-001304,WH-01,35.26,4.0,Shipped
SHIP-001305,ORD-001305,WH-04,11.56,3.0,Delivered
SHIP-001306,ORD-001306,WH-02,38.81,3.0,Delivered
SHIP-001307,ORD-001307,WH-05,10.92,9.0,Delivered
SHIP-001308,ORD-001308,WH-05,28.06,,Delivered
SHIP-001309,ORD-001309,WH-04,34.82,4.0,Cancelled
SHIP-001310,ORD-001310,WH-04,30.36,4.0,Delivered
SHIP-001311,ORD-001311,WH-02,57.22,7.0,Cancelled
SHIP-001312,ORD-001312,WH-02,8.35,6.0,Delivered
SHIP-001313,ORD-001313,WH-01,29.96,2.0,Shipped
SHIP-001314,ORD-001314,WH-02,45.76,4.0,Shipped
SHIP-001315,ORD-001315,WH-05,23.56,24.0,Delivered
SHIP-001316,ORD-001316,WH-03,16.25,11.0,Delivered
SHIP-001317,ORD-001317,WH-01,17.86,5.0,Delivered
SHIP-001318,ORD-001318,WH-02,202.7,7.0,Delivered
SHIP-001319,ORD-001319,WH-05,20.27,11.0,Delivered
SHIP-001320,ORD-001320,WH-05,32.36,5.0,Delivered
SHIP-001321,ORD-001321,WH-01,53.49,28.0,Delivered
SHIP-001322,ORD-001322,WH-05,11.4,5.0,Delivered
SHIP-001323,ORD-001323,WH-05,37.84,6.0,Delivered
SHIP-001324,ORD-001324,WH-01,14.31,2.0,Shipped
SHIP-001325,ORD-001325,WH-05,20.48,11.0,Delivered
SHIP-001326,ORD-001326,WH-03,27.65,4.0,Delivered
SHIP-001327,ORD-001327,WH-02,45.08,3.0,Delivered
SHIP-001328,ORD-001328,WH-04,11.5,6.0,Cancelled
SHIP-001329,ORD-001329,WH-05,23.21,3.0,Delivered
SHIP-001330,ORD-001330,WH-03,19.75,2.0,Delivered
SHIP-001331,ORD-001331,WH-03,22.38,9.0,Cancelled
SHIP-001332,ORD-001332,WH-04,32.19,5.0,Cancelled
SHIP-001333,ORD-001333,WH-04,30.27,9.0,Delivered
SHIP-001334,ORD-001334,WH-05,11.66,4.0,Shipped
SHIP-001335,ORD-001335,WH-02,15.2,6.0,Delivered
SHIP-001336,ORD-001336,WH-04,82.2,3.0,Delivered
SHIP-001337,ORD-001337,WH-05,47.91,11.0,Delivered
SHIP-001338,ORD-001338,WH-02,36.19,10.0,Shipped
SHIP-001339,ORD-001339,WH-03,21.8,7.0,Cancelled
SHIP-001340,ORD-001340,WH-02,42.64,9.0,Shipped
SHIP-001341,ORD-001341,WH-05,15.97,4.0,Delivered
SHIP-001342,ORD-001342,WH-03,13.49,32.0,Delivered
SHIP-001343,ORD-001343,WH-01,15.87,6.0,Delivered
SHIP-001344,ORD-001344,WH-03,22.09,9.0,Delivered
SHIP-001345,ORD-001345,WH-01,37.77,11.0,Delivered
SHIP-001346,ORD-001346,WH-03,32.95,12.0,Delivered
SHIP-001347,ORD-001347,WH-05,53.85,5.0,Delivered
SHIP-001348,ORD-001348,WH-03,22.27,6.0,Delivered
SHIP-001349,ORD-001349,WH-03,50.75,9.0,Delivered
SHIP-001350,ORD-001350,WH-05,39.68,4.0,Delivered
SHIP-001351,ORD-001351,WH-05,12.42,2.0,Delivered
SHIP-001352,ORD-001352,WH-05,48.47,4.0,Delivered
SHIP-001353,ORD-001353,WH-01,100.35,9.0,Delivered
SHIP-001354,ORD-001354,WH-01,14.17,,Cancelled
SHIP-001355,ORD-001355,WH-01,24.44,7.0,Delivered
SHIP-001356,ORD-001356,WH-02,51.84,25.0,Delivered
SHIP-001357,ORD-001357,WH-02,53.71,6.0,Delivered
SHIP-001358,ORD-001358,WH-02,49.82,4.0,Delivered
SHIP-001359,ORD-001359,WH-05,39.05,10.0,Cancelled
SHIP-001360,ORD-001360,WH-01,36.76,4.0,Delivered
SHIP-001361,ORD-001361,WH-05,48.56,,Delivered
SHIP-001362,ORD-001362,WH-03,11.56,9.0,Delivered
SHIP-001363,ORD-001363,WH-02,51.01,8.0,Shipped
SHIP-001364,ORD-001364,WH-04,18.02,7.0,Delivered
SHIP-001365,ORD-001365,WH-03,27.48,3.0,Delivered
SHIP-001366,ORD-001366,WH-04,50.69,4.0,Delivered
SHIP-001367,ORD-001367,WH-05,51.81,9.0,Cancelled
SHIP-001368,ORD-001368,WH-05,33.25,6.0,Cancelled
SHIP-001369,ORD-001369,WH-03,35.12,6.0,Delivered
SHIP-001370,ORD-001370,WH-03,34.55,11.0,Delivered
SHIP-001371,ORD-001371,WH-05,58.55,7.0,Delivered
SHIP-001372,ORD-001372,WH-01,54.47,8.0,Cancelled
SHIP-001373,ORD-001373,WH-04,21.47,2.0,Delivered
SHIP-001374,ORD-001374,WH-02,27.34,6.0,Shipped
SHIP-001375,ORD-001375,WH-03,25.76,9.0,Delivered
SHIP-001376,ORD-001376,WH-05,14.2,7.0,Delivered
SHIP-001377,ORD-001377,WH-05,40.46,6.0,Delivered
SHIP-001378,ORD-001378,WH-04,22.41,3.0,Delivered
SHIP-001379,ORD-001379,WH-02,224.1,11.0,Cancelled
SHIP-001380,ORD-001380,WH-02,51.21,5.0,Delivered
SHIP-001381,ORD-001381,WH-05,46.01,10.0,Delivered
SHIP-001382,ORD-001382,WH-02,39.49,12.0,Shipped
SHIP-001383,ORD-001383,WH-03,32.32,7.0,Delivered
SHIP-001384,ORD-001384,WH-02,12.52,2.0,Cancelled
SHIP-001385,ORD-001385,WH-05,25.94,7.0,Shipped
SHIP-001386,ORD-001386,WH-02,47.0,6.0,Cancelled
SHIP-001387,ORD-001387,WH-05,17.42,4.0,Delivered
SHIP-001388,ORD-001388,WH-04,13.56,2.0,Delivered
SHIP-001389,ORD-001389,WH-04,49.35,10.0,Cancelled
SHIP-001390,ORD-001390,WH-05,44.29,7.0,Delivered
SHIP-001391,ORD-001391,WH-01,12.03,9.0,Shipped
SHIP-001392,ORD-001392,WH-04,47.61,9.0,Delivered
SHIP-001393,ORD-001393,WH-04,15.68,5.0,Cancelled
SHIP-001394,ORD-001394,WH-04,54.55,9.0,Cancelled
SHIP-001395,ORD-001395,WH-02,12.26,5.0,Delivered
SHIP-001396,ORD-001396,WH-04,53.3,12.0,Cancelled
SHIP-001397,ORD-001397,WH-03,33.66,8.0,Delivered
SHIP-001398,ORD-001398,WH-03,46.17,9.0,Cancelled
SHIP-001399,ORD-001399,WH-05,41.41,4.0,Shipped
SHIP-001400,ORD-001400,WH-01,28.19,10.0,Delivered
SHIP-001401,ORD-001401,WH-05,25.88,8.0,Delivered
SHIP-001402,ORD-001402,WH-04,17.24,4.0,Delivered
SHIP-001403,ORD-001403,WH-01,47.62,6.0,Delivered
SHIP-001404,ORD-001404,WH-01,38.76,4.0,Delivered
SHIP-001405,ORD-001405,WH-02,14.76,5.0,Delivered
SHIP-001406,ORD-001406,WH-02,10.54,7.0,Shipped
SHIP-001407,ORD-001407,WH-03,7.01,27.0,Delivered
SHIP-001408,ORD-001408,WH-02,46.41,10.0,Delivered
SHIP-001409,ORD-001409,WH-05,43.38,6.0,Cancelled
SHIP-001410,ORD-001410,WH-05,54.07,6.0,Shipped
SHIP-001411,ORD-001411,WH-03,51.27,6.0,Shipped
SHIP-001412,ORD-001412,WH-02,45.85,7.0,Shipped
SHIP-001413,ORD-001413,WH-02,32.88,5.0,Delivered
SHIP-001414,ORD-001414,WH-01,173.25,6.0,Shipped
SHIP-001415,ORD-001415,WH-05,32.42,32.0,Delivered
SHIP-001416,ORD-001416,WH-02,40.57,8.0,Cancelled
SHIP-001417,ORD-001417,WH-04,43.55,6.0,Shipped
SHIP-001418,ORD-001418,WH-03,11.61,7.0,Shipped
SHIP-001419,ORD-001419,WH-05,45.54,7.0,Delivered
SHIP-001420,ORD-001420,WH-03,21.68,9.0,Delivered
SHIP-001421,ORD-001421,WH-03,23.5,2.0,Delivered
SHIP-001422,ORD-001422,WH-05,38.63,10.0,Delivered
SHIP-001423,ORD-001423,WH-02,29.11,5.0,Delivered
SHIP-001424,ORD-001424,WH-03,50.09,5.0,Cancelled
SHIP-001425,ORD-001425,WH-03,13.8,9.0,Cancelled
SHIP-001426,ORD-001426,WH-02,46.7,7.0,Delivered
SHIP-001427,ORD-001427,WH-02,25.56,6.0,Shipped
SHIP-001428,ORD-001428,WH-04,45.22,9.0,Delivered
SHIP-001429,ORD-001429,WH-05,21.06,10.0,Shipped
SHIP-001430,ORD-001430,WH-04,21.76,2.0,Delivered
SHIP-001431,ORD-001431,WH-03,27.11,8.0,Delivered
SHIP-001432,ORD-001432,WH-03,46.21,8.0,Delivered
SHIP-001433,ORD-001433,WH-04,51.46,29.0,Shipped
SHIP-001434,ORD-001434,WH-01,49.42,3.0,Shipped
SHIP-001435,ORD-001435,WH-02,15.72,27.0,Delivered
SHIP-001436,ORD-001436,WH-03,14.33,3.0,Delivered
SHIP-001437,ORD-001437,WH-05,44.47,24.0,Cancelled
SHIP-001438,ORD-001438,WH-05,20.9,12.0,Delivered
SHIP-001439,ORD-001439,WH-05,50.07,5.0,Delivered
SHIP-001440,ORD-001440,WH-04,41.53,9.0,Delivered
SHIP-001441,ORD-001441,WH-03,50.29,5.0,Cancelled
SHIP-001442,ORD-001442,WH-02,39.51,9.0,Cancelled
SHIP-001443,ORD-001443,WH-01,12.02,6.0,Delivered
SHIP-001444,ORD-001444,WH-03,54.89,7.0,Cancelled
SHIP-001445,ORD-001445,WH-03,21.67,8.0,Cancelled
SHIP-001446,ORD-001446,WH-04,48.9,8.0,Cancelled
SHIP-001447,ORD-001447,WH-03,19.07,2.0,Shipped
SHIP-001448,ORD-001448,WH-02,38.36,7.0,Cancelled
SHIP-001449,ORD-001449,WH-02,26.12,3.0,Delivered
SHIP-001450,ORD-001450,WH-04,38.12,8.0,Cancelled
SHIP-001451,ORD-001451,WH-03,55.38,27.0,Delivered
SHIP-001452,ORD-001452,WH-01,34.91,8.0,Shipped
SHIP-001453,ORD-001453,WH-04,22.65,7.0,Delivered
SHIP-001454,ORD-001454,WH-03,103.80000000000001,7.0,Delivered
SHIP-001455,ORD-001455,WH-04,39.09,4.0,Delivered
SHIP-001456,ORD-001456,WH-01,42.97,9.0,Cancelled
SHIP-001457,ORD-001457,WH-01,18.35,5.0,Delivered
SHIP-001458,ORD-001458,WH-05,45.34,10.0,Shipped
SHIP-001459,ORD-001459,WH-05,51.7,12.0,Delivered
SHIP-001460,ORD-001460,WH-05,25.09,10.0,Shipped
SHIP-001461,ORD-001461,WH-04,34.77,8.0,Delivered
SHIP-001462,ORD-001462,WH-05,30.08,22.0,Cancelled
SHIP-001463,ORD-001463,WH-04,23.95,5.0,Shipped
SHIP-001464,ORD-001464,WH-05,14.83,,Delivered
SHIP-001465,ORD-001465,WH-02,52.24,5.0,Delivered
SHIP-001466,ORD-001466,WH-03,191.1,12.0,Cancelled
SHIP-001467,ORD-001467,WH-05,34.66,9.0,Delivered
SHIP-001468,ORD-001468,WH-05,49.29,9.0,Cancelled
SHIP-001469,ORD-001469,WH-04,47.56,9.0,Delivered
SHIP-001470,ORD-001470,WH-01,35.34,5.0,Shipped
SHIP-001471,ORD-001471,WH-02,42.47,4.0,Delivered
SHIP-001472,ORD-001472,WH-03,24.92,10.0,Delivered
SHIP-001473,ORD-001473,WH-02,19.44,5.0,Delivered
SHIP-001474,ORD-001474,WH-04,37.13,9.0,Delivered
SHIP-001475,ORD-001475,WH-01,35.19,6.0,Delivered
SHIP-001476,ORD-001476,WH-02,51.05,7.0,Delivered
SHIP-001477,ORD-001477,WH-01,49.46,9.0,Shipped
SHIP-001478,ORD-001478,WH-02,11.68,10.0,Delivered
SHIP-001479,ORD-001479,WH-01,32.08,8.0,Delivered
SHIP-001480,ORD-001480,WH-04,37.26,7.0,Delivered
SHIP-001481,ORD-001481,WH-04,30.19,32.0,Cancelled
SHIP-001482,ORD-001482,WH-01,36.73,10.0,Shipped
SHIP-001483,ORD-001483,WH-02,28.25,3.0,Delivered
SHIP-001484,ORD-001484,WH-01,29.82,7.0,Cancelled
SHIP-001485,ORD-001485,WH-01,30.99,29.0,Cancelled
SHIP-001486,ORD-001486,WH-02,40.81,7.0,Delivered
SHIP-001487,ORD-001487,WH-04,55.03,5.0,Cancelled
SHIP-001488,ORD-001488,WH-01,40.38,,Delivered
SHIP-001489,ORD-001489,WH-05,34.46,10.0,Shipped
SHIP-001490,ORD-001490,WH-05,47.69,6.0,Cancelled
SHIP-001491,ORD-001491,WH-01,40.36,8.0,Shipped
SHIP-001492,ORD-001492,WH-02,45.22,7.0,Delivered
SHIP-001493,ORD-001493,WH-03,13.93,2.0,Shipped
SHIP-001494,ORD-001494,WH-02,43.26,2.0,Shipped
SHIP-001495,ORD-001495,WH-01,40.8,,Delivered
SHIP-001496,ORD-001496,WH-02,21.77,7.0,Shipped
SHIP-001497,ORD-001497,WH-04,27.97,7.0,Delivered
SHIP-001498,ORD-001498,WH-03,10.33,9.0,Cancelled
SHIP-001499,ORD-001499,WH-04,51.62,6.0,Cancelled
SHIP-001500,ORD-001500,WH-05,49.98,4.0,Delivered
SHIP-001501,ORD-001501,WH-03,19.98,9.0,Delivered
SHIP-001502,ORD-001502,WH-04,17.1,10.0,Delivered
SHIP-001503,ORD-001503,WH-04,31.91,6.0,Shipped
SHIP-001504,ORD-001504,WH-05,23.24,9.0,Delivered
SHIP-001505,ORD-001505,WH-03,43.82,4.0,Delivered
SHIP-001506,ORD-001506,WH-01,30.46,6.0,Delivered
SHIP-001507,ORD-001507,WH-03,47.9,7.0,Cancelled
SHIP-001508,ORD-001508,WH-04,10.46,4.0,Shipped
SHIP-001509,ORD-001509,WH-02,36.18,22.0,Shipped
SHIP-001510,ORD-001510,WH-05,40.83,7.0,Delivered
SHIP-001511,ORD-001511,WH-05,28.46,7.0,Shipped
SHIP-001512,ORD-001512,WH-05,18.86,5.0,Delivered
SHIP-001513,ORD-001513,WH-04,39.02,,Delivered
SHIP-001514,ORD-001514,WH-05,43.66,7.0,Delivered
SHIP-001515,ORD-001515,WH-04,52.86,4.0,Delivered
SHIP-001516,ORD-001516,WH-04,12.31,4.0,Delivered
SHIP-001517,ORD-001517,WH-02,33.73,4.0,Delivered
SHIP-001518,ORD-001518,WH-02,26.66,10.0,Delivered
SHIP-001519,ORD-001519,WH-04,44.64,5.0,Cancelled
SHIP-001520,ORD-001520,WH-04,48.27,9.0,Delivered
SHIP-001521,ORD-001521,WH-05,37.51,9.0,Delivered
SHIP-001522,ORD-001522,WH-03,11.5,4.0,Cancelled
SHIP-001523,ORD-001523,WH-02,237.75,7.0,Delivered
SHIP-001524,ORD-001524,WH-02,27.27,5.0,Shipped
SHIP-001525,ORD-001525,WH-03,51.62,5.0,Delivered
SHIP-001526,ORD-001526,WH-02,24.92,2.0,Delivered
SHIP-001527,ORD-001527,WH-01,12.69,6.0,Delivered
SHIP-001528,ORD-001528,WH-03,50.72,9.0,Delivered
SHIP-001529,ORD-001529,WH-02,56.1,11.0,Delivered
SHIP-001530,ORD-001530,WH-05,42.66,6.0,Cancelled
SHIP-001531,ORD-001531,WH-01,37.63,5.0,Delivered
SHIP-001532,ORD-001532,WH-04,33.25,4.0,Shipped
SHIP-001533,ORD-001533,WH-02,44.45,5.0,Delivered
SHIP-001534,ORD-001534,WH-01,35.77,5.0,Shipped
SHIP-001535,ORD-001535,WH-02,42.92,31.0,Delivered
SHIP-001536,ORD-001536,WH-02,24.02,8.0,Delivered
SHIP-001537,ORD-001537,WH-02,19.1,,Delivered
SHIP-001538,ORD-001538,WH-02,16.54,7.0,Delivered
SHIP-001539,ORD-001539,WH-05,23.75,6.0,Shipped
SHIP-001540,ORD-001540,WH-03,10.69,12.0,Delivered
SHIP-001541,ORD-001541,WH-03,23.17,6.0,Delivered
SHIP-001542,ORD-001542,WH-05,53.73,5.0,Delivered
SHIP-001543,ORD-001543,WH-04,37.67,6.0,Cancelled
SHIP-001544,ORD-001544,WH-03,28.32,7.0,Delivered
SHIP-001545,ORD-001545,WH-04,15.89,7.0,Delivered
SHIP-001546,ORD-001546,WH-02,23.25,8.0,Delivered
SHIP-001547,ORD-001547,WH-04,29.91,9.0,Delivered
SHIP-001548,ORD-001548,WH-03,16.09,12.0,Delivered
SHIP-001549,ORD-001549,WH-04,45.82,5.0,Delivered
SHIP-001550,ORD-001550,WH-05,42.55,7.0,Delivered
SHIP-001551,ORD-001551,WH-02,16.84,4.0,Delivered
SHIP-001552,ORD-001552,WH-01,35.37,8.0,Delivered
SHIP-001553,ORD-001553,WH-04,33.18,3.0,Delivered
SHIP-001554,ORD-001554,WH-05,29.53,10.0,Delivered
SHIP-001555,ORD-001555,WH-01,55.35,4.0,Shipped
SHIP-001556,ORD-001556,WH-04,23.2,7.0,Delivered
SHIP-001557,ORD-001557,WH-01,46.17,6.0,Cancelled
SHIP-001558,ORD-001558,WH-03,46.4,6.0,Shipped
SHIP-001559,ORD-001559,WH-01,51.64,4.0,Shipped
SHIP-001560,ORD-001560,WH-05,34.6,6.0,Delivered
SHIP-001561,ORD-001561,WH-01,35.39,5.0,Delivered
SHIP-001562,ORD-001562,WH-01,8.73,4.0,Delivered
SHIP-001563,ORD-001563,WH-03,186.85,7.0,Delivered
SHIP-001564,ORD-001564,WH-05,22.34,3.0,Delivered
SHIP-001565,ORD-001565,WH-04,47.8,4.0,Delivered
SHIP-001566,ORD-001566,WH-01,21.29,5.0,Delivered
SHIP-001567,ORD-001567,WH-01,29.2,9.0,Delivered
SHIP-001568,ORD-001568,WH-03,34.57,2.0,Delivered
SHIP-001569,ORD-001569,WH-01,185.45000000000002,7.0,Delivered
SHIP-001570,ORD-001570,WH-05,39.51,4.0,Cancelled
SHIP-001571,ORD-001571,WH-04,49.95,5.0,Delivered
SHIP-001572,ORD-001572,WH-03,9.15,2.0,Delivered
SHIP-001573,ORD-001573,WH-02,44.12,6.0,Delivered
SHIP-001574,ORD-001574,WH-02,57.72,11.0,Delivered
SHIP-001575,ORD-001575,WH-04,50.02,10.0,Delivered
SHIP-001576,ORD-001576,WH-02,20.0,7.0,Shipped
SHIP-001577,ORD-001577,WH-04,51.27,6.0,Delivered
SHIP-001578,ORD-001578,WH-03,35.79,23.0,Delivered
SHIP-001579,ORD-001579,WH-05,16.83,6.0,Delivered
SHIP-001580,ORD-001580,WH-04,26.29,6.0,Delivered
SHIP-001581,ORD-001581,WH-01,16.93,7.0,Cancelled
SHIP-001582,ORD-001582,WH-04,22.54,12.0,Delivered
SHIP-001583,ORD-001583,WH-02,37.68,9.0,Delivered
SHIP-001584,ORD-001584,WH-02,51.53,,Delivered
SHIP-001585,ORD-001585,WH-01,31.67,7.0,Delivered
SHIP-001586,ORD-001586,WH-01,24.3,6.0,Delivered
SHIP-001587,ORD-001587,WH-03,42.48,9.0,Cancelled
SHIP-001588,ORD-001588,WH-03,6.12,4.0,Cancelled
SHIP-001589,ORD-001589,WH-03,38.41,10.0,Delivered
SHIP-001590,ORD-001590,WH-01,48.19,7.0,Delivered
SHIP-001591,ORD-001591,WH-01,38.7,4.0,Shipped
SHIP-001592,ORD-001592,WH-01,14.98,4.0,Delivered
SHIP-001593,ORD-001593,WH-02,48.6,7.0,Shipped
SHIP-001594,ORD-001594,WH-02,23.2,6.0,Delivered
SHIP-001595,ORD-001595,WH-02,46.48,7.0,Delivered
SHIP-001596,ORD-001596,WH-05,46.68,7.0,Delivered
SHIP-001597,ORD-001597,WH-04,59.1,2.0,Shipped
SHIP-001598,ORD-001598,WH-02,18.92,5.0,Delivered
SHIP-001599,ORD-001599,WH-03,19.9,5.0,Delivered
SHIP-001600,ORD-001600,WH-03,26.17,7.0,Shipped
SHIP-001601,ORD-001601,WH-02,45.71,10.0,Cancelled
SHIP-001602,ORD-001602,WH-04,25.1,7.0,Delivered
SHIP-001603,ORD-001603,WH-05,29.61,9.0,Delivered
SHIP-001604,ORD-001604,WH-05,13.19,12.0,Delivered
SHIP-001605,ORD-001605,WH-05,25.79,5.0,Delivered
SHIP-001606,ORD-001606,WH-05,45.24,7.0,Delivered
SHIP-001607,ORD-001607,WH-04,122.30000000000001,6.0,Delivered
SHIP-001608,ORD-001608,WH-01,51.57,6.0,Delivered
SHIP-001609,ORD-001609,WH-03,50.01,9.0,Delivered
SHIP-001610,ORD-001610,WH-01,43.47,7.0,Delivered
SHIP-001611,ORD-001611,WH-04,54.63,7.0,Shipped
SHIP-001612,ORD-001612,WH-03,47.03,7.0,Delivered
SHIP-001613,ORD-001613,WH-04,31.08,2.0,Delivered
SHIP-001614,ORD-001614,WH-01,28.76,4.0,Shipped
SHIP-001615,ORD-001615,WH-05,19.88,8.0,Cancelled
SHIP-001616,ORD-001616,WH-05,26.56,26.0,Delivered
SHIP-001617,ORD-001617,WH-05,40.37,11.0,Delivered
SHIP-001618,ORD-001618,WH-02,31.32,11.0,Delivered
SHIP-001619,ORD-001619,WH-03,20.01,4.0,Delivered
SHIP-001620,ORD-001620,WH-05,23.43,23.0,Cancelled
SHIP-001621,ORD-001621,WH-03,50.27,7.0,Delivered
SHIP-001622,ORD-001622,WH-05,24.38,12.0,Delivered
SHIP-001623,ORD-001623,WH-01,16.89,3.0,Cancelled
SHIP-001624,ORD-001624,WH-04,48.79,4.0,Delivered
SHIP-001625,ORD-001625,WH-04,55.32,6.0,Delivered
SHIP-001626,ORD-001626,WH-03,43.33,6.0,Shipped
SHIP-001627,ORD-001627,WH-05,30.0,4.0,Shipped
SHIP-001628,ORD-001628,WH-01,52.52,7.0,Delivered
SHIP-001629,ORD-001629,WH-01,37.71,2.0,Delivered
SHIP-001630,ORD-001630,WH-04,25.08,8.0,Delivered
SHIP-001631,ORD-001631,WH-02,47.59,3.0,Delivered
SHIP-001632,ORD-001632,WH-05,31.38,5.0,Delivered
SHIP-001633,ORD-001633,WH-02,44.32,8.0,Cancelled
SHIP-001634,ORD-001634,WH-05,289.54999999999995,9.0,Delivered
SHIP-001635,ORD-001635,WH-04,43.6,3.0,Delivered
SHIP-001636,ORD-001636,WH-01,21.84,4.0,Shipped
SHIP-001637,ORD-001637,WH-03,23.07,5.0,Shipped
SHIP-001638,ORD-001638,WH-03,18.76,10.0,Delivered
SHIP-001639,ORD-001639,WH-01,44.85,9.0,Delivered
SHIP-001640,ORD-001640,WH-02,43.01,3.0,Delivered
SHIP-001641,ORD-001641,WH-04,35.32,8.0,Delivered
SHIP-001642,ORD-001642,WH-01,12.33,11.0,Delivered
SHIP-001643,ORD-001643,WH-01,36.87,7.0,Shipped
SHIP-001644,ORD-001644,WH-04,48.56,10.0,Delivered
SHIP-001645,ORD-001645,WH-02,43.67,6.0,Cancelled
SHIP-001646,ORD-001646,WH-03,34.73,3.0,Delivered
SHIP-001647,ORD-001647,WH-01,26.76,6.0,Delivered
SHIP-001648,ORD-001648,WH-05,24.16,10.0,Delivered
SHIP-001649,ORD-001649,WH-01,16.01,4.0,Delivered
SHIP-001650,ORD-001650,WH-05,12.64,10.0,Delivered
SHIP-001651,ORD-001651,WH-05,40.73,26.0,Delivered
SHIP-001652,ORD-001652,WH-03,33.16,5.0,Delivered
SHIP-001653,ORD-001653,WH-03,30.2,5.0,Shipped
SHIP-001654,ORD-001654,WH-05,44.95,6.0,Delivered
SHIP-001655,ORD-001655,WH-01,49.03,2.0,Delivered
SHIP-001656,ORD-001656,WH-04,51.3,5.0,Delivered
SHIP-001657,ORD-001657,WH-01,17.87,9.0,Delivered
SHIP-001658,ORD-001658,WH-02,34.6,11.0,Delivered
SHIP-001659,ORD-001659,WH-01,13.67,6.0,Delivered
SHIP-001660,ORD-001660,WH-01,35.44,9.0,Delivered
SHIP-001661,ORD-001661,WH-04,48.45,8.0,Delivered
SHIP-001662,ORD-001662,WH-03,35.62,12.0,Delivered
SHIP-001663,ORD-001663,WH-03,52.35,8.0,Shipped
SHIP-001664,ORD-001664,WH-01,46.69,9.0,Shipped
SHIP-001665,ORD-001665,WH-01,48.96,11.0,Cancelled
SHIP-001666,ORD-001666,WH-03,21.13,4.0,Delivered
SHIP-001667,ORD-001667,WH-03,37.2,12.0,Shipped
SHIP-001668,ORD-001668,WH-01,11.32,7.0,Delivered
SHIP-001669,ORD-001669,WH-03,18.81,5.0,Delivered
SHIP-001670,ORD-001670,WH-04,13.55,4.0,Cancelled
SHIP-001671,ORD-001671,WH-02,56.67,9.0,Delivered
SHIP-001672,ORD-001672,WH-04,30.65,7.0,Delivered
SHIP-001673,ORD-001673,WH-05,178.85000000000002,12.0,Delivered
SHIP-001674,ORD-001674,WH-05,25.47,10.0,Shipped
SHIP-001675,ORD-001675,WH-03,52.18,5.0,Delivered
SHIP-001676,ORD-001676,WH-04,40.67,5.0,Delivered
SHIP-001677,ORD-001677,WH-01,42.44,8.0,Delivered
SHIP-001678,ORD-001678,WH-04,37.84,5.0,Cancelled
SHIP-001679,ORD-001679,WH-01,34.63,10.0,Delivered
SHIP-001680,ORD-001680,WH-04,42.05,3.0,Delivered
SHIP-001681,ORD-001681,WH-05,13.35,7.0,Delivered
SHIP-001682,ORD-001682,WH-04,52.35,3.0,Delivered
SHIP-001683,ORD-001683,WH-03,37.86,5.0,Delivered
SHIP-001684,ORD-001684,WH-02,34.88,30.0,Delivered
SHIP-001685,ORD-001685,WH-03,41.03,26.0,Cancelled
SHIP-001686,ORD-001686,WH-01,44.24,7.0,Delivered
SHIP-001687,ORD-001687,WH-01,36.73,7.0,Delivered
SHIP-001688,ORD-001688,WH-01,42.55,5.0,Shipped
SHIP-001689,ORD-001689,WH-02,46.97,7.0,Delivered
SHIP-001690,ORD-001690,WH-05,25.97,7.0,Delivered
SHIP-001691,ORD-001691,WH-02,23.54,4.0,Delivered
SHIP-001692,ORD-001692,WH-02,32.97,11.0,Cancelled
SHIP-001693,ORD-001693,WH-01,9.24,6.0,Cancelled
SHIP-001694,ORD-001694,WH-01,37.35,3.0,Delivered
SHIP-001695,ORD-001695,WH-01,35.59,9.0,Delivered
SHIP-001696,ORD-001696,WH-02,37.54,5.0,Delivered
SHIP-001697,ORD-001697,WH-03,50.66,7.0,Cancelled
SHIP-001698,ORD-001698,WH-04,51.11,9.0,Delivered
SHIP-001699,ORD-001699,WH-05,24.57,7.0,Delivered
SHIP-001700,ORD-001700,WH-03,35.34,6.0,Delivered
SHIP-001701,ORD-001701,WH-05,22.98,6.0,Delivered
SHIP-001702,ORD-001702,WH-02,56.84,11.0,Shipped
SHIP-001703,ORD-001703,WH-02,21.46,7.0,Delivered
SHIP-001704,ORD-001704,WH-05,261.5,4.0,Delivered
SHIP-001705,ORD-001705,WH-05,13.55,2.0,Cancelled
SHIP-001706,ORD-001706,WH-04,9.07,7.0,Delivered
SHIP-001707,ORD-001707,WH-02,149.3,2.0,Shipped
SHIP-001708,ORD-001708,WH-04,27.63,8.0,Cancelled
SHIP-001709,ORD-001709,WH-05,12.36,7.0,Delivered
SHIP-001710,ORD-001710,WH-01,16.13,5.0,Shipped
SHIP-001711,ORD-001711,WH-04,37.11,3.0,Delivered
SHIP-001712,ORD-001712,WH-05,30.24,8.0,Cancelled
SHIP-001713,ORD-001713,WH-04,19.24,5.0,Cancelled
SHIP-001714,ORD-001714,WH-03,24.07,8.0,Delivered
SHIP-001715,ORD-001715,WH-05,13.55,11.0,Delivered
SHIP-001716,ORD-001716,WH-05,29.58,7.0,Delivered
SHIP-001717,ORD-001717,WH-01,46.11,4.0,Delivered
SHIP-001718,ORD-001718,WH-04,32.46,7.0,Cancelled
SHIP-001719,ORD-001719,WH-04,48.62,3.0,Cancelled
SHIP-001720,ORD-001720,WH-03,6.92,8.0,Shipped
SHIP-001721,ORD-001721,WH-05,27.35,10.0,Delivered
SHIP-001722,ORD-001722,WH-04,13.72,3.0,Delivered
SHIP-001723,ORD-001723,WH-01,45.73,9.0,Delivered
SHIP-001724,ORD-001724,WH-05,30.68,6.0,Delivered
SHIP-001725,ORD-001725,WH-01,21.31,7.0,Shipped
SHIP-001726,ORD-001726,WH-02,47.25,7.0,Cancelled
SHIP-001727,ORD-001727,WH-04,47.07,25.0,Delivered
SHIP-001728,ORD-001728,WH-05,177.45000000000002,9.0,Cancelled
SHIP-001729,ORD-001729,WH-04,47.8,4.0,Delivered
SHIP-001730,ORD-001730,WH-03,142.65,7.0,Delivered
SHIP-001731,ORD-001731,WH-05,29.82,10.0,Delivered
SHIP-001732,ORD-001732,WH-05,37.95,7.0,Delivered
SHIP-001733,ORD-001733,WH-03,36.21,9.0,Delivered
SHIP-001734,ORD-001734,WH-01,189.4,8.0,Delivered
SHIP-001735,ORD-001735,WH-05,11.19,4.0,Shipped
SHIP-001736,ORD-001736,WH-05,32.37,4.0,Delivered
SHIP-001737,ORD-001737,WH-03,19.69,6.0,Shipped
SHIP-001738,ORD-001738,WH-01,24.1,6.0,Cancelled
SHIP-001739,ORD-001739,WH-03,17.08,7.0,Delivered
SHIP-001740,ORD-001740,WH-01,28.05,4.0,Delivered
SHIP-001741,ORD-001741,WH-04,41.33,7.0,Delivered
SHIP-001742,ORD-001742,WH-02,31.42,6.0,Delivered
SHIP-001743,ORD-001743,WH-05,37.67,9.0,Shipped
SHIP-001744,ORD-001744,WH-04,9.71,8.0,Delivered
SHIP-001745,ORD-001745,WH-04,17.34,8.0,Shipped
SHIP-001746,ORD-001746,WH-03,20.18,4.0,Delivered
SHIP-001747,ORD-001747,WH-05,27.95,2.0,Delivered
SHIP-001748,ORD-001748,WH-02,14.76,8.0,Delivered
SHIP-001749,ORD-001749,WH-03,46.51,22.0,Delivered
SHIP-001750,ORD-001750,WH-03,33.17,10.0,Delivered
SHIP-001751,ORD-001751,WH-04,25.05,9.0,Shipped
SHIP-001752,ORD-001752,WH-02,16.8,6.0,Delivered
SHIP-001753,ORD-001753,WH-05,22.36,6.0,Shipped
SHIP-001754,ORD-001754,WH-01,19.24,11.0,Delivered
SHIP-001755,ORD-001755,WH-04,53.26,4.0,Cancelled
SHIP-001756,ORD-001756,WH-03,149.2,5.0,Cancelled
SHIP-001757,ORD-001757,WH-02,32.78,5.0,Cancelled
SHIP-001758,ORD-001758,WH-01,29.8,4.0,Delivered
SHIP-001759,ORD-001759,WH-03,50.92,7.0,Delivered
SHIP-001760,ORD-001760,WH-05,57.35,11.0,Delivered
SHIP-001761,ORD-001761,WH-02,35.61,9.0,Delivered
SHIP-001762,ORD-001762,WH-04,21.98,5.0,Cancelled
SHIP-001763,ORD-001763,WH-01,31.54,5.0,Delivered
SHIP-001764,ORD-001764,WH-03,37.84,12.0,Delivered
SHIP-001765,ORD-001765,WH-05,11.57,7.0,Delivered
SHIP-001766,ORD-001766,WH-03,24.37,4.0,Delivered
SHIP-001767,ORD-001767,WH-04,18.46,24.0,Delivered
SHIP-001768,ORD-001768,WH-02,52.89,5.0,Delivered
SHIP-001769,ORD-001769,WH-04,12.49,5.0,Delivered
SHIP-001770,ORD-001770,WH-05,36.93,5.0,Delivered
SHIP-001771,ORD-001771,WH-03,26.58,3.0,Shipped
SHIP-001772,ORD-001772,WH-03,46.7,7.0,Cancelled
SHIP-001773,ORD-001773,WH-02,52.47,3.0,Delivered
SHIP-001774,ORD-001774,WH-02,43.6,8.0,Cancelled
SHIP-001775,ORD-001775,WH-05,19.2,7.0,Delivered
SHIP-001776,ORD-001776,WH-03,48.36,6.0,Delivered
SHIP-001777,ORD-001777,WH-04,40.89,11.0,Delivered
SHIP-001778,ORD-001778,WH-02,28.81,5.0,Delivered
SHIP-001779,ORD-001779,WH-01,47.11,7.0,Delivered
SHIP-001780,ORD-001780,WH-01,12.1,6.0,Delivered
SHIP-001781,ORD-001781,WH-02,38.68,8.0,Delivered
SHIP-001782,ORD-001782,WH-03,39.39,3.0,Shipped
SHIP-001783,ORD-001783,WH-01,44.56,4.0,Delivered
SHIP-001784,ORD-001784,WH-02,45.97,7.0,Cancelled
SHIP-001785,ORD-001785,WH-03,45.27,,Delivered
SHIP-001786,ORD-001786,WH-05,16.94,28.0,Delivered
SHIP-001787,ORD-001787,WH-01,44.85,7.0,Delivered
SHIP-001788,ORD-001788,WH-02,14.65,6.0,Delivered
SHIP-001789,ORD-001789,WH-05,15.91,6.0,Delivered
SHIP-001790,ORD-001790,WH-03,14.16,32.0,Cancelled
SHIP-001791,ORD-001791,WH-01,29.73,5.0,Delivered
SHIP-001792,ORD-001792,WH-03,38.0,6.0,Delivered
SHIP-001793,ORD-001793,WH-02,47.14,9.0,Delivered
SHIP-001794,ORD-001794,WH-04,7.95,3.0,Delivered
SHIP-001795,ORD-001795,WH-02,39.4,8.0,Delivered
SHIP-001796,ORD-001796,WH-03,48.05,,Delivered
SHIP-001797,ORD-001797,WH-04,42.18,8.0,Delivered
SHIP-001798,ORD-001798,WH-03,195.10000000000002,6.0,Delivered
SHIP-001799,ORD-001799,WH-03,35.92,7.0,Cancelled
SHIP-001800,ORD-001800,WH-03,37.53,30.0,Delivered
SHIP-001801,ORD-001801,WH-01,38.77,25.0,Delivered
SHIP-001802,ORD-001802,WH-03,27.46,11.0,Delivered
SHIP-001803,ORD-001803,WH-04,46.28,9.0,Shipped
SHIP-001804,ORD-001804,WH-05,44.02,6.0,Delivered
SHIP-001805,ORD-001805,WH-04,39.7,4.0,Delivered
SHIP-001806,ORD-001806,WH-04,17.86,7.0,Delivered
SHIP-001807,ORD-001807,WH-03,54.8,3.0,Cancelled
SHIP-001808,ORD-001808,WH-03,32.18,2.0,Cancelled
SHIP-001809,ORD-001809,WH-02,16.3,2.0,Cancelled
SHIP-001810,ORD-001810,WH-04,36.28,10.0,Delivered
SHIP-001811,ORD-001811,WH-04,45.89,7.0,Delivered
SHIP-001812,ORD-001812,WH-02,35.44,6.0,Delivered
SHIP-001813,ORD-001813,WH-05,45.67,5.0,Delivered
SHIP-001814,ORD-001814,WH-02,18.7,5.0,Shipped
SHIP-001815,ORD-001815,WH-03,48.51,5.0,Delivered
SHIP-001816,ORD-001816,WH-05,12.39,5.0,Delivered
SHIP-001817,ORD-001817,WH-04,23.95,3.0,Cancelled
SHIP-001818,ORD-001818,WH-05,30.67,12.0,Cancelled
SHIP-001819,ORD-001819,WH-01,20.48,10.0,Delivered
SHIP-001820,ORD-001820,WH-05,23.61,7.0,Cancelled
SHIP-001821,ORD-001821,WH-04,12.45,3.0,Shipped
SHIP-001822,ORD-001822,WH-05,221.55,7.0,Shipped
SHIP-001823,ORD-001823,WH-04,13.15,6.0,Shipped
SHIP-001824,ORD-001824,WH-04,20.27,,Cancelled
SHIP-001825,ORD-001825,WH-02,30.28,7.0,Delivered
SHIP-001826,ORD-001826,WH-01,14.56,3.0,Delivered
SHIP-001827,ORD-001827,WH-01,45.099999999999994,7.0,Delivered
SHIP-001828,ORD-001828,WH-04,26.93,,Shipped
SHIP-001829,ORD-001829,WH-04,17.2,10.0,Delivered
SHIP-001830,ORD-001830,WH-02,37.44,6.0,Cancelled
SHIP-001831,ORD-001831,WH-04,9.81,5.0,Delivered
SHIP-001832,ORD-001832,WH-04,48.08,5.0,Shipped
SHIP-001833,ORD-001833,WH-01,23.87,4.0,Delivered
SHIP-001834,ORD-001834,WH-05,19.57,9.0,Delivered
SHIP-001835,ORD-001835,WH-01,24.0,9.0,Delivered
SHIP-001836,ORD-001836,WH-02,52.39,,Cancelled
SHIP-001837,ORD-001837,WH-05,8.05,3.0,Delivered
SHIP-001838,ORD-001838,WH-03,25.78,7.0,Delivered
SHIP-001839,ORD-001839,WH-02,51.87,5.0,Delivered
SHIP-001840,ORD-001840,WH-05,51.31,9.0,Shipped
SHIP-001841,ORD-001841,WH-04,58.08,12.0,Shipped
SHIP-001842,ORD-001842,WH-04,38.16,29.0,Delivered
SHIP-001843,ORD-001843,WH-05,10.99,2.0,Shipped
SHIP-001844,ORD-001844,WH-01,27.48,7.0,Shipped
SHIP-001845,ORD-001845,WH-01,31.07,,Delivered
SHIP-001846,ORD-001846,WH-03,31.09,5.0,Delivered
SHIP-001847,ORD-001847,WH-02,40.02,7.0,Shipped
SHIP-001848,ORD-001848,WH-04,19.53,4.0,Cancelled
SHIP-001849,ORD-001849,WH-04,22.19,3.0,Shipped
SHIP-001850,ORD-001850,WH-03,45.95,3.0,Delivered
SHIP-001851,ORD-001851,WH-05,27.68,6.0,Delivered
SHIP-001852,ORD-001852,WH-05,25.76,3.0,Delivered
SHIP-001853,ORD-001853,WH-05,52.09,7.0,Shipped
SHIP-001854,ORD-001854,WH-02,7.92,2.0,Delivered
SHIP-001855,ORD-001855,WH-04,75.1,6.0,Delivered
SHIP-001856,ORD-001856,WH-03,28.66,10.0,Delivered
SHIP-001857,ORD-001857,WH-02,47.44,10.0,Delivered
SHIP-001858,ORD-001858,WH-04,42.39,4.0,Delivered
SHIP-001859,ORD-001859,WH-05,26.15,9.0,Delivered
SHIP-001860,ORD-001860,WH-04,24.67,7.0,Delivered
SHIP-001861,ORD-001861,WH-03,23.75,3.0,Delivered
SHIP-001862,ORD-001862,WH-02,43.82,5.0,Delivered
SHIP-001863,ORD-001863,WH-01,44.39,6.0,Delivered
SHIP-001864,ORD-001864,WH-02,17.58,7.0,Delivered
SHIP-001865,ORD-001865,WH-05,31.8,4.0,Shipped
SHIP-001866,ORD-001866,WH-01,11.79,11.0,Shipped
SHIP-001867,ORD-001867,WH-01,49.14,6.0,Shipped
SHIP-001868,ORD-001868,WH-04,19.07,4.0,Delivered
SHIP-001869,ORD-001869,WH-04,47.52,4.0,Delivered
SHIP-001870,ORD-001870,WH-04,49.22,12.0,Cancelled
SHIP-001871,ORD-001871,WH-01,44.02,9.0,Delivered
SHIP-001872,ORD-001872,WH-01,46.05,3.0,Delivered
SHIP-001873,ORD-001873,WH-04,39.74,8.0,Shipped
SHIP-001874,ORD-001874,WH-05,9.82,3.0,Delivered
SHIP-001875,ORD-001875,WH-05,34.87,7.0,Delivered
SHIP-001876,ORD-001876,WH-02,38.35,5.0,Delivered
SHIP-001877,ORD-001877,WH-05,17.58,4.0,Delivered
SHIP-001878,ORD-001878,WH-02,32.77,7.0,Delivered
SHIP-001879,ORD-001879,WH-05,27.51,4.0,Delivered
SHIP-001880,ORD-001880,WH-04,41.34,9.0,Shipped
SHIP-001881,ORD-001881,WH-05,235.2,11.0,Shipped
SHIP-001882,ORD-001882,WH-05,55.96,5.0,Delivered
SHIP-001883,ORD-001883,WH-05,45.27,7.0,Shipped
SHIP-001884,ORD-001884,WH-02,54.72,10.0,Delivered
SHIP-001885,ORD-001885,WH-03,24.13,3.0,Delivered
SHIP-001886,ORD-001886,WH-03,46.62,7.0,Cancelled
SHIP-001887,ORD-001887,WH-04,13.1,8.0,Cancelled
SHIP-001888,ORD-001888,WH-05,11.75,8.0,Delivered
SHIP-001889,ORD-001889,WH-04,45.92,7.0,Delivered
SHIP-001890,ORD-001890,WH-05,8.22,3.0,Delivered
SHIP-001891,ORD-001891,WH-05,37.67,4.0,Delivered
SHIP-001892,ORD-001892,WH-05,25.42,6.0,Delivered
SHIP-001893,ORD-001893,WH-04,14.75,6.0,Delivered
SHIP-001894,ORD-001894,WH-03,45.01,11.0,Delivered
SHIP-001895,ORD-001895,WH-03,35.3,3.0,Delivered
SHIP-001896,ORD-001896,WH-05,10.86,6.0,Cancelled
SHIP-001897,ORD-001897,WH-04,13.91,9.0,Cancelled
SHIP-001898,ORD-001898,WH-02,32.15,4.0,Delivered
SHIP-001899,ORD-001899,WH-02,50.87,2.0,Delivered
SHIP-001900,ORD-001900,WH-05,46.58,28.0,Shipped
SHIP-001901,ORD-001901,WH-05,40.69,5.0,Delivered
SHIP-001902,ORD-001902,WH-03,43.24,9.0,Delivered
SHIP-001903,ORD-001903,WH-05,46.45,4.0,Delivered
SHIP-001904,ORD-001904,WH-05,38.39,7.0,Delivered
SHIP-001905,ORD-001905,WH-04,34.33,3.0,Delivered
SHIP-001906,ORD-001906,WH-04,149.9,2.0,Delivered
SHIP-001907,ORD-001907,WH-04,17.87,10.0,Cancelled
SHIP-001908,ORD-001908,WH-03,19.15,5.0,Delivered
SHIP-001909,ORD-001909,WH-02,42.97,8.0,Delivered
SHIP-001910,ORD-001910,WH-01,29.02,7.0,Delivered
SHIP-001911,ORD-001911,WH-03,37.99,3.0,Delivered
SHIP-001912,ORD-001912,WH-01,27.37,,Delivered
SHIP-001913,ORD-001913,WH-04,119.85,5.0,Cancelled
SHIP-001914,ORD-001914,WH-02,52.25,9.0,Shipped
SHIP-001915,ORD-001915,WH-05,23.65,,Cancelled
SHIP-001916,ORD-001916,WH-05,12.92,,Delivered
SHIP-001917,ORD-001917,WH-04,49.51,6.0,Delivered
SHIP-001918,ORD-001918,WH-04,52.05,6.0,Delivered
SHIP-001919,ORD-001919,WH-04,18.28,9.0,Delivered
SHIP-001920,ORD-001920,WH-03,23.09,7.0,Delivered
SHIP-001921,ORD-001921,WH-04,16.69,3.0,Delivered
SHIP-001922,ORD-001922,WH-01,36.22,4.0,Delivered
SHIP-001923,ORD-001923,WH-02,31.77,4.0,Delivered
SHIP-001924,ORD-001924,WH-04,27.14,9.0,Delivered
SHIP-001925,ORD-001925,WH-02,52.25,9.0,Delivered
SHIP-001926,ORD-001926,WH-02,211.55,12.0,Cancelled
SHIP-001927,ORD-001927,WH-01,39.76,6.0,Cancelled
SHIP-001928,ORD-001928,WH-05,31.75,,Delivered
SHIP-001929,ORD-001929,WH-01,39.21,5.0,Delivered
SHIP-001930,ORD-001930,WH-04,53.36,,Delivered
SHIP-001931,ORD-001931,WH-01,10.51,,Delivered
SHIP-001932,ORD-001932,WH-03,19.96,24.0,Cancelled
SHIP-001933,ORD-001933,WH-02,11.76,5.0,Cancelled
SHIP-001934,ORD-001934,WH-03,47.6,7.0,Shipped
SHIP-001935,ORD-001935,WH-02,39.12,6.0,Delivered
SHIP-001936,ORD-001936,WH-02,43.49,5.0,Cancelled
SHIP-001937,ORD-001937,WH-03,11.22,7.0,Delivered
SHIP-001938,ORD-001938,WH-03,31.05,4.0,Delivered
SHIP-001939,ORD-001939,WH-02,53.87,9.0,Delivered
SHIP-001940,ORD-001940,WH-05,50.93,3.0,Cancelled
SHIP-001941,ORD-001941,WH-05,30.79,6.0,Shipped
SHIP-001942,ORD-001942,WH-02,23.28,11.0,Cancelled
SHIP-001943,ORD-001943,WH-01,55.53,9.0,Delivered
SHIP-001944,ORD-001944,WH-04,15.82,2.0,Delivered
SHIP-001945,ORD-001945,WH-05,9.35,6.0,Delivered
SHIP-001946,ORD-001946,WH-04,27.03,27.0,Delivered
SHIP-001947,ORD-001947,WH-01,192.7,6.0,Delivered
SHIP-001948,ORD-001948,WH-05,39.58,11.0,Delivered
SHIP-001949,ORD-001949,WH-02,12.17,7.0,Cancelled
SHIP-001950,ORD-001950,WH-04,49.89,3.0,Shipped
SHIP-001951,ORD-001951,WH-05,38.32,6.0,Cancelled
SHIP-001952,ORD-001952,WH-03,14.16,5.0,Delivered
SHIP-001953,ORD-001953,WH-02,34.66,5.0,Delivered
SHIP-001954,ORD-001954,WH-05,23.59,7.0,Delivered
SHIP-001955,ORD-001955,WH-03,27.19,7.0,Shipped
SHIP-001956,ORD-001956,WH-01,51.22,11.0,Delivered
SHIP-001957,ORD-001957,WH-01,55.27,4.0,Cancelled
SHIP-001958,ORD-001958,WH-04,52.94,7.0,Delivered
SHIP-001959,ORD-001959,WH-01,26.82,8.0,Cancelled
SHIP-001960,ORD-001960,WH-04,21.29,,Delivered
SHIP-001961,ORD-001961,WH-05,28.14,4.0,Delivered
SHIP-001962,ORD-001962,WH-02,41.22,5.0,Delivered
SHIP-001963,ORD-001963,WH-03,43.83,25.0,Delivered
SHIP-001964,ORD-001964,WH-05,42.37,10.0,Cancelled
SHIP-001965,ORD-001965,WH-04,49.38,9.0,Delivered
SHIP-001966,ORD-001966,WH-04,13.65,8.0,Delivered
SHIP-001967,ORD-001967,WH-05,28.79,7.0,Delivered
SHIP-001968,ORD-001968,WH-01,29.08,27.0,Delivered
SHIP-001969,ORD-001969,WH-03,44.6,6.0,Cancelled
SHIP-001970,ORD-001970,WH-04,25.01,6.0,Delivered
SHIP-001971,ORD-001971,WH-04,40.18,6.0,Delivered
SHIP-001972,ORD-001972,WH-03,22.53,7.0,Delivered
SHIP-001973,ORD-001973,WH-01,15.21,3.0,Cancelled
SHIP-001974,ORD-001974,WH-01,9.64,4.0,Shipped
SHIP-001975,ORD-001975,WH-01,35.6,2.0,Delivered
SHIP-001976,ORD-001976,WH-03,36.92,25.0,Delivered
SHIP-001977,ORD-001977,WH-05,62.85,2.0,Cancelled
SHIP-001978,ORD-001978,WH-04,47.49,7.0,Shipped
SHIP-001979,ORD-001979,WH-01,50.92,8.0,Delivered
SHIP-001980,ORD-001980,WH-03,25.11,9.0,Delivered
SHIP-001981,ORD-001981,WH-03,14.84,9.0,Delivered
SHIP-001982,ORD-001982,WH-05,34.43,6.0,Delivered
SHIP-001983,ORD-001983,WH-01,11.36,8.0,Delivered
SHIP-001984,ORD-001984,WH-04,15.84,4.0,Delivered
SHIP-001985,ORD-001985,WH-03,35.12,9.0,Delivered
SHIP-001986,ORD-001986,WH-03,11.21,8.0,Shipped
SHIP-001987,ORD-001987,WH-02,38.63,9.0,Cancelled
SHIP-001988,ORD-001988,WH-03,22.69,4.0,Delivered
SHIP-001989,ORD-001989,WH-05,46.12,4.0,Delivered
SHIP-001990,ORD-001990,WH-05,50.35,2.0,Delivered
SHIP-001991,ORD-001991,WH-04,41.19,7.0,Delivered
SHIP-001992,ORD-001992,WH-01,19.82,7.0,Delivered
SHIP-001993,ORD-001993,WH-04,55.59,7.0,Shipped
SHIP-001994,ORD-001994,WH-04,41.41,5.0,Cancelled
SHIP-001995,ORD-001995,WH-02,19.83,7.0,Delivered
SHIP-001996,ORD-001996,WH-02,48.97,6.0,Shipped
SHIP-001997,ORD-001997,WH-01,31.82,7.0,Delivered
SHIP-001998,ORD-001998,WH-05,46.22,2.0,Delivered
SHIP-001999,ORD-001999,WH-05,46.3,31.0,Delivered
SHIP-002000,ORD-002000,WH-02,14.18,6.0,Cancelled
SHIP-002001,ORD-002001,WH-04,22.72,25.0,Delivered
SHIP-002002,ORD-002002,WH-05,29.09,5.0,Delivered
SHIP-002003,ORD-002003,WH-05,37.05,6.0,Delivered
SHIP-002004,ORD-002004,WH-02,21.54,6.0,Shipped
SHIP-002005,ORD-002005,WH-01,32.01,11.0,Delivered
SHIP-002006,ORD-002006,WH-04,38.91,10.0,Delivered
SHIP-002007,ORD-002007,WH-05,25.08,7.0,Shipped
SHIP-002008,ORD-002008,WH-01,9.57,3.0,Cancelled
SHIP-002009,ORD-002009,WH-04,54.35,12.0,Delivered
SHIP-002010,ORD-002010,WH-01,45.41,7.0,Delivered
SHIP-002011,ORD-002011,WH-02,49.47,7.0,Cancelled
SHIP-002012,ORD-002012,WH-02,39.69,4.0,Cancelled
SHIP-002013,ORD-002013,WH-05,17.42,6.0,Cancelled
SHIP-002014,ORD-002014,WH-02,33.04,3.0,Delivered
SHIP-002015,ORD-002015,WH-04,35.16,9.0,Delivered
SHIP-002016,ORD-002016,WH-02,13.88,8.0,Delivered
SHIP-002017,ORD-002017,WH-01,18.42,7.0,Delivered
SHIP-002018,ORD-002018,WH-04,15.38,3.0,Delivered
SHIP-002019,ORD-002019,WH-04,55.46,7.0,Delivered
SHIP-002020,ORD-002020,WH-04,29.94,7.0,Delivered
SHIP-002021,ORD-002021,WH-04,46.65,6.0,Delivered
SHIP-002022,ORD-002022,WH-01,37.47,6.0,Delivered
SHIP-002023,ORD-002023,WH-04,25.76,5.0,Delivered
SHIP-002024,ORD-002024,WH-01,51.35,27.0,Delivered
SHIP-002025,ORD-002025,WH-02,8.78,3.0,Delivered
SHIP-002026,ORD-002026,WH-04,33.11,5.0,Shipped
SHIP-002027,ORD-002027,WH-04,18.11,6.0,Shipped
SHIP-002028,ORD-002028,WH-05,26.38,4.0,Delivered
SHIP-002029,ORD-002029,WH-02,32.3,4.0,Delivered
SHIP-002030,ORD-002030,WH-02,29.31,6.0,Delivered
SHIP-002031,ORD-002031,WH-05,37.53,5.0,Cancelled
SHIP-002032,ORD-002032,WH-01,20.3,7.0,Shipped
SHIP-002033,ORD-002033,WH-03,30.31,,Delivered
SHIP-002034,ORD-002034,WH-05,31.11,11.0,Delivered
SHIP-002035,ORD-002035,WH-01,16.99,8.0,Delivered
SHIP-002036,ORD-002036,WH-01,37.58,10.0,Cancelled
SHIP-002037,ORD-002037,WH-02,29.47,3.0,Delivered
SHIP-002038,ORD-002038,WH-02,39.38,6.0,Delivered
SHIP-002039,ORD-002039,WH-02,37.13,4.0,Cancelled
SHIP-002040,ORD-002040,WH-04,31.36,10.0,Cancelled
SHIP-002041,ORD-002041,WH-03,33.2,7.0,Delivered
SHIP-002042,ORD-002042,WH-05,40.56,7.0,Delivered
SHIP-002043,ORD-002043,WH-05,49.21,5.0,Delivered
SHIP-002044,ORD-002044,WH-03,9.96,7.0,Shipped
SHIP-002045,ORD-002045,WH-05,52.31,10.0,Delivered
SHIP-002046,ORD-002046,WH-04,32.25,2.0,Delivered
SHIP-002047,ORD-002047,WH-04,15.6,9.0,Delivered
SHIP-002048,ORD-002048,WH-02,19.19,6.0,Delivered
SHIP-002049,ORD-002049,WH-01,23.05,6.0,Delivered
SHIP-002050,ORD-002050,WH-02,47.12,5.0,Cancelled
SHIP-002051,ORD-002051,WH-03,20.2,27.0,Shipped
SHIP-002052,ORD-002052,WH-03,20.12,10.0,Delivered
SHIP-002053,ORD-002053,WH-01,51.03,12.0,Delivered
SHIP-002054,ORD-002054,WH-04,38.5,9.0,Delivered
SHIP-002055,ORD-002055,WH-03,46.18,26.0,Delivered
SHIP-002056,ORD-002056,WH-04,52.75,6.0,Delivered
SHIP-002057,ORD-002057,WH-03,37.03,7.0,Shipped
SHIP-002058,ORD-002058,WH-02,53.19,4.0,Delivered
SHIP-002059,ORD-002059,WH-02,25.75,6.0,Delivered
SHIP-002060,ORD-002060,WH-02,44.9,11.0,Delivered
SHIP-002061,ORD-002061,WH-02,47.57,6.0,Shipped
SHIP-002062,ORD-002062,WH-01,25.11,7.0,Delivered
SHIP-002063,ORD-002063,WH-02,24.87,,Shipped
SHIP-002064,ORD-002064,WH-03,45.79,6.0,Delivered
SHIP-002065,ORD-002065,WH-03,54.97,,Delivered
SHIP-002066,ORD-002066,WH-05,29.27,9.0,Delivered
SHIP-002067,ORD-002067,WH-04,22.89,5.0,Delivered
SHIP-002068,ORD-002068,WH-05,38.55,3.0,Delivered
SHIP-002069,ORD-002069,WH-03,19.52,2.0,Delivered
SHIP-002070,ORD-002070,WH-04,18.53,7.0,Delivered
SHIP-002071,ORD-002071,WH-03,29.97,7.0,Cancelled
SHIP-002072,ORD-002072,WH-05,106.85000000000001,6.0,Shipped
SHIP-002073,ORD-002073,WH-03,8.94,4.0,Delivered
SHIP-002074,ORD-002074,WH-03,266.05,7.0,Delivered
SHIP-002075,ORD-002075,WH-01,8.66,6.0,Delivered
SHIP-002076,ORD-002076,WH-01,22.51,6.0,Delivered
SHIP-002077,ORD-002077,WH-02,58.7,9.0,Delivered
SHIP-002078,ORD-002078,WH-04,42.83,9.0,Delivered
SHIP-002079,ORD-002079,WH-03,14.18,7.0,Delivered
SHIP-002080,ORD-002080,WH-05,26.74,7.0,Delivered
SHIP-002081,ORD-002081,WH-03,54.46,,Delivered
SHIP-002082,ORD-002082,WH-04,34.43,28.0,Delivered
SHIP-002083,ORD-002083,WH-04,35.41,4.0,Cancelled
SHIP-002084,ORD-002084,WH-04,40.25,9.0,Cancelled
SHIP-002085,ORD-002085,WH-02,46.8,2.0,Delivered
SHIP-002086,ORD-002086,WH-03,48.12,9.0,Delivered
SHIP-002087,ORD-002087,WH-01,28.78,8.0,Delivered
SHIP-002088,ORD-002088,WH-05,28.72,5.0,Delivered
SHIP-002089,ORD-002089,WH-01,13.23,7.0,Cancelled
SHIP-002090,ORD-002090,WH-04,55.31,10.0,Delivered
SHIP-002091,ORD-002091,WH-02,46.18,11.0,Delivered
SHIP-002092,ORD-002092,WH-04,34.69,4.0,Delivered
SHIP-002093,ORD-002093,WH-01,40.35,4.0,Delivered
SHIP-002094,ORD-002094,WH-05,47.2,28.0,Cancelled
SHIP-002095,ORD-002095,WH-01,49.53,6.0,Delivered
SHIP-002096,ORD-002096,WH-03,38.71,4.0,Delivered
SHIP-002097,ORD-002097,WH-02,28.13,12.0,Delivered
SHIP-002098,ORD-002098,WH-02,240.6,7.0,Delivered
SHIP-002099,ORD-002099,WH-04,16.49,7.0,Delivered
SHIP-002100,ORD-002100,WH-02,58.71,7.0,Delivered
SHIP-002101,ORD-002101,WH-04,38.56,3.0,Delivered
SHIP-002102,ORD-002102,WH-01,26.39,10.0,Delivered
SHIP-002103,ORD-002103,WH-02,48.1,4.0,Delivered
SHIP-002104,ORD-002104,WH-01,230.0,2.0,Delivered
SHIP-002105,ORD-002105,WH-01,19.4,8.0,Delivered
SHIP-002106,ORD-002106,WH-02,172.3,5.0,Delivered
SHIP-002107,ORD-002107,WH-05,40.18,3.0,Delivered
SHIP-002108,ORD-002108,WH-02,45.54,2.0,Cancelled
SHIP-002109,ORD-002109,WH-03,42.96,3.0,Delivered
SHIP-002110,ORD-002110,WH-04,44.03,12.0,Delivered
SHIP-002111,ORD-002111,WH-01,223.55,5.0,Delivered
SHIP-002112,ORD-002112,WH-05,50.02,23.0,Delivered
SHIP-002113,ORD-002113,WH-05,34.01,2.0,Delivered
SHIP-002114,ORD-002114,WH-01,31.33,8.0,Delivered
SHIP-002115,ORD-002115,WH-01,52.42,3.0,Delivered
SHIP-002116,ORD-002116,WH-01,268.5,5.0,Shipped
SHIP-002117,ORD-002117,WH-03,47.4,7.0,Delivered
SHIP-002118,ORD-002118,WH-01,36.45,3.0,Delivered
SHIP-002119,ORD-002119,WH-03,233.85000000000002,7.0,Shipped
SHIP-002120,ORD-002120,WH-02,21.26,7.0,Delivered
SHIP-002121,ORD-002121,WH-04,50.81,3.0,Delivered
SHIP-002122,ORD-002122,WH-03,12.82,7.0,Delivered
SHIP-002123,ORD-002123,WH-01,26.49,2.0,Delivered
SHIP-002124,ORD-002124,WH-03,29.7,6.0,Delivered
SHIP-002125,ORD-002125,WH-05,49.51,6.0,Shipped
SHIP-002126,ORD-002126,WH-05,100.35,10.0,Shipped
SHIP-002127,ORD-002127,WH-01,45.94,7.0,Delivered
SHIP-002128,ORD-002128,WH-04,22.03,2.0,Delivered
SHIP-002129,ORD-002129,WH-05,21.4,6.0,Delivered
SHIP-002130,ORD-002130,WH-03,19.41,3.0,Cancelled
SHIP-002131,ORD-002131,WH-03,35.73,6.0,Shipped
SHIP-002132,ORD-002132,WH-01,21.82,5.0,Cancelled
SHIP-002133,ORD-002133,WH-02,55.74,4.0,Shipped
SHIP-002134,ORD-002134,WH-05,8.3,31.0,Cancelled
SHIP-002135,ORD-002135,WH-03,55.87,7.0,Delivered
SHIP-002136,ORD-002136,WH-02,44.41,4.0,Shipped
SHIP-002137,ORD-002137,WH-04,42.72,5.0,Delivered
SHIP-002138,ORD-002138,WH-04,16.26,6.0,Delivered
SHIP-002139,ORD-002139,WH-03,33.79,3.0,Delivered
SHIP-002140,ORD-002140,WH-05,52.03,7.0,Delivered
SHIP-002141,ORD-002141,WH-05,55.67,8.0,Delivered
SHIP-002142,ORD-002142,WH-04,47.17,8.0,Delivered
SHIP-002143,ORD-002143,WH-02,7.75,7.0,Delivered
SHIP-002144,ORD-002144,WH-05,18.86,9.0,Delivered
SHIP-002145,ORD-002145,WH-02,49.72,6.0,Delivered
SHIP-002146,ORD-002146,WH-05,12.1,11.0,Delivered
SHIP-002147,ORD-002147,WH-02,35.85,7.0,Delivered
SHIP-002148,ORD-002148,WH-04,26.11,3.0,Shipped
SHIP-002149,ORD-002149,WH-03,51.27,7.0,Delivered
SHIP-002150,ORD-002150,WH-01,19.85,6.0,Delivered
SHIP-002151,ORD-002151,WH-01,23.0,9.0,Delivered
SHIP-002152,ORD-002152,WH-04,27.58,4.0,Delivered
SHIP-002153,ORD-002153,WH-02,20.2,7.0,Delivered
SHIP-002154,ORD-002154,WH-04,40.43,9.0,Delivered
SHIP-002155,ORD-002155,WH-02,18.51,7.0,Cancelled
SHIP-002156,ORD-002156,WH-01,48.85,5.0,Delivered
SHIP-002157,ORD-002157,WH-03,35.93,7.0,Shipped
SHIP-002158,ORD-002158,WH-05,38.93,5.0,Delivered
SHIP-002159,ORD-002159,WH-01,13.54,9.0,Delivered
SHIP-002160,ORD-002160,WH-03,20.74,6.0,Delivered
SHIP-002161,ORD-002161,WH-03,27.49,6.0,Delivered
SHIP-002162,ORD-002162,WH-05,50.97,6.0,Delivered
SHIP-002163,ORD-002163,WH-05,32.51,9.0,Delivered
SHIP-002164,ORD-002164,WH-05,7.8,3.0,Delivered
SHIP-002165,ORD-002165,WH-04,16.93,7.0,Cancelled
SHIP-002166,ORD-002166,WH-02,49.31,6.0,Delivered
SHIP-002167,ORD-002167,WH-01,38.47,6.0,Delivered
SHIP-002168,ORD-002168,WH-05,47.03,4.0,Cancelled
SHIP-002169,ORD-002169,WH-05,85.45,7.0,Delivered
SHIP-002170,ORD-002170,WH-04,174.7,4.0,Delivered
SHIP-002171,ORD-002171,WH-05,27.95,10.0,Delivered
SHIP-002172,ORD-002172,WH-03,31.54,5.0,Delivered
SHIP-002173,ORD-002173,WH-03,21.83,9.0,Delivered
SHIP-002174,ORD-002174,WH-04,36.19,6.0,Shipped
SHIP-002175,ORD-002175,WH-03,8.92,5.0,Cancelled
SHIP-002176,ORD-002176,WH-05,24.94,7.0,Delivered
SHIP-002177,ORD-002177,WH-03,43.63,26.0,Delivered
SHIP-002178,ORD-002178,WH-02,46.59,11.0,Cancelled
SHIP-002179,ORD-002179,WH-05,49.95,4.0,Delivered
SHIP-002180,ORD-002180,WH-02,26.97,9.0,Delivered
SHIP-002181,ORD-002181,WH-04,47.22,,Shipped
SHIP-002182,ORD-002182,WH-01,38.85,10.0,Delivered
SHIP-002183,ORD-002183,WH-03,23.1,7.0,Delivered
SHIP-002184,ORD-002184,WH-04,190.10000000000002,7.0,Shipped
SHIP-002185,ORD-002185,WH-01,28.8,8.0,Delivered
SHIP-002186,ORD-002186,WH-05,35.7,7.0,Delivered
SHIP-002187,ORD-002187,WH-05,53.22,6.0,Delivered
SHIP-002188,ORD-002188,WH-02,250.25,3.0,Cancelled
SHIP-002189,ORD-002189,WH-04,18.41,11.0,Delivered
SHIP-002190,ORD-002190,WH-04,37.08,9.0,Delivered
SHIP-002191,ORD-002191,WH-03,53.82,9.0,Shipped
SHIP-002192,ORD-002192,WH-03,50.73,9.0,Delivered
SHIP-002193,ORD-002193,WH-05,36.06,10.0,Delivered
SHIP-002194,ORD-002194,WH-01,10.46,7.0,Delivered
SHIP-002195,ORD-002195,WH-01,40.27,12.0,Delivered
SHIP-002196,ORD-002196,WH-02,45.92,9.0,Delivered
SHIP-002197,ORD-002197,WH-03,31.76,7.0,Delivered
SHIP-002198,ORD-002198,WH-05,13.87,7.0,Delivered
SHIP-002199,ORD-002199,WH-02,11.13,10.0,Delivered
SHIP-002200,ORD-002200,WH-04,42.68,5.0,Cancelled
SHIP-002201,ORD-002201,WH-04,44.52,6.0,Shipped
SHIP-002202,ORD-002202,WH-01,21.5,6.0,Delivered
SHIP-002203,ORD-002203,WH-04,48.78,6.0,Delivered
SHIP-002204,ORD-002204,WH-03,30.48,8.0,Cancelled
SHIP-002205,ORD-002205,WH-03,32.84,9.0,Shipped
SHIP-002206,ORD-002206,WH-01,30.53,7.0,Delivered
SHIP-002207,ORD-002207,WH-01,13.08,9.0,Delivered
SHIP-002208,ORD-002208,WH-03,32.95,7.0,Cancelled
SHIP-002209,ORD-002209,WH-01,25.12,6.0,Delivered
SHIP-002210,ORD-002210,WH-05,49.32,8.0,Cancelled
SHIP-002211,ORD-002211,WH-04,43.6,11.0,Delivered
SHIP-002212,ORD-002212,WH-03,27.38,6.0,Delivered
SHIP-002213,ORD-002213,WH-01,10.6,6.0,Cancelled
SHIP-002214,ORD-002214,WH-01,43.01,11.0,Delivered
SHIP-002215,ORD-002215,WH-02,21.72,9.0,Delivered
SHIP-002216,ORD-002216,WH-05,49.89,4.0,Delivered
SHIP-002217,ORD-002217,WH-01,44.06,11.0,Delivered
SHIP-002218,ORD-002218,WH-05,43.15,7.0,Delivered
SHIP-002219,ORD-002219,WH-04,24.3,27.0,Delivered
SHIP-002220,ORD-002220,WH-04,37.65,6.0,Shipped
SHIP-002221,ORD-002221,WH-01,56.42,8.0,Delivered
SHIP-002222,ORD-002222,WH-03,43.87,6.0,Delivered
SHIP-002223,ORD-002223,WH-02,35.87,8.0,Shipped
SHIP-002224,ORD-002224,WH-04,37.83,5.0,Delivered
SHIP-002225,ORD-002225,WH-04,31.42,8.0,Cancelled
SHIP-002226,ORD-002226,WH-03,81.5,9.0,Delivered
SHIP-002227,ORD-002227,WH-01,56.13,26.0,Delivered
SHIP-002228,ORD-002228,WH-02,20.1,12.0,Delivered
SHIP-002229,ORD-002229,WH-04,38.52,3.0,Delivered
SHIP-002230,ORD-002230,WH-05,23.15,31.0,Delivered
SHIP-002231,ORD-002231,WH-02,27.41,10.0,Delivered
SHIP-002232,ORD-002232,WH-01,45.91,5.0,Delivered
SHIP-002233,ORD-002233,WH-03,25.02,5.0,Shipped
SHIP-002234,ORD-002234,WH-05,51.62,7.0,Delivered
SHIP-002235,ORD-002235,WH-03,23.47,4.0,Shipped
SHIP-002236,ORD-002236,WH-01,43.29,3.0,Shipped
SHIP-002237,ORD-002237,WH-02,17.06,8.0,Delivered
SHIP-002238,ORD-002238,WH-05,56.53,7.0,Delivered
SHIP-002239,ORD-002239,WH-01,33.17,7.0,Delivered
SHIP-002240,ORD-002240,WH-04,7.32,7.0,Delivered
SHIP-002241,ORD-002241,WH-03,39.01,5.0,Cancelled
SHIP-002242,ORD-002242,WH-03,22.8,3.0,Delivered
SHIP-002243,ORD-002243,WH-02,41.47,5.0,Cancelled
SHIP-002244,ORD-002244,WH-04,39.92,7.0,Delivered
SHIP-002245,ORD-002245,WH-05,12.98,6.0,Delivered
SHIP-002246,ORD-002246,WH-04,16.54,8.0,Delivered
SHIP-002247,ORD-002247,WH-04,46.7,7.0,Delivered
SHIP-002248,ORD-002248,WH-05,49.32,4.0,Delivered
SHIP-002249,ORD-002249,WH-02,34.96,8.0,Cancelled
SHIP-002250,ORD-002250,WH-03,39.35,9.0,Shipped
SHIP-002251,ORD-002251,WH-01,42.74,7.0,Delivered
SHIP-002252,ORD-002252,WH-04,41.76,10.0,Cancelled
SHIP-002253,ORD-002253,WH-03,24.71,5.0,Shipped
SHIP-002254,ORD-002254,WH-03,18.73,6.0,Cancelled
SHIP-002255,ORD-002255,WH-03,12.6,27.0,Delivered
SHIP-002256,ORD-002256,WH-02,209.0,5.0,Delivered
SHIP-002257,ORD-002257,WH-04,48.98,4.0,Delivered
SHIP-002258,ORD-002258,WH-03,29.04,8.0,Delivered
SHIP-002259,ORD-002259,WH-03,35.19,7.0,Delivered
SHIP-002260,ORD-002260,WH-05,24.29,4.0,Delivered
SHIP-002261,ORD-002261,WH-01,211.29999999999998,6.0,Shipped
SHIP-002262,ORD-002262,WH-01,33.58,2.0,Delivered
SHIP-002263,ORD-002263,WH-01,31.3,7.0,Delivered
SHIP-002264,ORD-002264,WH-02,29.3,23.0,Shipped
SHIP-002265,ORD-002265,WH-03,39.87,,Delivered
SHIP-002266,ORD-002266,WH-04,16.7,9.0,Shipped
SHIP-002267,ORD-002267,WH-05,177.89999999999998,4.0,Delivered
SHIP-002268,ORD-002268,WH-03,44.7,4.0,Delivered
SHIP-002269,ORD-002269,WH-03,31.46,5.0,Shipped
SHIP-002270,ORD-002270,WH-02,32.64,,Delivered
SHIP-002271,ORD-002271,WH-03,44.91,7.0,Delivered
SHIP-002272,ORD-002272,WH-02,18.09,11.0,Delivered
SHIP-002273,ORD-002273,WH-02,34.16,8.0,Shipped
SHIP-002274,ORD-002274,WH-01,49.4,6.0,Delivered
SHIP-002275,ORD-002275,WH-03,27.23,11.0,Cancelled
SHIP-002276,ORD-002276,WH-01,43.2,5.0,Delivered
SHIP-002277,ORD-002277,WH-04,26.7,4.0,Delivered
SHIP-002278,ORD-002278,WH-02,17.67,9.0,Delivered
SHIP-002279,ORD-002279,WH-04,16.54,3.0,Shipped
SHIP-002280,ORD-002280,WH-01,36.15,3.0,Delivered
SHIP-002281,ORD-002281,WH-01,218.64999999999998,6.0,Delivered
SHIP-002282,ORD-002282,WH-05,14.79,7.0,Delivered
SHIP-002283,ORD-002283,WH-04,41.89,6.0,Cancelled
SHIP-002284,ORD-002284,WH-03,23.51,9.0,Cancelled
SHIP-002285,ORD-002285,WH-01,33.63,7.0,Delivered
SHIP-002286,ORD-002286,WH-03,28.7,29.0,Cancelled
SHIP-002287,ORD-002287,WH-02,37.05,5.0,Delivered
SHIP-002288,ORD-002288,WH-03,22.59,5.0,Cancelled
SHIP-002289,ORD-002289,WH-04,44.48,5.0,Shipped
SHIP-002290,ORD-002290,WH-02,15.27,6.0,Delivered
SHIP-002291,ORD-002291,WH-04,46.26,9.0,Delivered
SHIP-002292,ORD-002292,WH-04,22.98,4.0,Delivered
SHIP-002293,ORD-002293,WH-01,90.35,7.0,Delivered
SHIP-002294,ORD-002294,WH-04,43.87,7.0,Delivered
SHIP-002295,ORD-002295,WH-02,55.78,8.0,Shipped
SHIP-002296,ORD-002296,WH-03,48.63,12.0,Delivered
SHIP-002297,ORD-002297,WH-03,30.64,4.0,Shipped
SHIP-002298,ORD-002298,WH-04,24.54,8.0,Delivered
SHIP-002299,ORD-002299,WH-03,24.91,4.0,Delivered
SHIP-002300,ORD-002300,WH-05,11.12,7.0,Delivered
SHIP-002301,ORD-002301,WH-03,19.18,8.0,Cancelled
SHIP-002302,ORD-002302,WH-01,286.35,4.0,Delivered
SHIP-002303,ORD-002303,WH-03,17.7,4.0,Delivered
SHIP-002304,ORD-002304,WH-03,18.77,6.0,Cancelled
SHIP-002305,ORD-002305,WH-02,89.75,4.0,Delivered
SHIP-002306,ORD-002306,WH-04,45.95,6.0,Shipped
SHIP-002307,ORD-002307,WH-04,35.9,8.0,Shipped
SHIP-002308,ORD-002308,WH-02,29.07,6.0,Shipped
SHIP-002309,ORD-002309,WH-03,29.77,9.0,Delivered
SHIP-002310,ORD-002310,WH-05,50.14,10.0,Delivered
SHIP-002311,ORD-002311,WH-02,31.27,5.0,Delivered
SHIP-002312,ORD-002312,WH-04,40.89,28.0,Delivered
SHIP-002313,ORD-002313,WH-05,10.19,6.0,Delivered
SHIP-002314,ORD-002314,WH-05,54.11,2.0,Delivered
SHIP-002315,ORD-002315,WH-03,37.39,7.0,Delivered
SHIP-002316,ORD-002316,WH-01,47.64,12.0,Delivered
SHIP-002317,ORD-002317,WH-03,54.23,3.0,Delivered
SHIP-002318,ORD-002318,WH-02,53.23,7.0,Shipped
SHIP-002319,ORD-002319,WH-02,46.69,12.0,Delivered
SHIP-002320,ORD-002320,WH-05,9.44,2.0,Delivered
SHIP-002321,ORD-002321,WH-05,50.66,3.0,Delivered
SHIP-002322,ORD-002322,WH-03,41.48,5.0,Delivered
SHIP-002323,ORD-002323,WH-03,51.27,7.0,Delivered
SHIP-002324,ORD-002324,WH-03,16.34,5.0,Delivered
SHIP-002325,ORD-002325,WH-02,48.58,6.0,Delivered
SHIP-002326,ORD-002326,WH-01,36.52,2.0,Shipped
SHIP-002327,ORD-002327,WH-01,46.95,3.0,Delivered
SHIP-002328,ORD-002328,WH-05,25.68,10.0,Delivered
SHIP-002329,ORD-002329,WH-03,35.91,8.0,Cancelled
SHIP-002330,ORD-002330,WH-01,21.89,4.0,Delivered
SHIP-002331,ORD-002331,WH-03,20.47,7.0,Cancelled
SHIP-002332,ORD-002332,WH-04,41.57,4.0,Delivered
SHIP-002333,ORD-002333,WH-01,14.86,7.0,Delivered
SHIP-002334,ORD-002334,WH-05,38.86,6.0,Delivered
SHIP-002335,ORD-002335,WH-04,21.96,8.0,Delivered
SHIP-002336,ORD-002336,WH-02,55.37,8.0,Cancelled
SHIP-002337,ORD-002337,WH-03,36.77,6.0,Delivered
SHIP-002338,ORD-002338,WH-05,27.07,3.0,Shipped
SHIP-002339,ORD-002339,WH-04,64.1,7.0,Delivered
SHIP-002340,ORD-002340,WH-05,51.32,4.0,Delivered
SHIP-002341,ORD-002341,WH-02,45.97,6.0,Shipped
SHIP-002342,ORD-002342,WH-02,43.1,6.0,Delivered
SHIP-002343,ORD-002343,WH-03,39.47,11.0,Shipped
SHIP-002344,ORD-002344,WH-03,40.32,5.0,Delivered
SHIP-002345,ORD-002345,WH-01,44.33,5.0,Cancelled
SHIP-002346,ORD-002346,WH-05,18.71,9.0,Cancelled
SHIP-002347,ORD-002347,WH-01,9.86,2.0,Delivered
SHIP-002348,ORD-002348,WH-03,26.3,8.0,Delivered
SHIP-002349,ORD-002349,WH-02,22.93,5.0,Delivered
SHIP-002350,ORD-002350,WH-03,24.1,8.0,Delivered
SHIP-002351,ORD-002351,WH-02,14.86,,Cancelled
SHIP-002352,ORD-002352,WH-03,22.68,8.0,Delivered
SHIP-002353,ORD-002353,WH-01,18.83,7.0,Delivered
SHIP-002354,ORD-002354,WH-01,10.31,10.0,Delivered
SHIP-002355,ORD-002355,WH-05,40.88,7.0,Cancelled
SHIP-002356,ORD-002356,WH-02,20.44,5.0,Delivered
SHIP-002357,ORD-002357,WH-04,28.97,7.0,Delivered
SHIP-002358,ORD-002358,WH-05,24.2,5.0,Cancelled
SHIP-002359,ORD-002359,WH-03,22.94,8.0,Delivered
SHIP-002360,ORD-002360,WH-05,33.8,4.0,Delivered
SHIP-002361,ORD-002361,WH-03,41.92,4.0,Cancelled
SHIP-002362,ORD-002362,WH-01,12.37,11.0,Delivered
SHIP-002363,ORD-002363,WH-05,17.88,8.0,Shipped
SHIP-002364,ORD-002364,WH-05,52.21,6.0,Delivered
SHIP-002365,ORD-002365,WH-04,123.35000000000001,5.0,Delivered
SHIP-002366,ORD-002366,WH-03,36.29,4.0,Delivered
SHIP-002367,ORD-002367,WH-02,53.56,7.0,Delivered
SHIP-002368,ORD-002368,WH-03,17.05,12.0,Cancelled
SHIP-002369,ORD-002369,WH-04,38.67,10.0,Shipped
SHIP-002370,ORD-002370,WH-04,13.04,8.0,Shipped
SHIP-002371,ORD-002371,WH-03,21.55,2.0,Cancelled
SHIP-002372,ORD-002372,WH-04,6.37,7.0,Delivered
SHIP-002373,ORD-002373,WH-05,44.02,29.0,Delivered
SHIP-002374,ORD-002374,WH-04,15.32,9.0,Delivered
SHIP-002375,ORD-002375,WH-02,47.59,5.0,Delivered
SHIP-002376,ORD-002376,WH-02,37.97,4.0,Delivered
SHIP-002377,ORD-002377,WH-02,34.58,6.0,Shipped
SHIP-002378,ORD-002378,WH-02,50.49,6.0,Shipped
SHIP-002379,ORD-002379,WH-05,37.02,8.0,Delivered
SHIP-002380,ORD-002380,WH-03,45.82,4.0,Delivered
SHIP-002381,ORD-002381,WH-01,30.13,8.0,Delivered
SHIP-002382,ORD-002382,WH-05,18.13,7.0,Delivered
SHIP-002383,ORD-002383,WH-01,41.25,8.0,Delivered
SHIP-002384,ORD-002384,WH-01,27.82,8.0,Delivered
SHIP-002385,ORD-002385,WH-01,40.16,,Cancelled
SHIP-002386,ORD-002386,WH-05,49.67,5.0,Delivered
SHIP-002387,ORD-002387,WH-04,28.38,5.0,Delivered
SHIP-002388,ORD-002388,WH-05,14.66,7.0,Delivered
SHIP-002389,ORD-002389,WH-04,101.6,5.0,Delivered
SHIP-002390,ORD-002390,WH-01,26.4,9.0,Delivered
SHIP-002391,ORD-002391,WH-05,24.96,6.0,Cancelled
SHIP-002392,ORD-002392,WH-03,36.51,3.0,Delivered
SHIP-002393,ORD-002393,WH-05,46.76,7.0,Delivered
SHIP-002394,ORD-002394,WH-04,12.97,5.0,Delivered
SHIP-002395,ORD-002395,WH-02,8.81,8.0,Delivered
SHIP-002396,ORD-002396,WH-04,20.4,5.0,Cancelled
SHIP-002397,ORD-002397,WH-01,35.55,10.0,Cancelled
SHIP-002398,ORD-002398,WH-02,49.88,,Delivered
SHIP-002399,ORD-002399,WH-05,19.35,9.0,Delivered
SHIP-002400,ORD-002400,WH-01,40.01,4.0,Shipped
SHIP-002401,ORD-002401,WH-01,30.68,8.0,Delivered
SHIP-002402,ORD-002402,WH-04,27.67,7.0,Delivered
SHIP-002403,ORD-002403,WH-04,22.36,12.0,Delivered
SHIP-002404,ORD-002404,WH-03,48.73,7.0,Delivered
SHIP-002405,ORD-002405,WH-04,55.47,5.0,Delivered
SHIP-002406,ORD-002406,WH-02,20.99,8.0,Shipped
SHIP-002407,ORD-002407,WH-02,36.31,4.0,Delivered
SHIP-002408,ORD-002408,WH-03,56.35,8.0,Cancelled
SHIP-002409,ORD-002409,WH-02,14.13,12.0,Shipped
SHIP-002410,ORD-002410,WH-04,42.63,10.0,Delivered
SHIP-002411,ORD-002411,WH-03,10.38,7.0,Delivered
SHIP-002412,ORD-002412,WH-04,28.27,6.0,Shipped
SHIP-002413,ORD-002413,WH-01,44.15,4.0,Shipped
SHIP-002414,ORD-002414,WH-01,13.16,5.0,Delivered
SHIP-002415,ORD-002415,WH-04,12.27,9.0,Delivered
SHIP-002416,ORD-002416,WH-01,42.06,8.0,Delivered
SHIP-002417,ORD-002417,WH-01,30.43,3.0,Delivered
SHIP-002418,ORD-002418,WH-05,8.82,26.0,Shipped
SHIP-002419,ORD-002419,WH-03,39.77,3.0,Delivered
SHIP-002420,ORD-002420,WH-02,21.94,9.0,Delivered
SHIP-002421,ORD-002421,WH-04,34.59,3.0,Delivered
SHIP-002422,ORD-002422,WH-01,52.0,6.0,Delivered
SHIP-002423,ORD-002423,WH-03,29.07,7.0,Shipped
SHIP-002424,ORD-002424,WH-02,12.48,2.0,Delivered
SHIP-002425,ORD-002425,WH-02,30.76,6.0,Shipped
SHIP-002426,ORD-002426,WH-04,31.2,6.0,Delivered
SHIP-002427,ORD-002427,WH-05,49.49,6.0,Delivered
SHIP-002428,ORD-002428,WH-01,36.08,31.0,Delivered
SHIP-002429,ORD-002429,WH-01,47.62,6.0,Delivered
SHIP-002430,ORD-002430,WH-01,33.47,10.0,Delivered
SHIP-002431,ORD-002431,WH-01,32.54,10.0,Delivered
SHIP-002432,ORD-002432,WH-01,30.03,4.0,Delivered
SHIP-002433,ORD-002433,WH-04,25.11,4.0,Shipped
SHIP-002434,ORD-002434,WH-02,20.97,12.0,Delivered
SHIP-002435,ORD-002435,WH-04,52.43,9.0,Delivered
SHIP-002436,ORD-002436,WH-05,35.16,7.0,Delivered
SHIP-002437,ORD-002437,WH-04,19.02,5.0,Delivered
SHIP-002438,ORD-002438,WH-02,34.05,6.0,Delivered
SHIP-002439,ORD-002439,WH-01,35.28,10.0,Cancelled
SHIP-002440,ORD-002440,WH-04,42.01,4.0,Delivered
SHIP-002441,ORD-002441,WH-01,20.25,6.0,Delivered
SHIP-002442,ORD-002442,WH-01,29.65,5.0,Delivered
SHIP-002443,ORD-002443,WH-04,21.65,7.0,Delivered
SHIP-002444,ORD-002444,WH-02,23.71,7.0,Delivered
SHIP-002445,ORD-002445,WH-04,38.23,10.0,Delivered
SHIP-002446,ORD-002446,WH-04,38.42,6.0,Delivered
SHIP-002447,ORD-002447,WH-01,43.65,5.0,Delivered
SHIP-002448,ORD-002448,WH-03,27.12,,Shipped
SHIP-002449,ORD-002449,WH-01,22.15,6.0,Delivered
SHIP-002450,ORD-002450,WH-01,51.61,6.0,Delivered
SHIP-002451,ORD-002451,WH-01,43.5,28.0,Shipped
SHIP-002452,ORD-002452,WH-01,28.8,12.0,Delivered
SHIP-002453,ORD-002453,WH-05,26.89,6.0,Delivered
SHIP-002454,ORD-002454,WH-01,13.6,12.0,Delivered
SHIP-002455,ORD-002455,WH-04,15.31,6.0,Delivered
SHIP-002456,ORD-002456,WH-02,41.39,4.0,Delivered
SHIP-002457,ORD-002457,WH-02,28.09,5.0,Delivered
SHIP-002458,ORD-002458,WH-05,36.06,6.0,Delivered
SHIP-002459,ORD-002459,WH-04,39.56,5.0,Delivered
SHIP-002460,ORD-002460,WH-02,46.74,6.0,Delivered
SHIP-002461,ORD-002461,WH-02,28.79,2.0,Delivered
SHIP-002462,ORD-002462,WH-01,53.35,5.0,Delivered
SHIP-002463,ORD-002463,WH-01,94.1,7.0,Cancelled
SHIP-002464,ORD-002464,WH-05,37.57,9.0,Delivered
SHIP-002465,ORD-002465,WH-01,45.63,4.0,Shipped
SHIP-002466,ORD-002466,WH-02,28.57,31.0,Shipped
SHIP-002467,ORD-002467,WH-01,53.32,7.0,Delivered
SHIP-002468,ORD-002468,WH-05,31.64,7.0,Cancelled
SHIP-002469,ORD-002469,WH-02,11.69,5.0,Shipped
SHIP-002470,ORD-002470,WH-01,34.89,10.0,Delivered
SHIP-002471,ORD-002471,WH-02,32.77,7.0,Delivered
SHIP-002472,ORD-002472,WH-05,50.53,9.0,Cancelled
SHIP-002473,ORD-002473,WH-03,49.95,9.0,Delivered
SHIP-002474,ORD-002474,WH-01,46.29,10.0,Delivered
SHIP-002475,ORD-002475,WH-05,47.19,5.0,Cancelled
SHIP-002476,ORD-002476,WH-02,53.86,6.0,Delivered
SHIP-002477,ORD-002477,WH-02,33.06,6.0,Delivered
SHIP-002478,ORD-002478,WH-04,31.88,10.0,Shipped
SHIP-002479,ORD-002479,WH-03,25.27,7.0,Delivered
SHIP-002480,ORD-002480,WH-04,44.21,6.0,Delivered
SHIP-002481,ORD-002481,WH-01,49.6,11.0,Delivered
SHIP-002482,ORD-002482,WH-04,28.72,8.0,Delivered
SHIP-002483,ORD-002483,WH-02,44.09,7.0,Delivered
SHIP-002484,ORD-002484,WH-04,48.4,,Delivered
SHIP-002485,ORD-002485,WH-05,21.14,5.0,Shipped
SHIP-002486,ORD-002486,WH-01,36.84,5.0,Delivered
SHIP-002487,ORD-002487,WH-03,37.97,6.0,Cancelled
SHIP-002488,ORD-002488,WH-01,15.91,6.0,Delivered
SHIP-002489,ORD-002489,WH-02,15.97,4.0,Delivered
SHIP-002490,ORD-002490,WH-04,18.98,7.0,Cancelled
SHIP-002491,ORD-002491,WH-01,51.28,8.0,Delivered
SHIP-002492,ORD-002492,WH-05,25.1,8.0,Cancelled
SHIP-002493,ORD-002493,WH-04,13.62,9.0,Cancelled
SHIP-002494,ORD-002494,WH-05,34.26,4.0,Delivered
SHIP-002495,ORD-002495,WH-05,27.67,5.0,Cancelled
SHIP-002496,ORD-002496,WH-04,23.74,6.0,Cancelled
SHIP-002497,ORD-002497,WH-05,28.79,4.0,Delivered
SHIP-002498,ORD-002498,WH-05,11.17,7.0,Delivered
SHIP-002499,ORD-002499,WH-05,41.7,6.0,Delivered
SHIP-002500,ORD-002500,WH-01,25.58,10.0,Shipped
SHIP-002501,ORD-002501,WH-02,182.04999999999998,4.0,Delivered
SHIP-002502,ORD-002502,WH-03,44.89,7.0,Cancelled
SHIP-002503,ORD-002503,WH-01,26.28,7.0,Cancelled
SHIP-002504,ORD-002504,WH-02,18.14,9.0,Delivered
SHIP-002505,ORD-002505,WH-04,30.33,5.0,Delivered
SHIP-002506,ORD-002506,WH-04,44.23,4.0,Cancelled
SHIP-002507,ORD-002507,WH-01,27.69,5.0,Shipped
SHIP-002508,ORD-002508,WH-02,37.94,10.0,Shipped
SHIP-002509,ORD-002509,WH-05,26.18,3.0,Delivered
SHIP-002510,ORD-002510,WH-01,19.12,30.0,Delivered
SHIP-002511,ORD-002511,WH-05,25.16,11.0,Cancelled
SHIP-002512,ORD-002512,WH-02,40.02,2.0,Shipped
SHIP-002513,ORD-002513,WH-05,22.97,7.0,Shipped
SHIP-002514,ORD-002514,WH-04,30.96,7.0,Delivered
SHIP-002515,ORD-002515,WH-05,9.47,10.0,Delivered
SHIP-002516,ORD-002516,WH-03,32.64,7.0,Cancelled
SHIP-002517,ORD-002517,WH-01,28.79,7.0,Delivered
SHIP-002518,ORD-002518,WH-05,28.59,,Shipped
SHIP-002519,ORD-002519,WH-04,32.63,5.0,Delivered
SHIP-002520,ORD-002520,WH-05,13.8,4.0,Delivered
SHIP-002521,ORD-002521,WH-04,42.35,26.0,Delivered
SHIP-002522,ORD-002522,WH-02,7.17,11.0,Delivered
SHIP-002523,ORD-002523,WH-03,101.35,5.0,Shipped
SHIP-002524,ORD-002524,WH-01,26.63,4.0,Delivered
SHIP-002525,ORD-002525,WH-02,52.09,5.0,Shipped
SHIP-002526,ORD-002526,WH-02,15.8,4.0,Delivered
SHIP-002527,ORD-002527,WH-02,44.77,2.0,Delivered
SHIP-002528,ORD-002528,WH-03,170.39999999999998,12.0,Delivered
SHIP-002529,ORD-002529,WH-01,32.39,7.0,Delivered
SHIP-002530,ORD-002530,WH-05,56.83,27.0,Delivered
SHIP-002531,ORD-002531,WH-05,43.37,2.0,Delivered
SHIP-002532,ORD-002532,WH-01,26.91,24.0,Shipped
SHIP-002533,ORD-002533,WH-05,49.48,8.0,Delivered
SHIP-002534,ORD-002534,WH-01,29.7,7.0,Delivered
SHIP-002535,ORD-002535,WH-01,22.31,3.0,Delivered
SHIP-002536,ORD-002536,WH-03,16.81,11.0,Delivered
SHIP-002537,ORD-002537,WH-02,52.93,5.0,Cancelled
SHIP-002538,ORD-002538,WH-05,22.65,7.0,Delivered
SHIP-002539,ORD-002539,WH-01,43.13,5.0,Cancelled
SHIP-002540,ORD-002540,WH-05,32.06,2.0,Delivered
SHIP-002541,ORD-002541,WH-01,31.7,5.0,Delivered
SHIP-002542,ORD-002542,WH-01,14.68,11.0,Delivered
SHIP-002543,ORD-002543,WH-02,24.55,6.0,Delivered
SHIP-002544,ORD-002544,WH-01,27.32,12.0,Delivered
SHIP-002545,ORD-002545,WH-05,11.75,5.0,Cancelled
SHIP-002546,ORD-002546,WH-02,14.13,2.0,Delivered
SHIP-002547,ORD-002547,WH-04,30.93,12.0,Delivered
SHIP-002548,ORD-002548,WH-01,14.2,24.0,Delivered
SHIP-002549,ORD-002549,WH-05,49.68,5.0,Delivered
SHIP-002550,ORD-002550,WH-02,23.72,7.0,Delivered
SHIP-002551,ORD-002551,WH-04,270.75,8.0,Shipped
SHIP-002552,ORD-002552,WH-02,185.25,10.0,Shipped
SHIP-002553,ORD-002553,WH-03,39.82,9.0,Delivered
SHIP-002554,ORD-002554,WH-05,47.73,7.0,Delivered
SHIP-002555,ORD-002555,WH-05,13.01,6.0,Delivered
SHIP-002556,ORD-002556,WH-01,14.71,5.0,Delivered
SHIP-002557,ORD-002557,WH-01,19.7,6.0,Cancelled
SHIP-002558,ORD-002558,WH-05,44.38,5.0,Delivered
SHIP-002559,ORD-002559,WH-01,39.05,26.0,Delivered
SHIP-002560,ORD-002560,WH-04,25.84,5.0,Delivered
SHIP-002561,ORD-002561,WH-04,48.95,4.0,Cancelled
SHIP-002562,ORD-002562,WH-01,38.67,5.0,Delivered
SHIP-002563,ORD-002563,WH-02,186.1,7.0,Cancelled
SHIP-002564,ORD-002564,WH-05,30.35,9.0,Shipped
SHIP-002565,ORD-002565,WH-05,16.2,4.0,Cancelled
SHIP-002566,ORD-002566,WH-03,44.12,9.0,Delivered
SHIP-002567,ORD-002567,WH-05,13.74,2.0,Shipped
SHIP-002568,ORD-002568,WH-01,28.91,6.0,Delivered
SHIP-002569,ORD-002569,WH-05,19.34,5.0,Delivered
SHIP-002570,ORD-002570,WH-02,38.33,4.0,Shipped
SHIP-002571,ORD-002571,WH-03,41.76,10.0,Delivered
SHIP-002572,ORD-002572,WH-03,30.03,25.0,Delivered
SHIP-002573,ORD-002573,WH-03,38.16,6.0,Shipped
SHIP-002574,ORD-002574,WH-02,38.33,4.0,Delivered
SHIP-002575,ORD-002575,WH-02,21.39,6.0,Shipped
SHIP-002576,ORD-002576,WH-02,229.85,10.0,Delivered
SHIP-002577,ORD-002577,WH-04,44.11,2.0,Delivered
SHIP-002578,ORD-002578,WH-01,36.06,6.0,Delivered
SHIP-002579,ORD-002579,WH-05,44.36,7.0,Shipped
SHIP-002580,ORD-002580,WH-02,22.93,8.0,Cancelled
SHIP-002581,ORD-002581,WH-05,42.46,2.0,Delivered
SHIP-002582,ORD-002582,WH-03,27.57,5.0,Shipped
SHIP-002583,ORD-002583,WH-04,42.26,7.0,Delivered
SHIP-002584,ORD-002584,WH-05,14.46,4.0,Delivered
SHIP-002585,ORD-002585,WH-03,8.55,6.0,Shipped
SHIP-002586,ORD-002586,WH-04,52.24,6.0,Cancelled
SHIP-002587,ORD-002587,WH-04,40.28,6.0,Delivered
SHIP-002588,ORD-002588,WH-01,32.76,6.0,Delivered
SHIP-002589,ORD-002589,WH-05,25.42,5.0,Delivered
SHIP-002590,ORD-002590,WH-04,25.23,6.0,Delivered
SHIP-002591,ORD-002591,WH-02,48.12,10.0,Shipped
SHIP-002592,ORD-002592,WH-05,15.61,6.0,Cancelled
SHIP-002593,ORD-002593,WH-02,14.76,4.0,Delivered
SHIP-002594,ORD-002594,WH-01,29.15,4.0,Shipped
SHIP-002595,ORD-002595,WH-04,32.47,11.0,Delivered
SHIP-002596,ORD-002596,WH-01,19.44,2.0,Shipped
SHIP-002597,ORD-002597,WH-01,31.79,7.0,Delivered
SHIP-002598,ORD-002598,WH-03,47.89,4.0,Shipped
SHIP-002599,ORD-002599,WH-01,39.54,7.0,Delivered
SHIP-002600,ORD-002600,WH-04,29.32,,Shipped
SHIP-002601,ORD-002601,WH-04,15.62,2.0,Cancelled
SHIP-002602,ORD-002602,WH-02,50.3,2.0,Delivered
SHIP-002603,ORD-002603,WH-04,47.21,7.0,Delivered
SHIP-002604,ORD-002604,WH-04,42.75,7.0,Delivered
SHIP-002605,ORD-002605,WH-04,17.19,3.0,Delivered
SHIP-002606,ORD-002606,WH-02,21.74,8.0,Delivered
SHIP-002607,ORD-002607,WH-03,23.15,6.0,Delivered
SHIP-002608,ORD-002608,WH-03,33.13,24.0,Shipped
SHIP-002609,ORD-002609,WH-01,51.04,30.0,Delivered
SHIP-002610,ORD-002610,WH-01,14.27,8.0,Shipped
SHIP-002611,ORD-002611,WH-01,109.80000000000001,5.0,Delivered
SHIP-002612,ORD-002612,WH-01,31.87,8.0,Delivered
SHIP-002613,ORD-002613,WH-01,34.6,9.0,Delivered
SHIP-002614,ORD-002614,WH-03,21.78,2.0,Delivered
SHIP-002615,ORD-002615,WH-04,99.80000000000001,8.0,Delivered
SHIP-002616,ORD-002616,WH-01,17.35,2.0,Delivered
SHIP-002617,ORD-002617,WH-04,48.34,7.0,Delivered
SHIP-002618,ORD-002618,WH-02,44.31,5.0,Cancelled
SHIP-002619,ORD-002619,WH-03,54.75,5.0,Delivered
SHIP-002620,ORD-002620,WH-04,29.38,6.0,Delivered
SHIP-002621,ORD-002621,WH-01,214.35,7.0,Delivered
SHIP-002622,ORD-002622,WH-04,26.08,8.0,Shipped
SHIP-002623,ORD-002623,WH-01,14.11,10.0,Delivered
SHIP-002624,ORD-002624,WH-02,18.03,5.0,Cancelled
SHIP-002625,ORD-002625,WH-04,33.1,,Delivered
SHIP-002626,ORD-002626,WH-03,52.31,6.0,Cancelled
SHIP-002627,ORD-002627,WH-05,34.7,24.0,Delivered
SHIP-002628,ORD-002628,WH-04,27.99,9.0,Delivered
SHIP-002629,ORD-002629,WH-05,41.32,5.0,Delivered
SHIP-002630,ORD-002630,WH-02,22.5,7.0,Cancelled
SHIP-002631,ORD-002631,WH-02,22.3,4.0,Delivered
SHIP-002632,ORD-002632,WH-02,53.95,7.0,Shipped
SHIP-002633,ORD-002633,WH-02,19.79,6.0,Delivered
SHIP-002634,ORD-002634,WH-04,46.54,8.0,Delivered
SHIP-002635,ORD-002635,WH-02,19.2,5.0,Cancelled
SHIP-002636,ORD-002636,WH-05,33.17,7.0,Shipped
SHIP-002637,ORD-002637,WH-01,47.15,7.0,Shipped
SHIP-002638,ORD-002638,WH-05,36.68,6.0,Cancelled
SHIP-002639,ORD-002639,WH-01,16.72,7.0,Cancelled
SHIP-002640,ORD-002640,WH-05,34.9,6.0,Cancelled
SHIP-002641,ORD-002641,WH-01,49.84,7.0,Delivered
SHIP-002642,ORD-002642,WH-04,28.33,7.0,Shipped
SHIP-002643,ORD-002643,WH-04,16.56,10.0,Delivered
SHIP-002644,ORD-002644,WH-05,16.12,6.0,Delivered
SHIP-002645,ORD-002645,WH-05,9.4,,Cancelled
SHIP-002646,ORD-002646,WH-02,21.04,12.0,Shipped
SHIP-002647,ORD-002647,WH-05,40.88,4.0,Delivered
SHIP-002648,ORD-002648,WH-05,35.32,6.0,Cancelled
SHIP-002649,ORD-002649,WH-03,56.19,3.0,Delivered
SHIP-002650,ORD-002650,WH-01,38.44,4.0,Delivered
SHIP-002651,ORD-002651,WH-04,40.82,5.0,Cancelled
SHIP-002652,ORD-002652,WH-05,54.82,4.0,Delivered
SHIP-002653,ORD-002653,WH-02,35.96,5.0,Delivered
SHIP-002654,ORD-002654,WH-02,34.83,4.0,Delivered
SHIP-002655,ORD-002655,WH-02,47.19,5.0,Shipped
SHIP-002656,ORD-002656,WH-01,27.12,2.0,Cancelled
SHIP-002657,ORD-002657,WH-03,45.43,6.0,Delivered
SHIP-002658,ORD-002658,WH-05,49.45,10.0,Delivered
SHIP-002659,ORD-002659,WH-01,14.09,4.0,Delivered
SHIP-002660,ORD-002660,WH-02,32.12,7.0,Delivered
SHIP-002661,ORD-002661,WH-02,40.06,10.0,Cancelled
SHIP-002662,ORD-002662,WH-02,29.7,5.0,Delivered
SHIP-002663,ORD-002663,WH-02,23.5,3.0,Delivered
SHIP-002664,ORD-002664,WH-01,15.7,7.0,Delivered
SHIP-002665,ORD-002665,WH-05,36.58,8.0,Delivered
SHIP-002666,ORD-002666,WH-02,49.64,10.0,Delivered
SHIP-002667,ORD-002667,WH-01,37.47,3.0,Cancelled
SHIP-002668,ORD-002668,WH-02,12.63,4.0,Shipped
SHIP-002669,ORD-002669,WH-04,36.33,3.0,Shipped
SHIP-002670,ORD-002670,WH-01,48.42,5.0,Delivered
SHIP-002671,ORD-002671,WH-03,12.12,8.0,Delivered
SHIP-002672,ORD-002672,WH-03,33.86,8.0,Delivered
SHIP-002673,ORD-002673,WH-01,46.69,7.0,Delivered
SHIP-002674,ORD-002674,WH-04,17.56,26.0,Shipped
SHIP-002675,ORD-002675,WH-03,21.06,10.0,Delivered
SHIP-002676,ORD-002676,WH-02,17.14,3.0,Delivered
SHIP-002677,ORD-002677,WH-05,45.6,7.0,Delivered
SHIP-002678,ORD-002678,WH-02,50.21,4.0,Delivered
SHIP-002679,ORD-002679,WH-02,48.09,4.0,Delivered
SHIP-002680,ORD-002680,WH-01,15.92,4.0,Delivered
SHIP-002681,ORD-002681,WH-02,198.45,3.0,Cancelled
SHIP-002682,ORD-002682,WH-03,41.54,7.0,Delivered
SHIP-002683,ORD-002683,WH-01,13.99,2.0,Shipped
SHIP-002684,ORD-002684,WH-03,272.75,6.0,Delivered
SHIP-002685,ORD-002685,WH-03,52.33,5.0,Delivered
SHIP-002686,ORD-002686,WH-04,15.89,4.0,Cancelled
SHIP-002687,ORD-002687,WH-04,17.6,8.0,Delivered
SHIP-002688,ORD-002688,WH-02,28.1,6.0,Cancelled
SHIP-002689,ORD-002689,WH-02,12.55,6.0,Delivered
SHIP-002690,ORD-002690,WH-01,10.8,26.0,Delivered
SHIP-002691,ORD-002691,WH-03,14.38,8.0,Delivered
SHIP-002692,ORD-002692,WH-05,30.15,4.0,Delivered
SHIP-002693,ORD-002693,WH-04,48.71,6.0,Delivered
SHIP-002694,ORD-002694,WH-03,14.14,6.0,Delivered
SHIP-002695,ORD-002695,WH-03,40.81,2.0,Delivered
SHIP-002696,ORD-002696,WH-02,33.19,7.0,Delivered
SHIP-002697,ORD-002697,WH-01,50.18,4.0,Shipped
SHIP-002698,ORD-002698,WH-03,51.12,8.0,Cancelled
SHIP-002699,ORD-002699,WH-03,54.97,11.0,Shipped
SHIP-002700,ORD-002700,WH-02,34.89,4.0,Delivered
SHIP-002701,ORD-002701,WH-03,24.48,5.0,Delivered
SHIP-002702,ORD-002702,WH-04,18.79,4.0,Delivered
SHIP-002703,ORD-002703,WH-01,16.99,5.0,Shipped
SHIP-002704,ORD-002704,WH-01,39.89,5.0,Delivered
SHIP-002705,ORD-002705,WH-01,50.37,31.0,Delivered
SHIP-002706,ORD-002706,WH-03,21.82,8.0,Cancelled
SHIP-002707,ORD-002707,WH-03,43.91,10.0,Delivered
SHIP-002708,ORD-002708,WH-04,44.25,4.0,Cancelled
SHIP-002709,ORD-002709,WH-04,52.44,3.0,Delivered
SHIP-002710,ORD-002710,WH-01,16.21,5.0,Delivered
SHIP-002711,ORD-002711,WH-03,57.24,4.0,Delivered
SHIP-002712,ORD-002712,WH-03,30.3,12.0,Cancelled
SHIP-002713,ORD-002713,WH-01,17.68,12.0,Cancelled
SHIP-002714,ORD-002714,WH-05,54.73,4.0,Shipped
SHIP-002715,ORD-002715,WH-03,17.25,3.0,Cancelled
SHIP-002716,ORD-002716,WH-05,44.43,5.0,Shipped
SHIP-002717,ORD-002717,WH-03,49.53,7.0,Shipped
SHIP-002718,ORD-002718,WH-05,46.1,8.0,Delivered
SHIP-002719,ORD-002719,WH-01,29.68,8.0,Delivered
SHIP-002720,ORD-002720,WH-01,40.93,4.0,Delivered
SHIP-002721,ORD-002721,WH-05,31.56,6.0,Shipped
SHIP-002722,ORD-002722,WH-01,25.95,2.0,Delivered
SHIP-002723,ORD-002723,WH-03,54.81,2.0,Cancelled
SHIP-002724,ORD-002724,WH-02,40.9,12.0,Cancelled
SHIP-002725,ORD-002725,WH-05,55.25,8.0,Delivered
SHIP-002726,ORD-002726,WH-03,45.42,2.0,Delivered
SHIP-002727,ORD-002727,WH-04,18.92,2.0,Delivered
SHIP-002728,ORD-002728,WH-01,53.39,8.0,Delivered
SHIP-002729,ORD-002729,WH-01,49.34,5.0,Shipped
SHIP-002730,ORD-002730,WH-03,27.71,9.0,Delivered
SHIP-002731,ORD-002731,WH-05,220.04999999999998,5.0,Delivered
SHIP-002732,ORD-002732,WH-01,50.42,10.0,Shipped
SHIP-002733,ORD-002733,WH-02,13.74,7.0,Cancelled
SHIP-002734,ORD-002734,WH-01,188.2,32.0,Delivered
SHIP-002735,ORD-002735,WH-04,35.85,2.0,Delivered
SHIP-002736,ORD-002736,WH-03,52.35,10.0,Delivered
SHIP-002737,ORD-002737,WH-03,16.66,4.0,Delivered
SHIP-002738,ORD-002738,WH-04,37.68,6.0,Delivered
SHIP-002739,ORD-002739,WH-04,16.51,5.0,Delivered
SHIP-002740,ORD-002740,WH-05,39.67,5.0,Delivered
SHIP-002741,ORD-002741,WH-02,43.97,6.0,Delivered
SHIP-002742,ORD-002742,WH-03,52.36,6.0,Cancelled
SHIP-002743,ORD-002743,WH-03,24.37,6.0,Delivered
SHIP-002744,ORD-002744,WH-01,17.95,3.0,Delivered
SHIP-002745,ORD-002745,WH-01,53.28,5.0,Delivered
SHIP-002746,ORD-002746,WH-03,48.92,5.0,Shipped
SHIP-002747,ORD-002747,WH-02,19.68,7.0,Delivered
SHIP-002748,ORD-002748,WH-01,18.93,5.0,Delivered
SHIP-002749,ORD-002749,WH-05,35.88,9.0,Delivered
SHIP-002750,ORD-002750,WH-01,26.85,4.0,Cancelled
SHIP-002751,ORD-002751,WH-05,44.52,2.0,Shipped
SHIP-002752,ORD-002752,WH-05,19.75,6.0,Delivered
SHIP-002753,ORD-002753,WH-04,53.12,8.0,Delivered
SHIP-002754,ORD-002754,WH-01,52.88,6.0,Shipped
SHIP-002755,ORD-002755,WH-03,26.31,9.0,Delivered
SHIP-002756,ORD-002756,WH-05,15.26,9.0,Delivered
SHIP-002757,ORD-002757,WH-01,32.95,10.0,Delivered
SHIP-002758,ORD-002758,WH-04,41.53,10.0,Delivered
SHIP-002759,ORD-002759,WH-01,45.34,3.0,Delivered
SHIP-002760,ORD-002760,WH-02,13.51,7.0,Delivered
SHIP-002761,ORD-002761,WH-02,32.52,22.0,Shipped
SHIP-002762,ORD-002762,WH-02,49.34,6.0,Cancelled
SHIP-002763,ORD-002763,WH-03,32.67,6.0,Delivered
SHIP-002764,ORD-002764,WH-03,15.19,4.0,Delivered
SHIP-002765,ORD-002765,WH-02,18.53,9.0,Delivered
SHIP-002766,ORD-002766,WH-03,12.27,7.0,Shipped
SHIP-002767,ORD-002767,WH-02,33.32,6.0,Cancelled
SHIP-002768,ORD-002768,WH-03,24.87,4.0,Delivered
SHIP-002769,ORD-002769,WH-04,50.91,4.0,Cancelled
SHIP-002770,ORD-002770,WH-05,30.34,7.0,Delivered
SHIP-002771,ORD-002771,WH-01,39.77,6.0,Shipped
SHIP-002772,ORD-002772,WH-05,18.96,7.0,Delivered
SHIP-002773,ORD-002773,WH-02,12.92,,Delivered
SHIP-002774,ORD-002774,WH-01,18.14,7.0,Delivered
SHIP-002775,ORD-002775,WH-02,16.73,5.0,Delivered
SHIP-002776,ORD-002776,WH-01,14.54,3.0,Delivered
SHIP-002777,ORD-002777,WH-02,175.45000000000002,6.0,Shipped
SHIP-002778,ORD-002778,WH-01,26.64,6.0,Delivered
SHIP-002779,ORD-002779,WH-01,19.95,5.0,Shipped
SHIP-002780,ORD-002780,WH-01,54.32,7.0,Delivered
SHIP-002781,ORD-002781,WH-04,43.13,7.0,Shipped
SHIP-002782,ORD-002782,WH-01,40.97,10.0,Shipped
SHIP-002783,ORD-002783,WH-01,14.54,7.0,Delivered
SHIP-002784,ORD-002784,WH-01,198.35000000000002,11.0,Cancelled
SHIP-002785,ORD-002785,WH-03,18.91,7.0,Delivered
SHIP-002786,ORD-002786,WH-04,30.51,7.0,Delivered
SHIP-002787,ORD-002787,WH-01,29.52,7.0,Delivered
SHIP-002788,ORD-002788,WH-02,39.25,7.0,Delivered
SHIP-002789,ORD-002789,WH-04,51.38,,Delivered
SHIP-002790,ORD-002790,WH-04,24.56,4.0,Shipped
SHIP-002791,ORD-002791,WH-05,28.98,8.0,Delivered
SHIP-002792,ORD-002792,WH-02,17.14,7.0,Delivered
SHIP-002793,ORD-002793,WH-02,41.05,8.0,Delivered
SHIP-002794,ORD-002794,WH-05,25.42,4.0,Delivered
SHIP-002795,ORD-002795,WH-04,25.78,6.0,Delivered
SHIP-002796,ORD-002796,WH-05,12.08,7.0,Delivered
SHIP-002797,ORD-002797,WH-04,33.25,6.0,Delivered
SHIP-002798,ORD-002798,WH-03,88.69999999999999,8.0,Delivered
SHIP-002799,ORD-002799,WH-04,13.24,7.0,Delivered
SHIP-002800,ORD-002800,WH-05,50.18,6.0,Delivered
SHIP-002801,ORD-002801,WH-03,35.66,6.0,Cancelled
SHIP-002802,ORD-002802,WH-04,17.32,6.0,Delivered
SHIP-002803,ORD-002803,WH-04,19.51,9.0,Delivered
SHIP-002804,ORD-002804,WH-01,42.35,7.0,Shipped
SHIP-002805,ORD-002805,WH-01,50.8,7.0,Delivered
SHIP-002806,ORD-002806,WH-02,49.51,9.0,Delivered
SHIP-002807,ORD-002807,WH-05,19.43,7.0,Delivered
SHIP-002808,ORD-002808,WH-03,31.9,5.0,Delivered
SHIP-002809,ORD-002809,WH-05,43.69,10.0,Shipped
SHIP-002810,ORD-002810,WH-05,14.58,3.0,Cancelled
SHIP-002811,ORD-002811,WH-04,8.03,3.0,Delivered
SHIP-002812,ORD-002812,WH-02,86.8,5.0,Delivered
SHIP-002813,ORD-002813,WH-03,9.79,5.0,Delivered
SHIP-002814,ORD-002814,WH-01,20.77,,Delivered
SHIP-002815,ORD-002815,WH-05,11.02,4.0,Cancelled
SHIP-002816,ORD-002816,WH-03,48.47,8.0,Delivered
SHIP-002817,ORD-002817,WH-03,25.55,8.0,Shipped
SHIP-002818,ORD-002818,WH-05,23.46,,Delivered
SHIP-002819,ORD-002819,WH-05,27.87,6.0,Delivered
SHIP-002820,ORD-002820,WH-04,44.58,8.0,Delivered
SHIP-002821,ORD-002821,WH-02,22.8,,Delivered
SHIP-002822,ORD-002822,WH-03,53.27,2.0,Shipped
SHIP-002823,ORD-002823,WH-05,29.41,8.0,Shipped
SHIP-002824,ORD-002824,WH-05,10.82,,Cancelled
SHIP-002825,ORD-002825,WH-01,34.42,3.0,Delivered
SHIP-002826,ORD-002826,WH-02,16.2,9.0,Delivered
SHIP-002827,ORD-002827,WH-05,26.6,12.0,Cancelled
SHIP-002828,ORD-002828,WH-01,18.4,8.0,Delivered
SHIP-002829,ORD-002829,WH-02,25.27,4.0,Delivered
SHIP-002830,ORD-002830,WH-03,54.23,10.0,Shipped
SHIP-002831,ORD-002831,WH-01,48.61,4.0,Delivered
SHIP-002832,ORD-002832,WH-03,42.23,6.0,Delivered
SHIP-002833,ORD-002833,WH-02,56.3,3.0,Delivered
SHIP-002834,ORD-002834,WH-01,44.89,3.0,Shipped
SHIP-002835,ORD-002835,WH-05,36.17,8.0,Delivered
SHIP-002836,ORD-002836,WH-05,47.0,9.0,Delivered
SHIP-002837,ORD-002837,WH-04,43.08,6.0,Shipped
SHIP-002838,ORD-002838,WH-01,43.68,4.0,Delivered
SHIP-002839,ORD-002839,WH-03,51.08,7.0,Delivered
SHIP-002840,ORD-002840,WH-03,48.96,6.0,Shipped
SHIP-002841,ORD-002841,WH-02,26.82,5.0,Delivered
SHIP-002842,ORD-002842,WH-04,33.38,10.0,Cancelled
SHIP-002843,ORD-002843,WH-03,49.17,3.0,Delivered
SHIP-002844,ORD-002844,WH-02,40.02,7.0,Cancelled
SHIP-002845,ORD-002845,WH-01,37.86,,Cancelled
SHIP-002846,ORD-002846,WH-01,37.14,9.0,Delivered
SHIP-002847,ORD-002847,WH-04,21.19,10.0,Cancelled
SHIP-002848,ORD-002848,WH-04,41.37,10.0,Delivered
SHIP-002849,ORD-002849,WH-01,49.54,2.0,Delivered
SHIP-002850,ORD-002850,WH-01,9.51,26.0,Delivered
SHIP-002851,ORD-002851,WH-01,23.18,8.0,Delivered
SHIP-002852,ORD-002852,WH-01,29.37,4.0,Cancelled
SHIP-002853,ORD-002853,WH-02,16.59,5.0,Shipped
SHIP-002854,ORD-002854,WH-04,238.05,5.0,Delivered
SHIP-002855,ORD-002855,WH-02,22.34,6.0,Shipped
SHIP-002856,ORD-002856,WH-04,13.42,9.0,Delivered
SHIP-002857,ORD-002857,WH-01,29.36,10.0,Cancelled
SHIP-002858,ORD-002858,WH-05,31.03,7.0,Cancelled
SHIP-002859,ORD-002859,WH-03,54.72,2.0,Delivered
SHIP-002860,ORD-002860,WH-01,18.54,5.0,Delivered
SHIP-002861,ORD-002861,WH-02,27.1,6.0,Cancelled
SHIP-002862,ORD-002862,WH-01,28.67,7.0,Delivered
SHIP-002863,ORD-002863,WH-01,42.37,7.0,Delivered
SHIP-002864,ORD-002864,WH-05,47.35,7.0,Shipped
SHIP-002865,ORD-002865,WH-01,26.87,7.0,Delivered
SHIP-002866,ORD-002866,WH-05,250.75,22.0,Delivered
SHIP-002867,ORD-002867,WH-05,19.26,3.0,Cancelled
SHIP-002868,ORD-002868,WH-01,18.15,32.0,Delivered
SHIP-002869,ORD-002869,WH-05,22.93,2.0,Delivered
SHIP-002870,ORD-002870,WH-04,41.58,6.0,Shipped
SHIP-002871,ORD-002871,WH-03,7.3,6.0,Delivered
SHIP-002872,ORD-002872,WH-05,19.79,9.0,Delivered
SHIP-002873,ORD-002873,WH-01,25.56,2.0,Delivered
SHIP-002874,ORD-002874,WH-04,43.2,6.0,Shipped
SHIP-002875,ORD-002875,WH-02,40.96,9.0,Delivered
SHIP-002876,ORD-002876,WH-02,141.1,10.0,Cancelled
SHIP-002877,ORD-002877,WH-03,29.64,10.0,Shipped
SHIP-002878,ORD-002878,WH-05,42.09,6.0,Shipped
SHIP-002879,ORD-002879,WH-01,27.92,10.0,Delivered
SHIP-002880,ORD-002880,WH-03,49.85,5.0,Cancelled
SHIP-002881,ORD-002881,WH-03,16.5,4.0,Delivered
SHIP-002882,ORD-002882,WH-02,34.39,8.0,Delivered
SHIP-002883,ORD-002883,WH-01,29.31,7.0,Cancelled
SHIP-002884,ORD-002884,WH-02,33.8,4.0,Delivered
SHIP-002885,ORD-002885,WH-03,49.82,4.0,Shipped
SHIP-002886,ORD-002886,WH-02,29.06,,Shipped
SHIP-002887,ORD-002887,WH-05,20.13,3.0,Delivered
SHIP-002888,ORD-002888,WH-01,39.99,11.0,Shipped
SHIP-002889,ORD-002889,WH-03,16.43,7.0,Delivered
SHIP-002890,ORD-002890,WH-03,16.61,32.0,Delivered
SHIP-002891,ORD-002891,WH-01,34.91,6.0,Cancelled
SHIP-002892,ORD-002892,WH-04,43.25,7.0,Shipped
SHIP-002893,ORD-002893,WH-04,26.44,,Delivered
SHIP-002894,ORD-002894,WH-02,10.46,9.0,Delivered
SHIP-002895,ORD-002895,WH-01,7.33,8.0,Delivered
SHIP-002896,ORD-002896,WH-02,10.25,10.0,Delivered
SHIP-002897,ORD-002897,WH-05,22.07,6.0,Cancelled
SHIP-002898,ORD-002898,WH-01,17.02,5.0,Delivered
SHIP-002899,ORD-002899,WH-04,47.94,3.0,Delivered
SHIP-002900,ORD-002900,WH-05,31.05,4.0,Delivered
SHIP-002901,ORD-002901,WH-05,19.49,2.0,Cancelled
SHIP-002902,ORD-002902,WH-03,22.48,7.0,Delivered
SHIP-002903,ORD-002903,WH-01,169.8,8.0,Shipped
SHIP-002904,ORD-002904,WH-05,57.21,4.0,Delivered
SHIP-002905,ORD-002905,WH-05,48.19,9.0,Delivered
SHIP-002906,ORD-002906,WH-02,55.73,7.0,Delivered
SHIP-002907,ORD-002907,WH-03,15.62,7.0,Shipped
SHIP-002908,ORD-002908,WH-03,24.44,6.0,Delivered
SHIP-002909,ORD-002909,WH-02,58.31,12.0,Delivered
SHIP-002910,ORD-002910,WH-05,17.15,9.0,Delivered
SHIP-002911,ORD-002911,WH-01,25.37,5.0,Delivered
SHIP-002912,ORD-002912,WH-01,27.87,8.0,Shipped
SHIP-002913,ORD-002913,WH-01,46.72,5.0,Shipped
SHIP-002914,ORD-002914,WH-03,35.7,5.0,Delivered
SHIP-002915,ORD-002915,WH-05,44.15,9.0,Shipped
SHIP-002916,ORD-002916,WH-04,44.88,12.0,Delivered
SHIP-002917,ORD-002917,WH-03,35.64,10.0,Delivered
SHIP-002918,ORD-002918,WH-02,38.93,5.0,Delivered
SHIP-002919,ORD-002919,WH-01,45.57,9.0,Delivered
SHIP-002920,ORD-002920,WH-05,43.88,11.0,Shipped
SHIP-002921,ORD-002921,WH-03,56.26,3.0,Delivered
SHIP-002922,ORD-002922,WH-05,55.98,9.0,Delivered
SHIP-002923,ORD-002923,WH-01,107.89999999999999,12.0,Shipped
SHIP-002924,ORD-002924,WH-01,47.39,9.0,Delivered
SHIP-002925,ORD-002925,WH-05,45.3,5.0,Delivered
SHIP-002926,ORD-002926,WH-04,14.24,8.0,Delivered
SHIP-002927,ORD-002927,WH-02,53.87,7.0,Delivered
SHIP-002928,ORD-002928,WH-03,170.7,6.0,Shipped
SHIP-002929,ORD-002929,WH-01,10.8,8.0,Delivered
SHIP-002930,ORD-002930,WH-05,17.32,8.0,Shipped
SHIP-002931,ORD-002931,WH-04,34.59,6.0,Delivered
SHIP-002932,ORD-002932,WH-04,23.66,6.0,Cancelled
SHIP-002933,ORD-002933,WH-01,18.92,6.0,Delivered
SHIP-002934,ORD-002934,WH-04,29.21,10.0,Delivered
SHIP-002935,ORD-002935,WH-01,36.05,4.0,Delivered
SHIP-002936,ORD-002936,WH-03,53.24,,Delivered
SHIP-002937,ORD-002937,WH-04,53.5,4.0,Shipped
SHIP-002938,ORD-002938,WH-05,21.56,2.0,Delivered
SHIP-002939,ORD-002939,WH-03,11.86,8.0,Delivered
SHIP-002940,ORD-002940,WH-04,32.94,7.0,Delivered
SHIP-002941,ORD-002941,WH-05,31.92,6.0,Delivered
SHIP-002942,ORD-002942,WH-04,39.19,4.0,Delivered
SHIP-002943,ORD-002943,WH-03,49.26,7.0,Delivered
SHIP-002944,ORD-002944,WH-02,53.69,7.0,Delivered
SHIP-002945,ORD-002945,WH-05,34.22,7.0,Shipped
SHIP-002946,ORD-002946,WH-03,14.56,2.0,Cancelled
SHIP-002947,ORD-002947,WH-02,25.34,7.0,Shipped
SHIP-002948,ORD-002948,WH-02,55.9,8.0,Cancelled
SHIP-002949,ORD-002949,WH-04,36.93,9.0,Delivered
SHIP-002950,ORD-002950,WH-04,47.57,7.0,Delivered
SHIP-002951,ORD-002951,WH-02,16.68,5.0,Delivered
SHIP-002952,ORD-002952,WH-04,28.65,24.0,Delivered
SHIP-002953,ORD-002953,WH-01,40.9,10.0,Delivered
SHIP-002954,ORD-002954,WH-04,48.45,8.0,Shipped
SHIP-002955,ORD-002955,WH-03,17.88,7.0,Delivered
SHIP-002956,ORD-002956,WH-05,29.84,4.0,Delivered
SHIP-002957,ORD-002957,WH-05,6.7,8.0,Delivered
SHIP-002958,ORD-002958,WH-01,29.27,8.0,Delivered
SHIP-002959,ORD-002959,WH-05,29.93,,Delivered
SHIP-002960,ORD-002960,WH-03,6.25,4.0,Delivered
SHIP-002961,ORD-002961,WH-05,22.58,5.0,Cancelled
SHIP-002962,ORD-002962,WH-05,44.56,2.0,Cancelled
SHIP-002963,ORD-002963,WH-04,31.55,8.0,Delivered
SHIP-002964,ORD-002964,WH-04,35.23,7.0,Delivered
SHIP-002965,ORD-002965,WH-04,42.89,3.0,Delivered
SHIP-002966,ORD-002966,WH-03,47.5,7.0,Cancelled
SHIP-002967,ORD-002967,WH-02,14.94,6.0,Delivered
SHIP-002968,ORD-002968,WH-02,39.69,29.0,Delivered
SHIP-002969,ORD-002969,WH-02,49.29,4.0,Delivered
SHIP-002970,ORD-002970,WH-05,45.06,6.0,Delivered
SHIP-002971,ORD-002971,WH-01,50.58,7.0,Delivered
SHIP-002972,ORD-002972,WH-01,55.49,2.0,Delivered
SHIP-002973,ORD-002973,WH-01,16.39,6.0,Delivered
SHIP-002974,ORD-002974,WH-04,49.37,9.0,Delivered
SHIP-002975,ORD-002975,WH-03,42.43,4.0,Delivered
SHIP-002976,ORD-002976,WH-01,20.89,6.0,Shipped
SHIP-002977,ORD-002977,WH-02,10.67,29.0,Cancelled
SHIP-002978,ORD-002978,WH-04,18.99,5.0,Delivered
SHIP-002979,ORD-002979,WH-03,47.99,9.0,Cancelled
SHIP-002980,ORD-002980,WH-01,48.19,5.0,Shipped
SHIP-002981,ORD-002981,WH-05,43.21,7.0,Delivered
SHIP-002982,ORD-002982,WH-04,43.58,8.0,Delivered
SHIP-002983,ORD-002983,WH-01,32.28,3.0,Delivered
SHIP-002984,ORD-002984,WH-02,9.68,6.0,Delivered
SHIP-002985,ORD-002985,WH-01,24.04,9.0,Delivered
SHIP-002986,ORD-002986,WH-03,37.75,11.0,Shipped
SHIP-002987,ORD-002987,WH-05,49.94,5.0,Delivered
SHIP-002988,ORD-002988,WH-04,23.52,3.0,Delivered
SHIP-002989,ORD-002989,WH-05,7.98,5.0,Delivered
SHIP-002990,ORD-002990,WH-01,52.98,9.0,Delivered
SHIP-002991,ORD-002991,WH-03,11.99,6.0,Cancelled
SHIP-002992,ORD-002992,WH-03,29.79,6.0,Cancelled
SHIP-002993,ORD-002993,WH-05,25.99,5.0,Cancelled
SHIP-002994,ORD-002994,WH-01,52.0,10.0,Delivered
SHIP-002995,ORD-002995,WH-04,30.12,4.0,Cancelled
SHIP-002996,ORD-002996,WH-04,34.13,5.0,Delivered
SHIP-002997,ORD-002997,WH-05,25.89,6.0,Delivered
SHIP-002998,ORD-002998,WH-01,15.86,2.0,Delivered
SHIP-002999,ORD-002999,WH-02,42.98,4.0,Cancelled
SHIP-003000,ORD-003000,WH-02,20.39,5.0,Delivered
SHIP-003001,ORD-003001,WH-03,15.72,5.0,Delivered
SHIP-003002,ORD-003002,WH-05,29.83,11.0,Delivered
SHIP-003003,ORD-003003,WH-05,53.9,12.0,Delivered
SHIP-003004,ORD-003004,WH-03,16.82,,Delivered
SHIP-003005,ORD-003005,WH-02,53.19,3.0,Delivered
SHIP-003006,ORD-003006,WH-04,36.82,4.0,Cancelled
SHIP-003007,ORD-003007,WH-05,51.48,5.0,Delivered
SHIP-003008,ORD-003008,WH-02,17.78,6.0,Delivered
SHIP-003009,ORD-003009,WH-01,45.8,3.0,Shipped
SHIP-003010,ORD-003010,WH-02,44.96,9.0,Delivered
SHIP-003011,ORD-003011,WH-04,32.26,8.0,Delivered
SHIP-003012,ORD-003012,WH-04,30.33,8.0,Cancelled
SHIP-003013,ORD-003013,WH-02,29.55,6.0,Shipped
SHIP-003014,ORD-003014,WH-05,27.07,4.0,Delivered
SHIP-003015,ORD-003015,WH-03,25.54,22.0,Delivered
SHIP-003016,ORD-003016,WH-05,9.08,5.0,Shipped
SHIP-003017,ORD-003017,WH-03,40.85,5.0,Delivered
SHIP-003018,ORD-003018,WH-01,43.34,5.0,Cancelled
SHIP-003019,ORD-003019,WH-04,29.49,3.0,Delivered
SHIP-003020,ORD-003020,WH-02,47.59,2.0,Delivered
SHIP-003021,ORD-003021,WH-03,31.98,5.0,Delivered
SHIP-003022,ORD-003022,WH-03,41.94,,Delivered
SHIP-003023,ORD-003023,WH-01,10.9,8.0,Delivered
SHIP-003024,ORD-003024,WH-01,15.99,7.0,Delivered
SHIP-003025,ORD-003025,WH-05,232.0,9.0,Delivered
SHIP-003026,ORD-003026,WH-03,51.68,9.0,Delivered
SHIP-003027,ORD-003027,WH-02,42.43,2.0,Shipped
SHIP-003028,ORD-003028,WH-02,14.13,3.0,Shipped
SHIP-003029,ORD-003029,WH-01,37.82,5.0,Delivered
SHIP-003030,ORD-003030,WH-01,49.09,6.0,Cancelled
SHIP-003031,ORD-003031,WH-03,8.75,4.0,Delivered
SHIP-003032,ORD-003032,WH-01,31.64,12.0,Cancelled
SHIP-003033,ORD-003033,WH-01,18.72,8.0,Delivered
SHIP-003034,ORD-003034,WH-02,88.75,4.0,Delivered
SHIP-003035,ORD-003035,WH-03,39.12,9.0,Delivered
SHIP-003036,ORD-003036,WH-05,43.33,,Shipped
SHIP-003037,ORD-003037,WH-04,28.81,9.0,Cancelled
SHIP-003038,ORD-003038,WH-04,29.58,12.0,Delivered
SHIP-003039,ORD-003039,WH-03,26.51,5.0,Delivered
SHIP-003040,ORD-003040,WH-04,39.81,6.0,Delivered
SHIP-003041,ORD-003041,WH-01,48.99,5.0,Shipped
SHIP-003042,ORD-003042,WH-03,49.05,4.0,Shipped
SHIP-003043,ORD-003043,WH-04,14.0,7.0,Delivered
SHIP-003044,ORD-003044,WH-05,15.34,2.0,Shipped
SHIP-003045,ORD-003045,WH-02,25.73,26.0,Delivered
SHIP-003046,ORD-003046,WH-04,34.69,10.0,Delivered
SHIP-003047,ORD-003047,WH-04,30.12,4.0,Delivered
SHIP-003048,ORD-003048,WH-05,20.2,22.0,Delivered
SHIP-003049,ORD-003049,WH-01,48.35,5.0,Delivered
SHIP-003050,ORD-003050,WH-03,30.08,12.0,Cancelled
SHIP-003051,ORD-003051,WH-04,17.91,7.0,Cancelled
SHIP-003052,ORD-003052,WH-05,27.27,5.0,Cancelled
SHIP-003053,ORD-003053,WH-01,30.71,2.0,Cancelled
SHIP-003054,ORD-003054,WH-05,21.35,8.0,Delivered
SHIP-003055,ORD-003055,WH-04,32.01,3.0,Delivered
SHIP-003056,ORD-003056,WH-03,35.6,5.0,Delivered
SHIP-003057,ORD-003057,WH-01,25.59,6.0,Delivered
SHIP-003058,ORD-003058,WH-05,39.06,9.0,Delivered
SHIP-003059,ORD-003059,WH-03,10.15,,Delivered
SHIP-003060,ORD-003060,WH-05,36.81,6.0,Delivered
SHIP-003061,ORD-003061,WH-05,212.85,4.0,Delivered
SHIP-003062,ORD-003062,WH-03,10.37,10.0,Delivered
SHIP-003063,ORD-003063,WH-02,30.71,10.0,Cancelled
SHIP-003064,ORD-003064,WH-01,32.02,8.0,Delivered
SHIP-003065,ORD-003065,WH-05,27.27,10.0,Delivered
SHIP-003066,ORD-003066,WH-04,43.73,10.0,Cancelled
SHIP-003067,ORD-003067,WH-01,35.81,4.0,Cancelled
SHIP-003068,ORD-003068,WH-04,201.64999999999998,8.0,Delivered
SHIP-003069,ORD-003069,WH-03,16.42,3.0,Delivered
SHIP-003070,ORD-003070,WH-03,30.66,5.0,Delivered
SHIP-003071,ORD-003071,WH-01,46.35,6.0,Cancelled
SHIP-003072,ORD-003072,WH-03,45.19,6.0,Delivered
SHIP-003073,ORD-003073,WH-02,265.15,9.0,Delivered
SHIP-003074,ORD-003074,WH-01,54.31,9.0,Cancelled
SHIP-003075,ORD-003075,WH-05,38.45,7.0,Delivered
SHIP-003076,ORD-003076,WH-04,11.36,3.0,Delivered
SHIP-003077,ORD-003077,WH-04,45.87,6.0,Delivered
SHIP-003078,ORD-003078,WH-04,13.53,9.0,Delivered
SHIP-003079,ORD-003079,WH-02,50.08,7.0,Delivered
SHIP-003080,ORD-003080,WH-04,16.8,10.0,Delivered
SHIP-003081,ORD-003081,WH-03,16.67,7.0,Delivered
SHIP-003082,ORD-003082,WH-02,34.46,5.0,Delivered
SHIP-003083,ORD-003083,WH-03,15.12,5.0,Shipped
SHIP-003084,ORD-003084,WH-01,50.76,2.0,Delivered
SHIP-003085,ORD-003085,WH-02,28.47,8.0,Shipped
SHIP-003086,ORD-003086,WH-05,35.99,7.0,Delivered
SHIP-003087,ORD-003087,WH-03,57.56,3.0,Delivered
SHIP-003088,ORD-003088,WH-05,27.05,7.0,Delivered
SHIP-003089,ORD-003089,WH-04,21.68,9.0,Delivered
SHIP-003090,ORD-003090,WH-05,23.78,8.0,Delivered
SHIP-003091,ORD-003091,WH-02,28.88,4.0,Delivered
SHIP-003092,ORD-003092,WH-04,100.9,7.0,Cancelled
SHIP-003093,ORD-003093,WH-03,9.71,8.0,Delivered
SHIP-003094,ORD-003094,WH-01,55.77,8.0,Shipped
SHIP-003095,ORD-003095,WH-01,39.06,6.0,Delivered
SHIP-003096,ORD-003096,WH-05,38.11,5.0,Delivered
SHIP-003097,ORD-003097,WH-04,44.03,8.0,Cancelled
SHIP-003098,ORD-003098,WH-05,49.22,5.0,Shipped
SHIP-003099,ORD-003099,WH-03,25.88,10.0,Delivered
SHIP-003100,ORD-003100,WH-02,15.0,2.0,Delivered
SHIP-003101,ORD-003101,WH-01,29.5,26.0,Delivered
SHIP-003102,ORD-003102,WH-04,20.26,26.0,Cancelled
SHIP-003103,ORD-003103,WH-01,37.47,3.0,Cancelled
SHIP-003104,ORD-003104,WH-01,44.66,7.0,Cancelled
SHIP-003105,ORD-003105,WH-04,26.68,5.0,Cancelled
SHIP-003106,ORD-003106,WH-01,35.38,6.0,Delivered
SHIP-003107,ORD-003107,WH-02,56.3,9.0,Shipped
SHIP-003108,ORD-003108,WH-03,48.3,6.0,Cancelled
SHIP-003109,ORD-003109,WH-01,53.66,6.0,Cancelled
SHIP-003110,ORD-003110,WH-02,13.19,9.0,Cancelled
SHIP-003111,ORD-003111,WH-01,56.15,2.0,Shipped
SHIP-003112,ORD-003112,WH-03,18.74,4.0,Shipped
SHIP-003113,ORD-003113,WH-01,44.06,4.0,Delivered
SHIP-003114,ORD-003114,WH-01,37.04,5.0,Delivered
SHIP-003115,ORD-003115,WH-04,21.69,6.0,Shipped
SHIP-003116,ORD-003116,WH-03,12.34,4.0,Delivered
SHIP-003117,ORD-003117,WH-05,53.21,10.0,Shipped
SHIP-003118,ORD-003118,WH-04,38.83,25.0,Delivered
SHIP-003119,ORD-003119,WH-02,43.13,6.0,Shipped
SHIP-003120,ORD-003120,WH-01,17.09,5.0,Delivered
SHIP-003121,ORD-003121,WH-01,29.91,4.0,Delivered
SHIP-003122,ORD-003122,WH-05,22.36,6.0,Delivered
SHIP-003123,ORD-003123,WH-01,25.07,3.0,Delivered
SHIP-003124,ORD-003124,WH-04,15.46,6.0,Delivered
SHIP-003125,ORD-003125,WH-03,26.19,7.0,Shipped
SHIP-003126,ORD-003126,WH-04,22.08,12.0,Delivered
SHIP-003127,ORD-003127,WH-01,229.60000000000002,4.0,Shipped
SHIP-003128,ORD-003128,WH-02,107.15,6.0,Delivered
SHIP-003129,ORD-003129,WH-01,49.66,10.0,Delivered
SHIP-003130,ORD-003130,WH-01,16.25,7.0,Delivered
SHIP-003131,ORD-003131,WH-01,17.74,10.0,Delivered
SHIP-003132,ORD-003132,WH-01,15.61,7.0,Delivered
SHIP-003133,ORD-003133,WH-01,13.06,3.0,Delivered
SHIP-003134,ORD-003134,WH-01,50.66,26.0,Shipped
SHIP-003135,ORD-003135,WH-05,33.72,11.0,Cancelled
SHIP-003136,ORD-003136,WH-02,41.81,2.0,Delivered
SHIP-003137,ORD-003137,WH-05,36.18,12.0,Shipped
SHIP-003138,ORD-003138,WH-01,30.99,10.0,Cancelled
SHIP-003139,ORD-003139,WH-01,35.58,5.0,Delivered
SHIP-003140,ORD-003140,WH-04,29.5,23.0,Delivered
SHIP-003141,ORD-003141,WH-02,29.21,4.0,Delivered
SHIP-003142,ORD-003142,WH-05,45.31,6.0,Cancelled
SHIP-003143,ORD-003143,WH-03,22.77,2.0,Delivered
SHIP-003144,ORD-003144,WH-01,36.82,9.0,Cancelled
SHIP-003145,ORD-003145,WH-05,29.77,5.0,Delivered
SHIP-003146,ORD-003146,WH-05,32.94,7.0,Shipped
SHIP-003147,ORD-003147,WH-02,10.33,7.0,Delivered
SHIP-003148,ORD-003148,WH-01,43.92,7.0,Shipped
SHIP-003149,ORD-003149,WH-02,31.1,9.0,Delivered
SHIP-003150,ORD-003150,WH-05,21.35,4.0,Shipped
SHIP-003151,ORD-003151,WH-01,40.86,2.0,Delivered
SHIP-003152,ORD-003152,WH-02,30.1,8.0,Cancelled
SHIP-003153,ORD-003153,WH-02,13.15,3.0,Cancelled
SHIP-003154,ORD-003154,WH-02,31.3,26.0,Delivered
SHIP-003155,ORD-003155,WH-04,51.3,,Shipped
SHIP-003156,ORD-003156,WH-05,57.93,5.0,Delivered
SHIP-003157,ORD-003157,WH-02,16.26,5.0,Delivered
SHIP-003158,ORD-003158,WH-05,32.19,3.0,Shipped
SHIP-003159,ORD-003159,WH-05,45.99,5.0,Shipped
SHIP-003160,ORD-003160,WH-04,17.4,7.0,Delivered
SHIP-003161,ORD-003161,WH-01,15.24,6.0,Delivered
SHIP-003162,ORD-003162,WH-04,12.66,12.0,Delivered
SHIP-003163,ORD-003163,WH-05,25.68,4.0,Delivered
SHIP-003164,ORD-003164,WH-02,42.07,4.0,Delivered
SHIP-003165,ORD-003165,WH-03,22.82,5.0,Delivered
SHIP-003166,ORD-003166,WH-05,19.92,3.0,Delivered
SHIP-003167,ORD-003167,WH-02,25.49,3.0,Delivered
SHIP-003168,ORD-003168,WH-01,9.08,11.0,Delivered
SHIP-003169,ORD-003169,WH-02,27.84,7.0,Delivered
SHIP-003170,ORD-003170,WH-01,34.64,2.0,Delivered
SHIP-003171,ORD-003171,WH-03,261.70000000000005,24.0,Delivered
SHIP-003172,ORD-003172,WH-02,49.71,8.0,Cancelled
SHIP-003173,ORD-003173,WH-04,43.71,,Cancelled
SHIP-003174,ORD-003174,WH-05,50.93,28.0,Delivered
SHIP-003175,ORD-003175,WH-01,32.85,10.0,Delivered
SHIP-003176,ORD-003176,WH-02,15.46,10.0,Delivered
SHIP-003177,ORD-003177,WH-03,41.62,5.0,Cancelled
SHIP-003178,ORD-003178,WH-04,52.12,7.0,Delivered
SHIP-003179,ORD-003179,WH-01,63.5,7.0,Shipped
SHIP-003180,ORD-003180,WH-04,13.46,8.0,Delivered
SHIP-003181,ORD-003181,WH-05,27.26,5.0,Shipped
SHIP-003182,ORD-003182,WH-05,31.76,9.0,Delivered
SHIP-003183,ORD-003183,WH-01,18.44,7.0,Delivered
SHIP-003184,ORD-003184,WH-03,45.87,5.0,Shipped
SHIP-003185,ORD-003185,WH-02,22.86,7.0,Cancelled
SHIP-003186,ORD-003186,WH-02,29.17,4.0,Delivered
SHIP-003187,ORD-003187,WH-02,14.21,3.0,Cancelled
SHIP-003188,ORD-003188,WH-05,220.75,,Shipped
SHIP-003189,ORD-003189,WH-02,31.26,4.0,Delivered
SHIP-003190,ORD-003190,WH-05,43.7,10.0,Delivered
SHIP-003191,ORD-003191,WH-05,46.55,7.0,Shipped
SHIP-003192,ORD-003192,WH-01,16.95,8.0,Delivered
SHIP-003193,ORD-003193,WH-01,40.82,2.0,Delivered
SHIP-003194,ORD-003194,WH-03,43.11,9.0,Shipped
SHIP-003195,ORD-003195,WH-03,48.51,4.0,Delivered
SHIP-003196,ORD-003196,WH-02,23.76,6.0,Delivered
SHIP-003197,ORD-003197,WH-05,17.36,9.0,Delivered
SHIP-003198,ORD-003198,WH-04,13.02,9.0,Delivered
SHIP-003199,ORD-003199,WH-02,27.95,3.0,Delivered
SHIP-003200,ORD-003200,WH-01,22.21,9.0,Delivered
SHIP-003201,ORD-003201,WH-02,22.04,7.0,Cancelled
SHIP-003202,ORD-003202,WH-03,36.73,6.0,Delivered
SHIP-003203,ORD-003203,WH-05,32.97,3.0,Delivered
SHIP-003204,ORD-003204,WH-02,33.18,2.0,Delivered
SHIP-003205,ORD-003205,WH-01,19.44,3.0,Shipped
SHIP-003206,ORD-003206,WH-03,30.74,3.0,Delivered
SHIP-003207,ORD-003207,WH-03,265.7,9.0,Delivered
SHIP-003208,ORD-003208,WH-04,103.69999999999999,11.0,Delivered
SHIP-003209,ORD-003209,WH-05,55.45,4.0,Delivered
SHIP-003210,ORD-003210,WH-02,16.21,3.0,Shipped
SHIP-003211,ORD-003211,WH-03,53.6,3.0,Delivered
SHIP-003212,ORD-003212,WH-05,38.71,,Delivered
SHIP-003213,ORD-003213,WH-02,12.3,9.0,Delivered
SHIP-003214,ORD-003214,WH-05,41.73,7.0,Shipped
SHIP-003215,ORD-003215,WH-04,16.3,7.0,Delivered
SHIP-003216,ORD-003216,WH-05,34.85,10.0,Cancelled
SHIP-003217,ORD-003217,WH-04,54.95,7.0,Delivered
SHIP-003218,ORD-003218,WH-05,32.36,6.0,Delivered
SHIP-003219,ORD-003219,WH-05,52.56,11.0,Delivered
SHIP-003220,ORD-003220,WH-01,219.45,5.0,Delivered
SHIP-003221,ORD-003221,WH-02,12.24,5.0,Cancelled
SHIP-003222,ORD-003222,WH-05,14.43,6.0,Delivered
SHIP-003223,ORD-003223,WH-02,50.91,3.0,Cancelled
SHIP-003224,ORD-003224,WH-01,26.98,9.0,Delivered
SHIP-003225,ORD-003225,WH-04,46.75,3.0,Delivered
SHIP-003226,ORD-003226,WH-03,45.11,7.0,Shipped
SHIP-003227,ORD-003227,WH-04,53.82,8.0,Delivered
SHIP-003228,ORD-003228,WH-01,199.7,12.0,Cancelled
SHIP-003229,ORD-003229,WH-04,30.62,6.0,Cancelled
SHIP-003230,ORD-003230,WH-05,42.6,3.0,Delivered
SHIP-003231,ORD-003231,WH-04,13.2,2.0,Delivered
SHIP-003232,ORD-003232,WH-01,23.66,5.0,Shipped
SHIP-003233,ORD-003233,WH-03,26.5,2.0,Delivered
SHIP-003234,ORD-003234,WH-02,157.89999999999998,4.0,Delivered
SHIP-003235,ORD-003235,WH-03,42.96,12.0,Delivered
SHIP-003236,ORD-003236,WH-01,36.75,6.0,Delivered
SHIP-003237,ORD-003237,WH-01,32.18,10.0,Shipped
SHIP-003238,ORD-003238,WH-02,44.51,3.0,Delivered
SHIP-003239,ORD-003239,WH-04,22.9,5.0,Delivered
SHIP-003240,ORD-003240,WH-02,79.65,7.0,Delivered
SHIP-003241,ORD-003241,WH-04,42.46,4.0,Cancelled
SHIP-003242,ORD-003242,WH-05,33.74,9.0,Delivered
SHIP-003243,ORD-003243,WH-04,48.97,2.0,Cancelled
SHIP-003244,ORD-003244,WH-02,52.06,5.0,Delivered
SHIP-003245,ORD-003245,WH-05,40.56,6.0,Delivered
SHIP-003246,ORD-003246,WH-01,39.95,10.0,Shipped
SHIP-003247,ORD-003247,WH-03,45.15,6.0,Delivered
SHIP-003248,ORD-003248,WH-01,40.3,4.0,Delivered
SHIP-003249,ORD-003249,WH-03,34.03,3.0,Shipped
SHIP-003250,ORD-003250,WH-03,45.28,2.0,Cancelled
SHIP-003251,ORD-003251,WH-03,55.8,6.0,Delivered
SHIP-003252,ORD-003252,WH-01,41.29,4.0,Shipped
SHIP-003253,ORD-003253,WH-02,9.26,9.0,Delivered
SHIP-003254,ORD-003254,WH-01,32.79,10.0,Delivered
SHIP-003255,ORD-003255,WH-02,16.25,3.0,Delivered
SHIP-003256,ORD-003256,WH-03,26.76,5.0,Shipped
SHIP-003257,ORD-003257,WH-01,33.5,4.0,Cancelled
SHIP-003258,ORD-003258,WH-03,29.96,4.0,Cancelled
SHIP-003259,ORD-003259,WH-01,16.46,2.0,Delivered
SHIP-003260,ORD-003260,WH-03,24.06,7.0,Cancelled
SHIP-003261,ORD-003261,WH-02,27.07,7.0,Cancelled
SHIP-003262,ORD-003262,WH-02,36.4,5.0,Shipped
SHIP-003263,ORD-003263,WH-04,36.16,2.0,Shipped
SHIP-003264,ORD-003264,WH-04,17.45,9.0,Delivered
SHIP-003265,ORD-003265,WH-02,34.85,6.0,Delivered
SHIP-003266,ORD-003266,WH-05,48.76,8.0,Delivered
SHIP-003267,ORD-003267,WH-01,44.47,6.0,Shipped
SHIP-003268,ORD-003268,WH-03,55.33,9.0,Delivered
SHIP-003269,ORD-003269,WH-04,29.45,7.0,Delivered
SHIP-003270,ORD-003270,WH-05,52.42,2.0,Delivered
SHIP-003271,ORD-003271,WH-02,35.16,6.0,Delivered
SHIP-003272,ORD-003272,WH-02,193.85000000000002,8.0,Cancelled
SHIP-003273,ORD-003273,WH-01,27.88,5.0,Cancelled
SHIP-003274,ORD-003274,WH-05,8.83,8.0,Cancelled
SHIP-003275,ORD-003275,WH-05,12.59,5.0,Delivered
SHIP-003276,ORD-003276,WH-02,26.92,27.0,Cancelled
SHIP-003277,ORD-003277,WH-01,28.25,9.0,Delivered
SHIP-003278,ORD-003278,WH-03,29.01,6.0,Delivered
SHIP-003279,ORD-003279,WH-01,43.98,9.0,Cancelled
SHIP-003280,ORD-003280,WH-03,8.17,11.0,Delivered
SHIP-003281,ORD-003281,WH-02,30.59,7.0,Delivered
SHIP-003282,ORD-003282,WH-05,14.66,2.0,Cancelled
SHIP-003283,ORD-003283,WH-04,31.61,8.0,Delivered
SHIP-003284,ORD-003284,WH-04,16.41,4.0,Delivered
SHIP-003285,ORD-003285,WH-05,27.26,2.0,Delivered
SHIP-003286,ORD-003286,WH-03,35.97,4.0,Delivered
SHIP-003287,ORD-003287,WH-04,52.64,9.0,Delivered
SHIP-003288,ORD-003288,WH-05,38.97,5.0,Delivered
SHIP-003289,ORD-003289,WH-03,38.03,2.0,Delivered
SHIP-003290,ORD-003290,WH-05,44.33,3.0,Delivered
SHIP-003291,ORD-003291,WH-04,26.45,5.0,Delivered
SHIP-003292,ORD-003292,WH-01,32.8,6.0,Delivered
SHIP-003293,ORD-003293,WH-04,17.71,5.0,Cancelled
SHIP-003294,ORD-003294,WH-03,19.31,9.0,Delivered
SHIP-003295,ORD-003295,WH-05,19.45,5.0,Delivered
SHIP-003296,ORD-003296,WH-03,34.62,,Shipped
SHIP-003297,ORD-003297,WH-04,42.91,8.0,Delivered
SHIP-003298,ORD-003298,WH-02,10.63,8.0,Delivered
SHIP-003299,ORD-003299,WH-04,24.16,9.0,Delivered
SHIP-003300,ORD-003300,WH-05,29.9,7.0,Delivered
SHIP-003301,ORD-003301,WH-05,18.04,4.0,Shipped
SHIP-003302,ORD-003302,WH-02,28.83,10.0,Delivered
SHIP-003303,ORD-003303,WH-01,43.150000000000006,6.0,Delivered
SHIP-003304,ORD-003304,WH-04,37.15,7.0,Delivered
SHIP-003305,ORD-003305,WH-05,42.24,6.0,Delivered
SHIP-003306,ORD-003306,WH-04,29.38,6.0,Shipped
SHIP-003307,ORD-003307,WH-02,22.91,31.0,Delivered
SHIP-003308,ORD-003308,WH-02,31.75,23.0,Delivered
SHIP-003309,ORD-003309,WH-04,43.45,3.0,Delivered
SHIP-003310,ORD-003310,WH-02,32.42,9.0,Delivered
SHIP-003311,ORD-003311,WH-02,19.79,7.0,Delivered
SHIP-003312,ORD-003312,WH-02,38.43,6.0,Delivered
SHIP-003313,ORD-003313,WH-04,51.57,9.0,Delivered
SHIP-003314,ORD-003314,WH-04,48.03,8.0,Shipped
SHIP-003315,ORD-003315,WH-01,34.06,5.0,Delivered
SHIP-003316,ORD-003316,WH-04,42.46,7.0,Shipped
SHIP-003317,ORD-003317,WH-03,73.35,3.0,Shipped
SHIP-003318,ORD-003318,WH-03,14.91,2.0,Delivered
SHIP-003319,ORD-003319,WH-03,12.07,5.0,Delivered
SHIP-003320,ORD-003320,WH-05,44.56,8.0,Delivered
SHIP-003321,ORD-003321,WH-01,46.96,3.0,Shipped
SHIP-003322,ORD-003322,WH-02,20.43,10.0,Delivered
SHIP-003323,ORD-003323,WH-05,23.17,8.0,Delivered
SHIP-003324,ORD-003324,WH-03,51.57,,Shipped
SHIP-003325,ORD-003325,WH-04,45.9,3.0,Delivered
SHIP-003326,ORD-003326,WH-03,13.59,11.0,Cancelled
SHIP-003327,ORD-003327,WH-04,18.82,12.0,Delivered
SHIP-003328,ORD-003328,WH-03,22.74,3.0,Delivered
SHIP-003329,ORD-003329,WH-02,28.12,3.0,Delivered
SHIP-003330,ORD-003330,WH-03,24.95,6.0,Delivered
SHIP-003331,ORD-003331,WH-02,12.98,4.0,Delivered
SHIP-003332,ORD-003332,WH-01,37.43,7.0,Delivered
SHIP-003333,ORD-003333,WH-03,25.79,10.0,Delivered
SHIP-003334,ORD-003334,WH-05,43.19,11.0,Cancelled
SHIP-003335,ORD-003335,WH-02,27.45,7.0,Delivered
SHIP-003336,ORD-003336,WH-03,20.74,4.0,Delivered
SHIP-003337,ORD-003337,WH-04,18.86,3.0,Shipped
SHIP-003338,ORD-003338,WH-01,73.05,6.0,Delivered
SHIP-003339,ORD-003339,WH-01,57.01,3.0,Cancelled
SHIP-003340,ORD-003340,WH-03,41.51,23.0,Delivered
SHIP-003341,ORD-003341,WH-03,42.57,3.0,Delivered
SHIP-003342,ORD-003342,WH-05,44.39,6.0,Shipped
SHIP-003343,ORD-003343,WH-01,45.64,10.0,Shipped
SHIP-003344,ORD-003344,WH-01,27.09,,Delivered
SHIP-003345,ORD-003345,WH-04,47.99,26.0,Shipped
SHIP-003346,ORD-003346,WH-02,37.92,6.0,Cancelled
SHIP-003347,ORD-003347,WH-03,53.17,6.0,Delivered
SHIP-003348,ORD-003348,WH-04,26.65,9.0,Delivered
SHIP-003349,ORD-003349,WH-05,42.52,7.0,Delivered
SHIP-003350,ORD-003350,WH-04,38.52,6.0,Delivered
SHIP-003351,ORD-003351,WH-04,10.38,2.0,Delivered
SHIP-003352,ORD-003352,WH-05,23.4,7.0,Delivered
SHIP-003353,ORD-003353,WH-04,34.31,7.0,Delivered
SHIP-003354,ORD-003354,WH-01,50.69,2.0,Delivered
SHIP-003355,ORD-003355,WH-03,48.9,9.0,Delivered
SHIP-003356,ORD-003356,WH-02,22.57,5.0,Delivered
SHIP-003357,ORD-003357,WH-04,201.20000000000002,5.0,Delivered
SHIP-003358,ORD-003358,WH-04,22.12,24.0,Delivered
SHIP-003359,ORD-003359,WH-01,31.63,8.0,Shipped
SHIP-003360,ORD-003360,WH-03,41.11,4.0,Delivered
SHIP-003361,ORD-003361,WH-02,17.84,3.0,Delivered
SHIP-003362,ORD-003362,WH-01,48.64,,Delivered
SHIP-003363,ORD-003363,WH-01,23.64,5.0,Shipped
SHIP-003364,ORD-003364,WH-03,9.96,23.0,Cancelled
SHIP-003365,ORD-003365,WH-04,38.16,2.0,Delivered
SHIP-003366,ORD-003366,WH-04,30.55,8.0,Delivered
SHIP-003367,ORD-003367,WH-03,51.25,6.0,Cancelled
SHIP-003368,ORD-003368,WH-02,39.88,9.0,Delivered
SHIP-003369,ORD-003369,WH-01,6.12,3.0,Shipped
SHIP-003370,ORD-003370,WH-04,153.15,7.0,Delivered
SHIP-003371,ORD-003371,WH-02,38.46,8.0,Delivered
SHIP-003372,ORD-003372,WH-04,16.24,22.0,Delivered
SHIP-003373,ORD-003373,WH-01,10.85,9.0,Delivered
SHIP-003374,ORD-003374,WH-03,46.76,6.0,Delivered
SHIP-003375,ORD-003375,WH-02,31.89,5.0,Shipped
SHIP-003376,ORD-003376,WH-05,19.68,2.0,Delivered
SHIP-003377,ORD-003377,WH-05,30.14,2.0,Delivered
SHIP-003378,ORD-003378,WH-01,33.75,12.0,Delivered
SHIP-003379,ORD-003379,WH-01,40.67,3.0,Shipped
SHIP-003380,ORD-003380,WH-02,19.67,3.0,Shipped
SHIP-003381,ORD-003381,WH-03,43.5,11.0,Delivered
SHIP-003382,ORD-003382,WH-03,35.38,5.0,Shipped
SHIP-003383,ORD-003383,WH-01,43.97,2.0,Delivered
SHIP-003384,ORD-003384,WH-03,22.44,7.0,Delivered
SHIP-003385,ORD-003385,WH-02,29.86,4.0,Delivered
SHIP-003386,ORD-003386,WH-04,32.35,8.0,Delivered
SHIP-003387,ORD-003387,WH-05,46.91,6.0,Delivered
SHIP-003388,ORD-003388,WH-02,51.89,9.0,Delivered
SHIP-003389,ORD-003389,WH-04,25.58,4.0,Cancelled
SHIP-003390,ORD-003390,WH-02,35.03,4.0,Cancelled
SHIP-003391,ORD-003391,WH-05,8.34,3.0,Delivered
SHIP-003392,ORD-003392,WH-01,32.71,6.0,Delivered
SHIP-003393,ORD-003393,WH-02,19.37,5.0,Shipped
SHIP-003394,ORD-003394,WH-01,28.8,2.0,Delivered
SHIP-003395,ORD-003395,WH-05,39.22,8.0,Cancelled
SHIP-003396,ORD-003396,WH-02,54.45,,Cancelled
SHIP-003397,ORD-003397,WH-01,55.6,9.0,Delivered
SHIP-003398,ORD-003398,WH-02,45.36,10.0,Shipped
SHIP-003399,ORD-003399,WH-05,18.69,12.0,Delivered
SHIP-003400,ORD-003400,WH-01,45.18,6.0,Cancelled
SHIP-003401,ORD-003401,WH-03,38.24,11.0,Cancelled
SHIP-003402,ORD-003402,WH-04,101.6,10.0,Delivered
SHIP-003403,ORD-003403,WH-01,29.21,7.0,Delivered
SHIP-003404,ORD-003404,WH-05,107.05,4.0,Cancelled
SHIP-003405,ORD-003405,WH-02,19.1,6.0,Delivered
SHIP-003406,ORD-003406,WH-05,9.4,6.0,Delivered
SHIP-003407,ORD-003407,WH-03,22.79,9.0,Delivered
SHIP-003408,ORD-003408,WH-03,16.56,9.0,Delivered
SHIP-003409,ORD-003409,WH-02,10.09,,Delivered
SHIP-003410,ORD-003410,WH-02,23.0,7.0,Shipped
SHIP-003411,ORD-003411,WH-02,54.08,9.0,Delivered
SHIP-003412,ORD-003412,WH-04,29.32,4.0,Delivered
SHIP-003413,ORD-003413,WH-01,19.74,,Delivered
SHIP-003414,ORD-003414,WH-02,27.76,2.0,Delivered
SHIP-003415,ORD-003415,WH-03,50.11,5.0,Delivered
SHIP-003416,ORD-003416,WH-04,14.55,8.0,Cancelled
SHIP-003417,ORD-003417,WH-05,18.4,3.0,Shipped
SHIP-003418,ORD-003418,WH-02,35.68,2.0,Delivered
SHIP-003419,ORD-003419,WH-03,183.35000000000002,12.0,Delivered
SHIP-003420,ORD-003420,WH-02,35.25,3.0,Delivered
SHIP-003421,ORD-003421,WH-05,19.56,2.0,Delivered
SHIP-003422,ORD-003422,WH-01,14.89,4.0,Delivered
SHIP-003423,ORD-003423,WH-03,22.91,7.0,Delivered
SHIP-003424,ORD-003424,WH-03,27.93,5.0,Delivered
SHIP-003425,ORD-003425,WH-01,10.61,7.0,Delivered
SHIP-003426,ORD-003426,WH-01,29.09,11.0,Cancelled
SHIP-003427,ORD-003427,WH-03,38.51,5.0,Shipped
SHIP-003428,ORD-003428,WH-02,25.05,28.0,Delivered
SHIP-003429,ORD-003429,WH-03,46.33,11.0,Delivered
SHIP-003430,ORD-003430,WH-03,14.17,12.0,Cancelled
SHIP-003431,ORD-003431,WH-04,43.07,4.0,Delivered
SHIP-003432,ORD-003432,WH-01,47.58,5.0,Delivered
SHIP-003433,ORD-003433,WH-02,35.97,3.0,Delivered
SHIP-003434,ORD-003434,WH-04,20.57,5.0,Shipped
SHIP-003435,ORD-003435,WH-02,46.88,5.0,Delivered
SHIP-003436,ORD-003436,WH-05,43.4,10.0,Delivered
SHIP-003437,ORD-003437,WH-01,41.71,9.0,Delivered
SHIP-003438,ORD-003438,WH-04,40.04,7.0,Shipped
SHIP-003439,ORD-003439,WH-03,52.24,6.0,Delivered
SHIP-003440,ORD-003440,WH-05,29.77,3.0,Cancelled
SHIP-003441,ORD-003441,WH-05,23.26,4.0,Delivered
SHIP-003442,ORD-003442,WH-05,25.64,9.0,Delivered
SHIP-003443,ORD-003443,WH-05,45.82,4.0,Delivered
SHIP-003444,ORD-003444,WH-02,21.26,6.0,Delivered
SHIP-003445,ORD-003445,WH-02,22.58,5.0,Delivered
SHIP-003446,ORD-003446,WH-02,50.85,28.0,Delivered
SHIP-003447,ORD-003447,WH-03,20.68,9.0,Cancelled
SHIP-003448,ORD-003448,WH-04,25.96,8.0,Shipped
SHIP-003449,ORD-003449,WH-03,14.78,2.0,Shipped
SHIP-003450,ORD-003450,WH-01,33.23,2.0,Delivered
SHIP-003451,ORD-003451,WH-01,7.46,5.0,Delivered
SHIP-003452,ORD-003452,WH-05,53.57,7.0,Cancelled
SHIP-003453,ORD-003453,WH-05,54.9,7.0,Shipped
SHIP-003454,ORD-003454,WH-01,44.62,6.0,Delivered
SHIP-003455,ORD-003455,WH-05,38.14,7.0,Cancelled
SHIP-003456,ORD-003456,WH-04,56.02,6.0,Delivered
SHIP-003457,ORD-003457,WH-02,22.68,5.0,Delivered
SHIP-003458,ORD-003458,WH-04,26.0,6.0,Delivered
SHIP-003459,ORD-003459,WH-01,294.34999999999997,2.0,Shipped
SHIP-003460,ORD-003460,WH-04,175.39999999999998,10.0,Delivered
SHIP-003461,ORD-003461,WH-05,27.84,5.0,Delivered
SHIP-003462,ORD-003462,WH-05,33.89,9.0,Delivered
SHIP-003463,ORD-003463,WH-05,32.35,7.0,Delivered
SHIP-003464,ORD-003464,WH-04,35.8,3.0,Delivered
SHIP-003465,ORD-003465,WH-03,33.5,5.0,Delivered
SHIP-003466,ORD-003466,WH-03,48.83,4.0,Delivered
SHIP-003467,ORD-003467,WH-05,218.25,6.0,Delivered
SHIP-003468,ORD-003468,WH-01,23.78,5.0,Shipped
SHIP-003469,ORD-003469,WH-01,14.96,5.0,Cancelled
SHIP-003470,ORD-003470,WH-01,97.65,23.0,Shipped
SHIP-003471,ORD-003471,WH-01,36.12,5.0,Cancelled
SHIP-003472,ORD-003472,WH-02,51.92,2.0,Cancelled
SHIP-003473,ORD-003473,WH-05,43.78,5.0,Delivered
SHIP-003474,ORD-003474,WH-05,42.97,32.0,Shipped
SHIP-003475,ORD-003475,WH-05,41.7,6.0,Shipped
SHIP-003476,ORD-003476,WH-04,132.65,6.0,Delivered
SHIP-003477,ORD-003477,WH-01,29.91,2.0,Delivered
SHIP-003478,ORD-003478,WH-03,17.31,10.0,Shipped
SHIP-003479,ORD-003479,WH-01,30.88,6.0,Shipped
SHIP-003480,ORD-003480,WH-01,52.08,10.0,Cancelled
SHIP-003481,ORD-003481,WH-03,54.13,3.0,Cancelled
SHIP-003482,ORD-003482,WH-03,45.58,9.0,Shipped
SHIP-003483,ORD-003483,WH-01,38.75,5.0,Delivered
SHIP-003484,ORD-003484,WH-03,23.12,12.0,Delivered
SHIP-003485,ORD-003485,WH-02,26.6,5.0,Cancelled
SHIP-003486,ORD-003486,WH-04,34.31,4.0,Delivered
SHIP-003487,ORD-003487,WH-03,35.35,5.0,Delivered
SHIP-003488,ORD-003488,WH-03,31.12,27.0,Cancelled
SHIP-003489,ORD-003489,WH-04,38.71,7.0,Delivered
SHIP-003490,ORD-003490,WH-05,34.27,12.0,Delivered
SHIP-003491,ORD-003491,WH-02,40.78,3.0,Cancelled
SHIP-003492,ORD-003492,WH-02,55.09,6.0,Shipped
SHIP-003493,ORD-003493,WH-05,49.78,7.0,Delivered
SHIP-003494,ORD-003494,WH-04,28.5,4.0,Delivered
SHIP-003495,ORD-003495,WH-04,32.04,6.0,Cancelled
SHIP-003496,ORD-003496,WH-04,34.52,4.0,Delivered
SHIP-003497,ORD-003497,WH-01,43.15,5.0,Shipped
SHIP-003498,ORD-003498,WH-05,33.85,5.0,Cancelled
SHIP-003499,ORD-003499,WH-02,42.85,7.0,Delivered
SHIP-003500,ORD-003500,WH-03,12.28,6.0,Delivered
SHIP-003501,ORD-003501,WH-04,28.04,2.0,Delivered
SHIP-003502,ORD-003502,WH-03,14.33,8.0,Cancelled
SHIP-003503,ORD-003503,WH-01,44.95,4.0,Delivered
SHIP-003504,ORD-003504,WH-04,46.71,28.0,Shipped
SHIP-003505,ORD-003505,WH-05,16.74,6.0,Shipped
SHIP-003506,ORD-003506,WH-01,38.83,9.0,Delivered
SHIP-003507,ORD-003507,WH-02,28.63,,Delivered
SHIP-003508,ORD-003508,WH-01,41.99,3.0,Delivered
SHIP-003509,ORD-003509,WH-03,48.25,7.0,Delivered
SHIP-003510,ORD-003510,WH-03,9.84,4.0,Delivered
SHIP-003511,ORD-003511,WH-05,34.28,8.0,Cancelled
SHIP-003512,ORD-003512,WH-05,44.1,6.0,Cancelled
SHIP-003513,ORD-003513,WH-03,26.31,7.0,Delivered
SHIP-003514,ORD-003514,WH-02,45.45,9.0,Delivered
SHIP-003515,ORD-003515,WH-02,27.49,3.0,Delivered
SHIP-003516,ORD-003516,WH-03,35.81,3.0,Delivered
SHIP-003517,ORD-003517,WH-03,16.27,9.0,Delivered
SHIP-003518,ORD-003518,WH-05,8.57,9.0,Cancelled
SHIP-003519,ORD-003519,WH-02,15.56,,Cancelled
SHIP-003520,ORD-003520,WH-01,14.93,5.0,Delivered
SHIP-003521,ORD-003521,WH-03,31.05,,Cancelled
SHIP-003522,ORD-003522,WH-04,43.47,24.0,Cancelled
SHIP-003523,ORD-003523,WH-05,44.88,6.0,Delivered
SHIP-003524,ORD-003524,WH-04,18.31,9.0,Cancelled
SHIP-003525,ORD-003525,WH-04,26.05,2.0,Delivered
SHIP-003526,ORD-003526,WH-01,42.82,3.0,Shipped
SHIP-003527,ORD-003527,WH-03,50.41,2.0,Delivered
SHIP-003528,ORD-003528,WH-01,34.63,6.0,Cancelled
SHIP-003529,ORD-003529,WH-02,27.43,26.0,Cancelled
SHIP-003530,ORD-003530,WH-01,42.29,9.0,Delivered
SHIP-003531,ORD-003531,WH-02,49.7,4.0,Shipped
SHIP-003532,ORD-003532,WH-03,24.9,4.0,Delivered
SHIP-003533,ORD-003533,WH-02,30.86,7.0,Delivered
SHIP-003534,ORD-003534,WH-04,18.97,8.0,Cancelled
SHIP-003535,ORD-003535,WH-02,37.84,9.0,Delivered
SHIP-003536,ORD-003536,WH-04,47.46,8.0,Delivered
SHIP-003537,ORD-003537,WH-02,32.2,2.0,Cancelled
SHIP-003538,ORD-003538,WH-05,16.98,,Cancelled
SHIP-003539,ORD-003539,WH-03,45.25,6.0,Delivered
SHIP-003540,ORD-003540,WH-05,42.45,3.0,Shipped
SHIP-003541,ORD-003541,WH-05,43.62,4.0,Delivered
SHIP-003542,ORD-003542,WH-05,34.3,4.0,Delivered
SHIP-003543,ORD-003543,WH-01,45.73,5.0,Delivered
SHIP-003544,ORD-003544,WH-03,27.01,8.0,Delivered
SHIP-003545,ORD-003545,WH-03,26.74,7.0,Delivered
SHIP-003546,ORD-003546,WH-02,107.44999999999999,9.0,Delivered
SHIP-003547,ORD-003547,WH-01,23.18,9.0,Cancelled
SHIP-003548,ORD-003548,WH-02,16.57,6.0,Delivered
SHIP-003549,ORD-003549,WH-03,6.16,4.0,Delivered
SHIP-003550,ORD-003550,WH-04,19.46,5.0,Delivered
SHIP-003551,ORD-003551,WH-03,138.0,4.0,Delivered
SHIP-003552,ORD-003552,WH-02,19.63,8.0,Cancelled
SHIP-003553,ORD-003553,WH-05,16.6,4.0,Delivered
SHIP-003554,ORD-003554,WH-05,20.39,12.0,Delivered
SHIP-003555,ORD-003555,WH-01,45.5,7.0,Shipped
SHIP-003556,ORD-003556,WH-04,40.1,7.0,Delivered
SHIP-003557,ORD-003557,WH-01,12.72,6.0,Cancelled
SHIP-003558,ORD-003558,WH-05,13.32,11.0,Delivered
SHIP-003559,ORD-003559,WH-02,32.7,8.0,Delivered
SHIP-003560,ORD-003560,WH-02,53.34,3.0,Delivered
SHIP-003561,ORD-003561,WH-05,55.76,9.0,Cancelled
SHIP-003562,ORD-003562,WH-04,94.14999999999999,5.0,Delivered
SHIP-003563,ORD-003563,WH-03,17.14,8.0,Delivered
SHIP-003564,ORD-003564,WH-03,24.78,4.0,Shipped
SHIP-003565,ORD-003565,WH-01,5.55,9.0,Shipped
SHIP-003566,ORD-003566,WH-04,46.47,5.0,Delivered
SHIP-003567,ORD-003567,WH-02,33.95,6.0,Cancelled
SHIP-003568,ORD-003568,WH-01,25.86,,Shipped
SHIP-003569,ORD-003569,WH-01,34.04,5.0,Delivered
SHIP-003570,ORD-003570,WH-04,21.26,6.0,Delivered
SHIP-003571,ORD-003571,WH-03,45.16,6.0,Shipped
SHIP-003572,ORD-003572,WH-02,12.4,7.0,Delivered
SHIP-003573,ORD-003573,WH-05,41.89,10.0,Delivered
SHIP-003574,ORD-003574,WH-01,14.72,5.0,Delivered
SHIP-003575,ORD-003575,WH-05,20.2,7.0,Delivered
SHIP-003576,ORD-003576,WH-01,28.46,7.0,Delivered
SHIP-003577,ORD-003577,WH-05,41.63,6.0,Delivered
SHIP-003578,ORD-003578,WH-05,47.12,31.0,Delivered
SHIP-003579,ORD-003579,WH-05,30.57,6.0,Delivered
SHIP-003580,ORD-003580,WH-05,19.84,10.0,Shipped
SHIP-003581,ORD-003581,WH-04,44.05,10.0,Delivered
SHIP-003582,ORD-003582,WH-01,15.38,12.0,Delivered
SHIP-003583,ORD-003583,WH-05,15.37,5.0,Delivered
SHIP-003584,ORD-003584,WH-05,47.33,2.0,Cancelled
SHIP-003585,ORD-003585,WH-04,27.64,8.0,Delivered
SHIP-003586,ORD-003586,WH-01,38.53,9.0,Shipped
SHIP-003587,ORD-003587,WH-01,45.66,9.0,Delivered
SHIP-003588,ORD-003588,WH-03,36.71,8.0,Delivered
SHIP-003589,ORD-003589,WH-02,17.15,6.0,Delivered
SHIP-003590,ORD-003590,WH-04,36.2,6.0,Delivered
SHIP-003591,ORD-003591,WH-04,9.87,6.0,Shipped
SHIP-003592,ORD-003592,WH-01,34.37,4.0,Delivered
SHIP-003593,ORD-003593,WH-03,31.86,6.0,Cancelled
SHIP-003594,ORD-003594,WH-02,14.12,3.0,Delivered
SHIP-003595,ORD-003595,WH-03,7.65,5.0,Delivered
SHIP-003596,ORD-003596,WH-02,11.75,10.0,Cancelled
SHIP-003597,ORD-003597,WH-02,9.01,4.0,Delivered
SHIP-003598,ORD-003598,WH-05,40.23,4.0,Delivered
SHIP-003599,ORD-003599,WH-05,32.49,8.0,Delivered
SHIP-003600,ORD-003600,WH-02,38.66,7.0,Delivered
SHIP-003601,ORD-003601,WH-02,52.5,6.0,Cancelled
SHIP-003602,ORD-003602,WH-04,22.95,8.0,Delivered
SHIP-003603,ORD-003603,WH-04,40.21,7.0,Delivered
SHIP-003604,ORD-003604,WH-05,25.65,8.0,Shipped
SHIP-003605,ORD-003605,WH-03,32.75,9.0,Delivered
SHIP-003606,ORD-003606,WH-01,33.35,6.0,Delivered
SHIP-003607,ORD-003607,WH-01,208.25,5.0,Delivered
SHIP-003608,ORD-003608,WH-02,28.89,5.0,Delivered
SHIP-003609,ORD-003609,WH-01,14.41,9.0,Delivered
SHIP-003610,ORD-003610,WH-03,39.22,12.0,Cancelled
SHIP-003611,ORD-003611,WH-01,41.72,5.0,Delivered
SHIP-003612,ORD-003612,WH-04,22.51,2.0,Delivered
SHIP-003613,ORD-003613,WH-01,17.99,12.0,Shipped
SHIP-003614,ORD-003614,WH-04,192.75,8.0,Delivered
SHIP-003615,ORD-003615,WH-05,38.03,7.0,Cancelled
SHIP-003616,ORD-003616,WH-04,19.1,2.0,Delivered
SHIP-003617,ORD-003617,WH-03,26.94,10.0,Delivered
SHIP-003618,ORD-003618,WH-01,25.73,6.0,Cancelled
SHIP-003619,ORD-003619,WH-03,39.68,24.0,Delivered
SHIP-003620,ORD-003620,WH-01,39.68,5.0,Cancelled
SHIP-003621,ORD-003621,WH-01,40.51,5.0,Cancelled
SHIP-003622,ORD-003622,WH-04,50.14,2.0,Delivered
SHIP-003623,ORD-003623,WH-05,11.36,6.0,Delivered
SHIP-003624,ORD-003624,WH-03,38.91,11.0,Shipped
SHIP-003625,ORD-003625,WH-02,16.63,25.0,Delivered
SHIP-003626,ORD-003626,WH-01,31.37,7.0,Cancelled
SHIP-003627,ORD-003627,WH-05,51.03,2.0,Cancelled
SHIP-003628,ORD-003628,WH-01,18.06,5.0,Delivered
SHIP-003629,ORD-003629,WH-04,32.23,9.0,Delivered
SHIP-003630,ORD-003630,WH-01,11.42,6.0,Delivered
SHIP-003631,ORD-003631,WH-04,45.27,5.0,Delivered
SHIP-003632,ORD-003632,WH-01,40.0,6.0,Delivered
SHIP-003633,ORD-003633,WH-04,37.48,6.0,Cancelled
SHIP-003634,ORD-003634,WH-01,20.99,12.0,Cancelled
SHIP-003635,ORD-003635,WH-01,36.31,12.0,Delivered
SHIP-003636,ORD-003636,WH-01,22.95,7.0,Delivered
SHIP-003637,ORD-003637,WH-03,22.15,8.0,Delivered
SHIP-003638,ORD-003638,WH-01,47.37,9.0,Delivered
SHIP-003639,ORD-003639,WH-03,18.9,12.0,Delivered
SHIP-003640,ORD-003640,WH-02,19.14,7.0,Delivered
SHIP-003641,ORD-003641,WH-01,51.48,7.0,Delivered
SHIP-003642,ORD-003642,WH-05,49.48,12.0,Delivered
SHIP-003643,ORD-003643,WH-03,27.95,,Shipped
SHIP-003644,ORD-003644,WH-05,22.08,6.0,Delivered
SHIP-003645,ORD-003645,WH-02,24.35,7.0,Delivered
SHIP-003646,ORD-003646,WH-04,24.88,4.0,Delivered
SHIP-003647,ORD-003647,WH-01,24.22,7.0,Shipped
SHIP-003648,ORD-003648,WH-02,25.85,5.0,Delivered
SHIP-003649,ORD-003649,WH-02,26.75,9.0,Delivered
SHIP-003650,ORD-003650,WH-03,19.87,9.0,Delivered
SHIP-003651,ORD-003651,WH-02,23.23,11.0,Delivered
SHIP-003652,ORD-003652,WH-02,35.25,7.0,Delivered
SHIP-003653,ORD-003653,WH-03,7.8,3.0,Delivered
SHIP-003654,ORD-003654,WH-03,22.43,4.0,Delivered
SHIP-003655,ORD-003655,WH-01,46.33,10.0,Delivered
SHIP-003656,ORD-003656,WH-04,31.43,5.0,Delivered
SHIP-003657,ORD-003657,WH-02,25.73,6.0,Cancelled
SHIP-003658,ORD-003658,WH-04,28.07,5.0,Cancelled
SHIP-003659,ORD-003659,WH-04,45.77,7.0,Cancelled
SHIP-003660,ORD-003660,WH-02,39.25,12.0,Cancelled
SHIP-003661,ORD-003661,WH-05,26.33,8.0,Delivered
SHIP-003662,ORD-003662,WH-04,24.49,,Shipped
SHIP-003663,ORD-003663,WH-01,19.47,4.0,Delivered
SHIP-003664,ORD-003664,WH-04,45.31,7.0,Delivered
SHIP-003665,ORD-003665,WH-02,50.09,3.0,Delivered
SHIP-003666,ORD-003666,WH-05,236.0,7.0,Delivered
SHIP-003667,ORD-003667,WH-01,23.8,9.0,Delivered
SHIP-003668,ORD-003668,WH-03,22.11,3.0,Shipped
SHIP-003669,ORD-003669,WH-05,41.34,6.0,Delivered
SHIP-003670,ORD-003670,WH-03,13.05,,Delivered
SHIP-003671,ORD-003671,WH-02,16.07,8.0,Delivered
SHIP-003672,ORD-003672,WH-01,24.88,27.0,Delivered
SHIP-003673,ORD-003673,WH-01,25.05,10.0,Shipped
SHIP-003674,ORD-003674,WH-02,21.83,11.0,Delivered
SHIP-003675,ORD-003675,WH-05,34.86,2.0,Shipped
SHIP-003676,ORD-003676,WH-02,39.44,8.0,Shipped
SHIP-003677,ORD-003677,WH-03,39.62,7.0,Shipped
SHIP-003678,ORD-003678,WH-01,54.36,7.0,Delivered
SHIP-003679,ORD-003679,WH-05,16.15,32.0,Delivered
SHIP-003680,ORD-003680,WH-05,20.12,2.0,Cancelled
SHIP-003681,ORD-003681,WH-04,42.9,3.0,Delivered
SHIP-003682,ORD-003682,WH-01,50.26,7.0,Delivered
SHIP-003683,ORD-003683,WH-04,36.51,6.0,Delivered
SHIP-003684,ORD-003684,WH-03,24.36,9.0,Delivered
SHIP-003685,ORD-003685,WH-02,44.88,4.0,Delivered
SHIP-003686,ORD-003686,WH-02,24.91,5.0,Delivered
SHIP-003687,ORD-003687,WH-03,57.87,10.0,Cancelled
SHIP-003688,ORD-003688,WH-01,30.17,3.0,Delivered
SHIP-003689,ORD-003689,WH-01,17.76,7.0,Delivered
SHIP-003690,ORD-003690,WH-04,46.95,7.0,Delivered
SHIP-003691,ORD-003691,WH-02,48.0,3.0,Shipped
SHIP-003692,ORD-003692,WH-05,14.84,9.0,Cancelled
SHIP-003693,ORD-003693,WH-01,42.34,11.0,Delivered
SHIP-003694,ORD-003694,WH-05,47.93,7.0,Shipped
SHIP-003695,ORD-003695,WH-01,22.08,12.0,Delivered
SHIP-003696,ORD-003696,WH-04,51.16,25.0,Delivered
SHIP-003697,ORD-003697,WH-02,47.46,6.0,Shipped
SHIP-003698,ORD-003698,WH-02,35.63,5.0,Shipped
SHIP-003699,ORD-003699,WH-02,16.89,7.0,Shipped
SHIP-003700,ORD-003700,WH-02,39.71,12.0,Shipped
SHIP-003701,ORD-003701,WH-05,28.76,6.0,Shipped
SHIP-003702,ORD-003702,WH-05,13.81,10.0,Delivered
SHIP-003703,ORD-003703,WH-04,38.22,4.0,Delivered
SHIP-003704,ORD-003704,WH-04,49.59,3.0,Delivered
SHIP-003705,ORD-003705,WH-04,27.58,24.0,Delivered
SHIP-003706,ORD-003706,WH-02,10.28,3.0,Delivered
SHIP-003707,ORD-003707,WH-01,30.6,5.0,Delivered
SHIP-003708,ORD-003708,WH-01,38.35,7.0,Shipped
SHIP-003709,ORD-003709,WH-05,52.83,5.0,Delivered
SHIP-003710,ORD-003710,WH-02,9.5,7.0,Shipped
SHIP-003711,ORD-003711,WH-01,38.89,31.0,Delivered
SHIP-003712,ORD-003712,WH-02,26.23,10.0,Shipped
SHIP-003713,ORD-003713,WH-04,11.4,2.0,Delivered
SHIP-003714,ORD-003714,WH-01,57.3,8.0,Delivered
SHIP-003715,ORD-003715,WH-02,50.56,9.0,Delivered
SHIP-003716,ORD-003716,WH-01,10.49,6.0,Delivered
SHIP-003717,ORD-003717,WH-02,41.44,6.0,Delivered
SHIP-003718,ORD-003718,WH-04,46.53,9.0,Shipped
SHIP-003719,ORD-003719,WH-03,30.62,11.0,Delivered
SHIP-003720,ORD-003720,WH-04,213.70000000000002,7.0,Delivered
SHIP-003721,ORD-003721,WH-02,48.44,5.0,Delivered
SHIP-003722,ORD-003722,WH-05,9.57,9.0,Cancelled
SHIP-003723,ORD-003723,WH-05,44.77,6.0,Cancelled
SHIP-003724,ORD-003724,WH-01,13.13,10.0,Delivered
SHIP-003725,ORD-003725,WH-04,35.49,8.0,Delivered
SHIP-003726,ORD-003726,WH-05,50.84,23.0,Delivered
SHIP-003727,ORD-003727,WH-03,38.91,4.0,Delivered
SHIP-003728,ORD-003728,WH-03,19.88,10.0,Delivered
SHIP-003729,ORD-003729,WH-02,22.39,9.0,Delivered
SHIP-003730,ORD-003730,WH-03,8.11,7.0,Delivered
SHIP-003731,ORD-003731,WH-04,46.05,7.0,Delivered
SHIP-003732,ORD-003732,WH-03,14.24,11.0,Shipped
SHIP-003733,ORD-003733,WH-03,20.63,10.0,Delivered
SHIP-003734,ORD-003734,WH-03,16.13,4.0,Delivered
SHIP-003735,ORD-003735,WH-02,37.43,7.0,Shipped
SHIP-003736,ORD-003736,WH-02,30.98,8.0,Shipped
SHIP-003737,ORD-003737,WH-05,17.46,5.0,Delivered
SHIP-003738,ORD-003738,WH-04,11.44,5.0,Delivered
SHIP-003739,ORD-003739,WH-01,34.61,5.0,Delivered
SHIP-003740,ORD-003740,WH-05,51.29,2.0,Delivered
SHIP-003741,ORD-003741,WH-03,44.09,2.0,Cancelled
SHIP-003742,ORD-003742,WH-02,117.85,7.0,Delivered
SHIP-003743,ORD-003743,WH-03,25.46,8.0,Cancelled
SHIP-003744,ORD-003744,WH-01,10.63,9.0,Cancelled
SHIP-003745,ORD-003745,WH-05,47.37,6.0,Shipped
SHIP-003746,ORD-003746,WH-02,27.22,7.0,Delivered
SHIP-003747,ORD-003747,WH-04,14.88,5.0,Cancelled
SHIP-003748,ORD-003748,WH-02,50.11,8.0,Delivered
SHIP-003749,ORD-003749,WH-04,27.37,6.0,Delivered
SHIP-003750,ORD-003750,WH-01,45.24,8.0,Delivered
SHIP-003751,ORD-003751,WH-05,39.4,7.0,Delivered
SHIP-003752,ORD-003752,WH-02,23.08,5.0,Shipped
SHIP-003753,ORD-003753,WH-02,23.18,12.0,Delivered
SHIP-003754,ORD-003754,WH-01,56.18,9.0,Delivered
SHIP-003755,ORD-003755,WH-01,15.51,9.0,Delivered
SHIP-003756,ORD-003756,WH-02,47.64,7.0,Delivered
SHIP-003757,ORD-003757,WH-04,45.81,6.0,Cancelled
SHIP-003758,ORD-003758,WH-05,53.93,12.0,Delivered
SHIP-003759,ORD-003759,WH-04,31.43,25.0,Cancelled
SHIP-003760,ORD-003760,WH-03,54.52,3.0,Delivered
SHIP-003761,ORD-003761,WH-04,30.6,6.0,Delivered
SHIP-003762,ORD-003762,WH-04,170.10000000000002,6.0,Delivered
SHIP-003763,ORD-003763,WH-01,16.37,5.0,Delivered
SHIP-003764,ORD-003764,WH-03,12.88,11.0,Delivered
SHIP-003765,ORD-003765,WH-04,50.08,4.0,Cancelled
SHIP-003766,ORD-003766,WH-02,20.24,10.0,Delivered
SHIP-003767,ORD-003767,WH-04,38.77,4.0,Delivered
SHIP-003768,ORD-003768,WH-01,42.96,11.0,Delivered
SHIP-003769,ORD-003769,WH-01,48.07,3.0,Shipped
SHIP-003770,ORD-003770,WH-04,51.38,6.0,Shipped
SHIP-003771,ORD-003771,WH-03,35.44,4.0,Cancelled
SHIP-003772,ORD-003772,WH-02,31.62,8.0,Delivered
SHIP-003773,ORD-003773,WH-05,30.33,9.0,Cancelled
SHIP-003774,ORD-003774,WH-03,16.5,8.0,Shipped
SHIP-003775,ORD-003775,WH-01,43.74,3.0,Cancelled
SHIP-003776,ORD-003776,WH-05,48.63,10.0,Cancelled
SHIP-003777,ORD-003777,WH-01,14.24,9.0,Delivered
SHIP-003778,ORD-003778,WH-01,30.07,12.0,Delivered
SHIP-003779,ORD-003779,WH-01,44.74,9.0,Shipped
SHIP-003780,ORD-003780,WH-04,52.55,10.0,Delivered
SHIP-003781,ORD-003781,WH-05,81.25,4.0,Shipped
SHIP-003782,ORD-003782,WH-03,224.8,4.0,Delivered
SHIP-003783,ORD-003783,WH-02,31.87,3.0,Delivered
SHIP-003784,ORD-003784,WH-03,46.36,9.0,Shipped
SHIP-003785,ORD-003785,WH-02,43.95,6.0,Cancelled
SHIP-003786,ORD-003786,WH-03,34.83,2.0,Delivered
SHIP-003787,ORD-003787,WH-01,48.33,4.0,Delivered
SHIP-003788,ORD-003788,WH-05,52.87,2.0,Delivered
SHIP-003789,ORD-003789,WH-05,29.55,6.0,Cancelled
SHIP-003790,ORD-003790,WH-04,54.56,5.0,Delivered
SHIP-003791,ORD-003791,WH-03,26.46,7.0,Delivered
SHIP-003792,ORD-003792,WH-04,39.98,7.0,Cancelled
SHIP-003793,ORD-003793,WH-05,11.26,2.0,Delivered
SHIP-003794,ORD-003794,WH-04,28.32,10.0,Shipped
SHIP-003795,ORD-003795,WH-04,35.4,7.0,Shipped
SHIP-003796,ORD-003796,WH-05,27.59,2.0,Shipped
SHIP-003797,ORD-003797,WH-04,41.61,5.0,Delivered
SHIP-003798,ORD-003798,WH-05,46.51,10.0,Delivered
SHIP-003799,ORD-003799,WH-04,49.45,7.0,Delivered
SHIP-003800,ORD-003800,WH-05,13.14,5.0,Delivered
SHIP-003801,ORD-003801,WH-02,17.48,7.0,Cancelled
SHIP-003802,ORD-003802,WH-02,56.95,4.0,Delivered
SHIP-003803,ORD-003803,WH-01,12.41,7.0,Cancelled
SHIP-003804,ORD-003804,WH-05,31.61,4.0,Delivered
SHIP-003805,ORD-003805,WH-01,45.53,4.0,Delivered
SHIP-003806,ORD-003806,WH-02,52.2,10.0,Delivered
SHIP-003807,ORD-003807,WH-02,27.3,11.0,Delivered
SHIP-003808,ORD-003808,WH-03,23.3,12.0,Cancelled
SHIP-003809,ORD-003809,WH-04,43.12,8.0,Delivered
SHIP-003810,ORD-003810,WH-01,39.01,9.0,Delivered
SHIP-003811,ORD-003811,WH-03,26.55,6.0,Cancelled
SHIP-003812,ORD-003812,WH-02,18.71,2.0,Cancelled
SHIP-003813,ORD-003813,WH-02,50.02,9.0,Delivered
SHIP-003814,ORD-003814,WH-01,36.41,11.0,Shipped
SHIP-003815,ORD-003815,WH-04,59.3,10.0,Delivered
SHIP-003816,ORD-003816,WH-03,29.07,9.0,Delivered
SHIP-003817,ORD-003817,WH-01,23.08,10.0,Shipped
SHIP-003818,ORD-003818,WH-01,31.88,7.0,Delivered
SHIP-003819,ORD-003819,WH-03,40.95,9.0,Delivered
SHIP-003820,ORD-003820,WH-02,58.93,5.0,Delivered
SHIP-003821,ORD-003821,WH-04,173.25,4.0,Delivered
SHIP-003822,ORD-003822,WH-04,11.73,5.0,Delivered
SHIP-003823,ORD-003823,WH-01,52.26,9.0,Shipped
SHIP-003824,ORD-003824,WH-01,41.5,5.0,Delivered
SHIP-003825,ORD-003825,WH-02,24.49,9.0,Shipped
SHIP-003826,ORD-003826,WH-01,32.44,7.0,Delivered
SHIP-003827,ORD-003827,WH-03,49.63,4.0,Cancelled
SHIP-003828,ORD-003828,WH-05,34.88,7.0,Delivered
SHIP-003829,ORD-003829,WH-05,18.59,12.0,Delivered
SHIP-003830,ORD-003830,WH-03,13.38,3.0,Delivered
SHIP-003831,ORD-003831,WH-04,46.64,11.0,Delivered
SHIP-003832,ORD-003832,WH-03,56.72,7.0,Shipped
SHIP-003833,ORD-003833,WH-01,46.04,11.0,Delivered
SHIP-003834,ORD-003834,WH-03,18.71,7.0,Cancelled
SHIP-003835,ORD-003835,WH-04,32.91,8.0,Shipped
SHIP-003836,ORD-003836,WH-05,51.94,5.0,Delivered
SHIP-003837,ORD-003837,WH-05,42.61,11.0,Shipped
SHIP-003838,ORD-003838,WH-03,20.32,7.0,Delivered
SHIP-003839,ORD-003839,WH-03,36.2,4.0,Shipped
SHIP-003840,ORD-003840,WH-05,13.23,,Cancelled
SHIP-003841,ORD-003841,WH-04,13.83,7.0,Cancelled
SHIP-003842,ORD-003842,WH-02,14.41,9.0,Shipped
SHIP-003843,ORD-003843,WH-03,20.44,8.0,Delivered
SHIP-003844,ORD-003844,WH-02,53.5,6.0,Cancelled
SHIP-003845,ORD-003845,WH-04,40.53,7.0,Delivered
SHIP-003846,ORD-003846,WH-05,35.65,6.0,Delivered
SHIP-003847,ORD-003847,WH-04,51.62,7.0,Delivered
SHIP-003848,ORD-003848,WH-04,46.55,7.0,Shipped
SHIP-003849,ORD-003849,WH-05,41.98,8.0,Cancelled
SHIP-003850,ORD-003850,WH-04,39.12,7.0,Cancelled
SHIP-003851,ORD-003851,WH-05,40.78,4.0,Cancelled
SHIP-003852,ORD-003852,WH-03,18.56,4.0,Delivered
SHIP-003853,ORD-003853,WH-05,32.75,5.0,Shipped
SHIP-003854,ORD-003854,WH-04,36.41,5.0,Cancelled
SHIP-003855,ORD-003855,WH-01,12.95,8.0,Delivered
SHIP-003856,ORD-003856,WH-02,8.91,3.0,Delivered
SHIP-003857,ORD-003857,WH-01,42.02,6.0,Delivered
SHIP-003858,ORD-003858,WH-05,33.35,5.0,Shipped
SHIP-003859,ORD-003859,WH-01,43.52,12.0,Delivered
SHIP-003860,ORD-003860,WH-02,11.91,27.0,Cancelled
SHIP-003861,ORD-003861,WH-01,40.44,7.0,Delivered
SHIP-003862,ORD-003862,WH-02,18.18,2.0,Shipped
SHIP-003863,ORD-003863,WH-04,56.38,5.0,Delivered
SHIP-003864,ORD-003864,WH-03,15.47,6.0,Delivered
SHIP-003865,ORD-003865,WH-02,13.34,8.0,Delivered
SHIP-003866,ORD-003866,WH-04,12.41,9.0,Delivered
SHIP-003867,ORD-003867,WH-05,38.04,6.0,Delivered
SHIP-003868,ORD-003868,WH-03,55.42,6.0,Cancelled
SHIP-003869,ORD-003869,WH-04,26.09,3.0,Delivered
SHIP-003870,ORD-003870,WH-04,42.76,29.0,Delivered
SHIP-003871,ORD-003871,WH-05,43.45,5.0,Delivered
SHIP-003872,ORD-003872,WH-01,35.27,8.0,Shipped
SHIP-003873,ORD-003873,WH-04,51.66,6.0,Delivered
SHIP-003874,ORD-003874,WH-04,22.45,6.0,Delivered
SHIP-003875,ORD-003875,WH-03,13.51,7.0,Delivered
SHIP-003876,ORD-003876,WH-02,29.79,7.0,Delivered
SHIP-003877,ORD-003877,WH-02,13.41,12.0,Cancelled
SHIP-003878,ORD-003878,WH-03,19.27,7.0,Cancelled
SHIP-003879,ORD-003879,WH-05,15.64,4.0,Delivered
SHIP-003880,ORD-003880,WH-01,13.12,10.0,Shipped
SHIP-003881,ORD-003881,WH-01,195.9,4.0,Shipped
SHIP-003882,ORD-003882,WH-02,55.58,9.0,Delivered
SHIP-003883,ORD-003883,WH-05,41.7,7.0,Shipped
SHIP-003884,ORD-003884,WH-05,17.96,2.0,Delivered
SHIP-003885,ORD-003885,WH-02,50.7,2.0,Shipped
SHIP-003886,ORD-003886,WH-05,25.07,7.0,Delivered
SHIP-003887,ORD-003887,WH-02,35.97,9.0,Delivered
SHIP-003888,ORD-003888,WH-05,47.61,5.0,Delivered
SHIP-003889,ORD-003889,WH-04,20.47,26.0,Delivered
SHIP-003890,ORD-003890,WH-05,39.05,9.0,Delivered
SHIP-003891,ORD-003891,WH-01,15.84,4.0,Delivered
SHIP-003892,ORD-003892,WH-05,21.92,3.0,Delivered
SHIP-003893,ORD-003893,WH-01,54.37,6.0,Delivered
SHIP-003894,ORD-003894,WH-03,16.65,2.0,Delivered
SHIP-003895,ORD-003895,WH-02,31.06,7.0,Delivered
SHIP-003896,ORD-003896,WH-03,22.02,5.0,Shipped
SHIP-003897,ORD-003897,WH-02,38.09,5.0,Shipped
SHIP-003898,ORD-003898,WH-04,27.71,4.0,Delivered
SHIP-003899,ORD-003899,WH-01,46.24,4.0,Cancelled
SHIP-003900,ORD-003900,WH-02,31.33,12.0,Delivered
SHIP-003901,ORD-003901,WH-05,18.65,31.0,Cancelled
SHIP-003902,ORD-003902,WH-04,46.47,2.0,Delivered
SHIP-003903,ORD-003903,WH-04,23.27,5.0,Delivered
SHIP-003904,ORD-003904,WH-05,36.48,7.0,Delivered
SHIP-003905,ORD-003905,WH-04,141.95,3.0,Cancelled
SHIP-003906,ORD-003906,WH-03,35.09,5.0,Delivered
SHIP-003907,ORD-003907,WH-02,30.1,3.0,Delivered
SHIP-003908,ORD-003908,WH-03,33.17,8.0,Shipped
SHIP-003909,ORD-003909,WH-05,35.09,5.0,Cancelled
SHIP-003910,ORD-003910,WH-02,15.45,7.0,Cancelled
SHIP-003911,ORD-003911,WH-04,49.58,12.0,Cancelled
SHIP-003912,ORD-003912,WH-03,27.9,9.0,Delivered
SHIP-003913,ORD-003913,WH-04,28.71,6.0,Delivered
SHIP-003914,ORD-003914,WH-03,27.7,4.0,Delivered
SHIP-003915,ORD-003915,WH-01,24.59,4.0,Delivered
SHIP-003916,ORD-003916,WH-02,28.02,11.0,Delivered
SHIP-003917,ORD-003917,WH-03,37.57,12.0,Shipped
SHIP-003918,ORD-003918,WH-05,42.84,3.0,Delivered
SHIP-003919,ORD-003919,WH-03,42.32,12.0,Delivered
SHIP-003920,ORD-003920,WH-05,42.84,9.0,Delivered
SHIP-003921,ORD-003921,WH-03,20.18,10.0,Delivered
SHIP-003922,ORD-003922,WH-04,55.79,5.0,Delivered
SHIP-003923,ORD-003923,WH-02,17.0,11.0,Cancelled
SHIP-003924,ORD-003924,WH-01,24.69,7.0,Delivered
SHIP-003925,ORD-003925,WH-02,47.56,2.0,Delivered
SHIP-003926,ORD-003926,WH-01,36.98,4.0,Cancelled
SHIP-003927,ORD-003927,WH-04,53.29,5.0,Delivered
SHIP-003928,ORD-003928,WH-05,50.6,6.0,Delivered
SHIP-003929,ORD-003929,WH-04,30.78,24.0,Delivered
SHIP-003930,ORD-003930,WH-02,8.27,4.0,Delivered
SHIP-003931,ORD-003931,WH-03,34.09,12.0,Shipped
SHIP-003932,ORD-003932,WH-03,16.12,6.0,Shipped
SHIP-003933,ORD-003933,WH-01,10.59,6.0,Delivered
SHIP-003934,ORD-003934,WH-02,20.37,8.0,Delivered
SHIP-003935,ORD-003935,WH-03,20.95,8.0,Shipped
SHIP-003936,ORD-003936,WH-02,147.0,2.0,Delivered
SHIP-003937,ORD-003937,WH-04,14.05,2.0,Delivered
SHIP-003938,ORD-003938,WH-04,17.05,10.0,Shipped
SHIP-003939,ORD-003939,WH-01,35.5,5.0,Delivered
SHIP-003940,ORD-003940,WH-04,26.54,4.0,Delivered
SHIP-003941,ORD-003941,WH-02,41.48,5.0,Delivered
SHIP-003942,ORD-003942,WH-04,26.2,5.0,Shipped
SHIP-003943,ORD-003943,WH-03,50.3,9.0,Delivered
SHIP-003944,ORD-003944,WH-02,40.69,8.0,Shipped
SHIP-003945,ORD-003945,WH-04,46.41,7.0,Delivered
SHIP-003946,ORD-003946,WH-02,20.3,3.0,Delivered
SHIP-003947,ORD-003947,WH-01,51.66,4.0,Delivered
SHIP-003948,ORD-003948,WH-03,25.01,10.0,Delivered
SHIP-003949,ORD-003949,WH-02,44.21,8.0,Delivered
SHIP-003950,ORD-003950,WH-01,68.1,,Delivered
SHIP-003951,ORD-003951,WH-05,19.49,7.0,Delivered
SHIP-003952,ORD-003952,WH-02,29.57,4.0,Delivered
SHIP-003953,ORD-003953,WH-01,11.99,4.0,Shipped
SHIP-003954,ORD-003954,WH-04,37.04,3.0,Cancelled
SHIP-003955,ORD-003955,WH-01,46.4,10.0,Shipped
SHIP-003956,ORD-003956,WH-04,45.48,11.0,Shipped
SHIP-003957,ORD-003957,WH-02,17.43,9.0,Delivered
SHIP-003958,ORD-003958,WH-02,38.37,7.0,Delivered
SHIP-003959,ORD-003959,WH-05,34.8,5.0,Delivered
SHIP-003960,ORD-003960,WH-04,57.84,7.0,Delivered
SHIP-003961,ORD-003961,WH-03,10.19,7.0,Cancelled
SHIP-003962,ORD-003962,WH-02,32.18,,Shipped
SHIP-003963,ORD-003963,WH-05,23.44,9.0,Delivered
SHIP-003964,ORD-003964,WH-01,40.56,3.0,Delivered
SHIP-003965,ORD-003965,WH-02,22.1,5.0,Delivered
SHIP-003966,ORD-003966,WH-05,46.55,2.0,Cancelled
SHIP-003967,ORD-003967,WH-02,34.45,10.0,Shipped
SHIP-003968,ORD-003968,WH-01,56.11,8.0,Delivered
SHIP-003969,ORD-003969,WH-01,49.66,8.0,Shipped
SHIP-003970,ORD-003970,WH-04,18.95,2.0,Delivered
SHIP-003971,ORD-003971,WH-04,54.45,6.0,Cancelled
SHIP-003972,ORD-003972,WH-01,32.92,7.0,Cancelled
SHIP-003973,ORD-003973,WH-01,49.77,11.0,Shipped
SHIP-003974,ORD-003974,WH-04,43.77,6.0,Shipped
SHIP-003975,ORD-003975,WH-01,24.06,6.0,Delivered
SHIP-003976,ORD-003976,WH-04,49.91,6.0,Cancelled
SHIP-003977,ORD-003977,WH-02,18.83,7.0,Delivered
SHIP-003978,ORD-003978,WH-01,25.77,6.0,Delivered
SHIP-003979,ORD-003979,WH-04,25.3,,Delivered
SHIP-003980,ORD-003980,WH-02,19.87,9.0,Delivered
SHIP-003981,ORD-003981,WH-05,42.26,8.0,Delivered
SHIP-003982,ORD-003982,WH-03,34.24,6.0,Delivered
SHIP-003983,ORD-003983,WH-02,58.16,7.0,Delivered
SHIP-003984,ORD-003984,WH-04,30.84,4.0,Delivered
SHIP-003985,ORD-003985,WH-05,14.73,2.0,Delivered
SHIP-003986,ORD-003986,WH-05,23.71,4.0,Delivered
SHIP-003987,ORD-003987,WH-01,38.6,4.0,Delivered
SHIP-003988,ORD-003988,WH-02,38.35,7.0,Delivered
SHIP-003989,ORD-003989,WH-03,56.92,9.0,Delivered
SHIP-003990,ORD-003990,WH-04,44.26,8.0,Cancelled
SHIP-003991,ORD-003991,WH-05,17.41,4.0,Delivered
SHIP-003992,ORD-003992,WH-04,14.87,7.0,Delivered
SHIP-003993,ORD-003993,WH-04,48.01,10.0,Cancelled
SHIP-003994,ORD-003994,WH-02,22.37,28.0,Cancelled
SHIP-003995,ORD-003995,WH-03,28.71,4.0,Delivered
SHIP-003996,ORD-003996,WH-01,15.72,10.0,Delivered
SHIP-003997,ORD-003997,WH-05,11.4,5.0,Delivered
SHIP-003998,ORD-003998,WH-04,9.43,22.0,Delivered
SHIP-003999,ORD-003999,WH-05,40.38,5.0,Delivered
SHIP-004000,ORD-004000,WH-02,35.42,8.0,Shipped
SHIP-004001,ORD-004001,WH-02,46.06,10.0,Delivered
SHIP-004002,ORD-004002,WH-03,11.85,12.0,Cancelled
SHIP-004003,ORD-004003,WH-04,8.58,7.0,Shipped
SHIP-004004,ORD-004004,WH-03,12.31,6.0,Cancelled
SHIP-004005,ORD-004005,WH-01,42.4,12.0,Cancelled
SHIP-004006,ORD-004006,WH-01,30.37,7.0,Delivered
SHIP-004007,ORD-004007,WH-01,54.54,9.0,Delivered
SHIP-004008,ORD-004008,WH-04,29.58,7.0,Delivered
SHIP-004009,ORD-004009,WH-03,33.22,5.0,Cancelled
SHIP-004010,ORD-004010,WH-04,20.69,5.0,Delivered
SHIP-004011,ORD-004011,WH-03,18.78,6.0,Delivered
SHIP-004012,ORD-004012,WH-02,55.05,8.0,Delivered
SHIP-004013,ORD-004013,WH-05,287.04999999999995,7.0,Delivered
SHIP-004014,ORD-004014,WH-03,22.57,6.0,Shipped
SHIP-004015,ORD-004015,WH-01,48.45,7.0,Delivered
SHIP-004016,ORD-004016,WH-03,29.01,8.0,Delivered
SHIP-004017,ORD-004017,WH-02,28.91,10.0,Delivered
SHIP-004018,ORD-004018,WH-03,18.63,9.0,Shipped
SHIP-004019,ORD-004019,WH-01,40.83,3.0,Cancelled
SHIP-004020,ORD-004020,WH-04,15.86,3.0,Shipped
SHIP-004021,ORD-004021,WH-02,50.76,3.0,Cancelled
SHIP-004022,ORD-004022,WH-01,32.67,9.0,Delivered
SHIP-004023,ORD-004023,WH-01,50.91,10.0,Delivered
SHIP-004024,ORD-004024,WH-03,80.19999999999999,6.0,Shipped
SHIP-004025,ORD-004025,WH-05,24.24,6.0,Shipped
SHIP-004026,ORD-004026,WH-03,12.72,10.0,Delivered
SHIP-004027,ORD-004027,WH-03,47.09,5.0,Cancelled
SHIP-004028,ORD-004028,WH-05,26.72,6.0,Delivered
SHIP-004029,ORD-004029,WH-04,48.24,3.0,Shipped
SHIP-004030,ORD-004030,WH-05,18.79,4.0,Delivered
SHIP-004031,ORD-004031,WH-03,51.94,9.0,Delivered
SHIP-004032,ORD-004032,WH-04,51.34,9.0,Delivered
SHIP-004033,ORD-004033,WH-02,24.42,7.0,Delivered
SHIP-004034,ORD-004034,WH-02,18.54,6.0,Delivered
SHIP-004035,ORD-004035,WH-05,32.21,5.0,Cancelled
SHIP-004036,ORD-004036,WH-01,8.03,3.0,Shipped
SHIP-004037,ORD-004037,WH-02,17.37,11.0,Shipped
SHIP-004038,ORD-004038,WH-01,37.56,2.0,Shipped
SHIP-004039,ORD-004039,WH-05,34.13,6.0,Delivered
SHIP-004040,ORD-004040,WH-03,28.74,25.0,Shipped
SHIP-004041,ORD-004041,WH-03,31.75,4.0,Delivered
SHIP-004042,ORD-004042,WH-05,10.79,7.0,Delivered
SHIP-004043,ORD-004043,WH-04,19.82,7.0,Delivered
SHIP-004044,ORD-004044,WH-05,14.53,12.0,Delivered
SHIP-004045,ORD-004045,WH-05,50.61,8.0,Cancelled
SHIP-004046,ORD-004046,WH-05,38.22,6.0,Delivered
SHIP-004047,ORD-004047,WH-03,37.08,4.0,Delivered
SHIP-004048,ORD-004048,WH-02,25.01,4.0,Delivered
SHIP-004049,ORD-004049,WH-03,35.5,6.0,Delivered
SHIP-004050,ORD-004050,WH-04,41.44,8.0,Delivered
SHIP-004051,ORD-004051,WH-04,120.8,23.0,Delivered
SHIP-004052,ORD-004052,WH-02,37.32,7.0,Delivered
SHIP-004053,ORD-004053,WH-01,53.36,5.0,Delivered
SHIP-004054,ORD-004054,WH-02,13.11,10.0,Delivered
SHIP-004055,ORD-004055,WH-05,43.2,4.0,Delivered
SHIP-004056,ORD-004056,WH-01,23.4,5.0,Delivered
SHIP-004057,ORD-004057,WH-05,48.37,25.0,Delivered
SHIP-004058,ORD-004058,WH-05,36.57,7.0,Delivered
SHIP-004059,ORD-004059,WH-01,9.08,7.0,Delivered
SHIP-004060,ORD-004060,WH-02,15.1,6.0,Delivered
SHIP-004061,ORD-004061,WH-04,38.71,5.0,Cancelled
SHIP-004062,ORD-004062,WH-03,39.52,5.0,Delivered
SHIP-004063,ORD-004063,WH-02,24.23,7.0,Delivered
SHIP-004064,ORD-004064,WH-02,38.39,5.0,Delivered
SHIP-004065,ORD-004065,WH-05,27.01,7.0,Cancelled
SHIP-004066,ORD-004066,WH-01,30.9,8.0,Delivered
SHIP-004067,ORD-004067,WH-05,46.56,5.0,Delivered
SHIP-004068,ORD-004068,WH-01,39.36,6.0,Delivered
SHIP-004069,ORD-004069,WH-05,48.84,6.0,Delivered
SHIP-004070,ORD-004070,WH-01,37.2,4.0,Delivered
SHIP-004071,ORD-004071,WH-04,50.16,,Cancelled
SHIP-004072,ORD-004072,WH-05,247.8,6.0,Delivered
SHIP-004073,ORD-004073,WH-05,32.41,8.0,Delivered
SHIP-004074,ORD-004074,WH-05,23.21,6.0,Delivered
SHIP-004075,ORD-004075,WH-01,28.21,7.0,Delivered
SHIP-004076,ORD-004076,WH-03,10.08,5.0,Cancelled
SHIP-004077,ORD-004077,WH-04,25.18,9.0,Delivered
SHIP-004078,ORD-004078,WH-02,37.74,6.0,Delivered
SHIP-004079,ORD-004079,WH-01,37.12,4.0,Shipped
SHIP-004080,ORD-004080,WH-03,208.45,7.0,Delivered
SHIP-004081,ORD-004081,WH-03,38.09,6.0,Cancelled
SHIP-004082,ORD-004082,WH-01,85.25,7.0,Cancelled
SHIP-004083,ORD-004083,WH-03,8.23,8.0,Delivered
SHIP-004084,ORD-004084,WH-04,22.24,10.0,Shipped
SHIP-004085,ORD-004085,WH-05,29.65,3.0,Cancelled
SHIP-004086,ORD-004086,WH-04,25.36,11.0,Cancelled
SHIP-004087,ORD-004087,WH-04,30.8,3.0,Delivered
SHIP-004088,ORD-004088,WH-03,18.74,5.0,Delivered
SHIP-004089,ORD-004089,WH-01,34.82,6.0,Cancelled
SHIP-004090,ORD-004090,WH-01,13.3,7.0,Delivered
SHIP-004091,ORD-004091,WH-03,21.29,5.0,Delivered
SHIP-004092,ORD-004092,WH-03,42.02,4.0,Delivered
SHIP-004093,ORD-004093,WH-02,20.88,12.0,Delivered
SHIP-004094,ORD-004094,WH-02,17.48,12.0,Delivered
SHIP-004095,ORD-004095,WH-01,24.77,7.0,Cancelled
SHIP-004096,ORD-004096,WH-03,17.8,26.0,Delivered
SHIP-004097,ORD-004097,WH-01,56.23,26.0,Delivered
SHIP-004098,ORD-004098,WH-05,16.85,10.0,Delivered
SHIP-004099,ORD-004099,WH-05,42.24,3.0,Delivered
SHIP-004100,ORD-004100,WH-03,16.17,3.0,Delivered
SHIP-004101,ORD-004101,WH-04,24.17,8.0,Shipped
SHIP-004102,ORD-004102,WH-05,28.32,27.0,Delivered
SHIP-004103,ORD-004103,WH-04,34.41,3.0,Delivered
SHIP-004104,ORD-004104,WH-01,9.24,12.0,Delivered
SHIP-004105,ORD-004105,WH-05,45.2,5.0,Delivered
SHIP-004106,ORD-004106,WH-05,30.13,8.0,Shipped
SHIP-004107,ORD-004107,WH-01,28.13,7.0,Delivered
SHIP-004108,ORD-004108,WH-03,12.37,10.0,Cancelled
SHIP-004109,ORD-004109,WH-02,18.76,7.0,Delivered
SHIP-004110,ORD-004110,WH-02,29.96,4.0,Delivered
SHIP-004111,ORD-004111,WH-02,15.45,4.0,Delivered
SHIP-004112,ORD-004112,WH-03,21.43,9.0,Delivered
SHIP-004113,ORD-004113,WH-03,27.0,7.0,Delivered
SHIP-004114,ORD-004114,WH-01,43.84,5.0,Cancelled
SHIP-004115,ORD-004115,WH-01,9.59,11.0,Delivered
SHIP-004116,ORD-004116,WH-03,33.35,2.0,Shipped
SHIP-004117,ORD-004117,WH-01,28.86,4.0,Delivered
SHIP-004118,ORD-004118,WH-05,18.87,6.0,Delivered
SHIP-004119,ORD-004119,WH-02,44.41,4.0,Delivered
SHIP-004120,ORD-004120,WH-03,10.22,5.0,Cancelled
SHIP-004121,ORD-004121,WH-04,48.53,6.0,Delivered
SHIP-004122,ORD-004122,WH-02,42.73,9.0,Delivered
SHIP-004123,ORD-004123,WH-02,44.76,7.0,Delivered
SHIP-004124,ORD-004124,WH-03,24.34,7.0,Cancelled
SHIP-004125,ORD-004125,WH-04,14.25,6.0,Shipped
SHIP-004126,ORD-004126,WH-04,13.22,24.0,Cancelled
SHIP-004127,ORD-004127,WH-05,24.95,3.0,Cancelled
SHIP-004128,ORD-004128,WH-03,47.05,5.0,Shipped
SHIP-004129,ORD-004129,WH-01,13.2,12.0,Delivered
SHIP-004130,ORD-004130,WH-02,21.43,7.0,Shipped
SHIP-004131,ORD-004131,WH-02,35.8,4.0,Cancelled
SHIP-004132,ORD-004132,WH-03,53.47,9.0,Delivered
SHIP-004133,ORD-004133,WH-01,46.58,6.0,Cancelled
SHIP-004134,ORD-004134,WH-03,15.18,30.0,Cancelled
SHIP-004135,ORD-004135,WH-03,8.13,12.0,Delivered
SHIP-004136,ORD-004136,WH-03,26.56,27.0,Cancelled
SHIP-004137,ORD-004137,WH-02,17.42,3.0,Delivered
SHIP-004138,ORD-004138,WH-04,15.54,8.0,Delivered
SHIP-004139,ORD-004139,WH-03,45.8,2.0,Delivered
SHIP-004140,ORD-004140,WH-03,32.56,7.0,Delivered
SHIP-004141,ORD-004141,WH-03,25.03,8.0,Delivered
SHIP-004142,ORD-004142,WH-01,51.83,3.0,Delivered
SHIP-004143,ORD-004143,WH-01,17.4,4.0,Shipped
SHIP-004144,ORD-004144,WH-05,8.48,8.0,Shipped
SHIP-004145,ORD-004145,WH-04,14.65,6.0,Delivered
SHIP-004146,ORD-004146,WH-01,52.78,4.0,Delivered
SHIP-004147,ORD-004147,WH-02,17.66,2.0,Delivered
SHIP-004148,ORD-004148,WH-04,53.56,9.0,Delivered
SHIP-004149,ORD-004149,WH-03,43.05,10.0,Delivered
SHIP-004150,ORD-004150,WH-05,30.17,6.0,Delivered
SHIP-004151,ORD-004151,WH-01,27.33,24.0,Delivered
SHIP-004152,ORD-004152,WH-02,46.51,9.0,Shipped
SHIP-004153,ORD-004153,WH-01,34.65,5.0,Delivered
SHIP-004154,ORD-004154,WH-02,50.74,8.0,Cancelled
SHIP-004155,ORD-004155,WH-03,43.96,3.0,Delivered
SHIP-004156,ORD-004156,WH-01,19.86,12.0,Delivered
SHIP-004157,ORD-004157,WH-04,14.62,7.0,Shipped
SHIP-004158,ORD-004158,WH-04,20.88,2.0,Delivered
SHIP-004159,ORD-004159,WH-04,22.06,9.0,Delivered
SHIP-004160,ORD-004160,WH-05,23.27,5.0,Shipped
SHIP-004161,ORD-004161,WH-02,57.67,6.0,Delivered
SHIP-004162,ORD-004162,WH-04,18.68,8.0,Delivered
SHIP-004163,ORD-004163,WH-01,26.56,9.0,Delivered
SHIP-004164,ORD-004164,WH-02,43.94,7.0,Delivered
SHIP-004165,ORD-004165,WH-04,8.07,7.0,Cancelled
SHIP-004166,ORD-004166,WH-03,16.18,8.0,Cancelled
SHIP-004167,ORD-004167,WH-03,24.47,12.0,Delivered
SHIP-004168,ORD-004168,WH-01,30.54,6.0,Delivered
SHIP-004169,ORD-004169,WH-02,32.15,4.0,Delivered
SHIP-004170,ORD-004170,WH-03,164.1,8.0,Delivered
SHIP-004171,ORD-004171,WH-01,50.17,4.0,Delivered
SHIP-004172,ORD-004172,WH-01,47.76,8.0,Cancelled
SHIP-004173,ORD-004173,WH-02,11.16,5.0,Delivered
SHIP-004174,ORD-004174,WH-04,30.9,4.0,Shipped
SHIP-004175,ORD-004175,WH-01,15.35,7.0,Delivered
SHIP-004176,ORD-004176,WH-01,17.24,8.0,Delivered
SHIP-004177,ORD-004177,WH-05,47.76,10.0,Delivered
SHIP-004178,ORD-004178,WH-04,28.97,8.0,Cancelled
SHIP-004179,ORD-004179,WH-04,8.18,10.0,Delivered
SHIP-004180,ORD-004180,WH-05,13.14,4.0,Shipped
SHIP-004181,ORD-004181,WH-04,38.53,11.0,Delivered
SHIP-004182,ORD-004182,WH-02,56.64,6.0,Cancelled
SHIP-004183,ORD-004183,WH-05,39.13,5.0,Delivered
SHIP-004184,ORD-004184,WH-04,56.22,6.0,Delivered
SHIP-004185,ORD-004185,WH-02,19.34,11.0,Delivered
SHIP-004186,ORD-004186,WH-05,11.71,2.0,Shipped
SHIP-004187,ORD-004187,WH-03,34.16,3.0,Delivered
SHIP-004188,ORD-004188,WH-05,47.09,7.0,Delivered
SHIP-004189,ORD-004189,WH-03,42.45,27.0,Delivered
SHIP-004190,ORD-004190,WH-03,48.98,27.0,Delivered
SHIP-004191,ORD-004191,WH-03,56.35,12.0,Cancelled
SHIP-004192,ORD-004192,WH-04,51.4,4.0,Delivered
SHIP-004193,ORD-004193,WH-02,5.99,4.0,Delivered
SHIP-004194,ORD-004194,WH-01,24.8,12.0,Delivered
SHIP-004195,ORD-004195,WH-01,45.96,9.0,Delivered
SHIP-004196,ORD-004196,WH-02,48.56,5.0,Cancelled
SHIP-004197,ORD-004197,WH-04,21.67,6.0,Cancelled
SHIP-004198,ORD-004198,WH-01,10.97,3.0,Delivered
SHIP-004199,ORD-004199,WH-04,35.12,7.0,Delivered
SHIP-004200,ORD-004200,WH-01,36.91,6.0,Cancelled
SHIP-004201,ORD-004201,WH-05,137.95,4.0,Delivered
SHIP-004202,ORD-004202,WH-05,44.81,7.0,Delivered
SHIP-004203,ORD-004203,WH-05,27.82,7.0,Delivered
SHIP-004204,ORD-004204,WH-04,53.0,8.0,Delivered
SHIP-004205,ORD-004205,WH-04,113.14999999999999,9.0,Delivered
SHIP-004206,ORD-004206,WH-03,26.84,8.0,Delivered
SHIP-004207,ORD-004207,WH-04,22.03,3.0,Delivered
SHIP-004208,ORD-004208,WH-01,37.21,4.0,Shipped
SHIP-004209,ORD-004209,WH-04,44.4,5.0,Delivered
SHIP-004210,ORD-004210,WH-04,45.25,,Delivered
SHIP-004211,ORD-004211,WH-02,43.93,2.0,Delivered
SHIP-004212,ORD-004212,WH-01,36.77,5.0,Delivered
SHIP-004213,ORD-004213,WH-02,10.53,5.0,Delivered
SHIP-004214,ORD-004214,WH-04,37.57,31.0,Delivered
SHIP-004215,ORD-004215,WH-02,11.85,8.0,Cancelled
SHIP-004216,ORD-004216,WH-02,76.44999999999999,5.0,Delivered
SHIP-004217,ORD-004217,WH-02,52.29,7.0,Delivered
SHIP-004218,ORD-004218,WH-03,20.85,5.0,Delivered
SHIP-004219,ORD-004219,WH-02,22.28,6.0,Shipped
SHIP-004220,ORD-004220,WH-04,50.67,6.0,Delivered
SHIP-004221,ORD-004221,WH-05,43.87,2.0,Cancelled
SHIP-004222,ORD-004222,WH-04,41.63,10.0,Delivered
SHIP-004223,ORD-004223,WH-04,25.51,,Delivered
SHIP-004224,ORD-004224,WH-02,35.42,2.0,Cancelled
SHIP-004225,ORD-004225,WH-03,48.81,7.0,Delivered
SHIP-004226,ORD-004226,WH-04,12.17,10.0,Shipped
SHIP-004227,ORD-004227,WH-04,21.67,3.0,Delivered
SHIP-004228,ORD-004228,WH-05,26.09,9.0,Cancelled
SHIP-004229,ORD-004229,WH-03,10.89,6.0,Shipped
SHIP-004230,ORD-004230,WH-05,10.36,12.0,Delivered
SHIP-004231,ORD-004231,WH-04,41.45,11.0,Delivered
SHIP-004232,ORD-004232,WH-01,31.88,5.0,Delivered
SHIP-004233,ORD-004233,WH-04,50.67,29.0,Delivered
SHIP-004234,ORD-004234,WH-01,35.15,5.0,Delivered
SHIP-004235,ORD-004235,WH-05,10.86,5.0,Delivered
SHIP-004236,ORD-004236,WH-03,50.32,10.0,Delivered
SHIP-004237,ORD-004237,WH-04,14.75,4.0,Delivered
SHIP-004238,ORD-004238,WH-03,60.25,3.0,Delivered
SHIP-004239,ORD-004239,WH-03,11.39,12.0,Delivered
SHIP-004240,ORD-004240,WH-01,31.63,3.0,Cancelled
SHIP-004241,ORD-004241,WH-04,87.89999999999999,3.0,Delivered
SHIP-004242,ORD-004242,WH-02,52.12,26.0,Delivered
SHIP-004243,ORD-004243,WH-04,52.09,7.0,Delivered
SHIP-004244,ORD-004244,WH-02,18.98,5.0,Delivered
SHIP-004245,ORD-004245,WH-05,20.0,8.0,Delivered
SHIP-004246,ORD-004246,WH-03,43.33,7.0,Delivered
SHIP-004247,ORD-004247,WH-03,42.12,11.0,Delivered
SHIP-004248,ORD-004248,WH-02,20.31,,Cancelled
SHIP-004249,ORD-004249,WH-05,36.91,9.0,Cancelled
SHIP-004250,ORD-004250,WH-03,53.84,9.0,Delivered
SHIP-004251,ORD-004251,WH-04,51.55,2.0,Delivered
SHIP-004252,ORD-004252,WH-02,25.01,6.0,Shipped
SHIP-004253,ORD-004253,WH-03,20.65,,Shipped
SHIP-004254,ORD-004254,WH-02,26.65,10.0,Shipped
SHIP-004255,ORD-004255,WH-04,10.7,4.0,Delivered
SHIP-004256,ORD-004256,WH-02,27.38,,Delivered
SHIP-004257,ORD-004257,WH-03,28.99,9.0,Delivered
SHIP-004258,ORD-004258,WH-05,45.73,6.0,Delivered
SHIP-004259,ORD-004259,WH-03,39.76,8.0,Shipped
SHIP-004260,ORD-004260,WH-03,46.07,8.0,Delivered
SHIP-004261,ORD-004261,WH-05,55.3,6.0,Cancelled
SHIP-004262,ORD-004262,WH-01,35.42,9.0,Shipped
SHIP-004263,ORD-004263,WH-01,12.22,12.0,Cancelled
SHIP-004264,ORD-004264,WH-02,31.48,5.0,Cancelled
SHIP-004265,ORD-004265,WH-04,31.38,5.0,Cancelled
SHIP-004266,ORD-004266,WH-03,30.81,9.0,Delivered
SHIP-004267,ORD-004267,WH-02,19.65,5.0,Delivered
SHIP-004268,ORD-004268,WH-02,35.08,7.0,Delivered
SHIP-004269,ORD-004269,WH-02,55.43,7.0,Delivered
SHIP-004270,ORD-004270,WH-05,33.46,6.0,Delivered
SHIP-004271,ORD-004271,WH-03,37.43,7.0,Shipped
SHIP-004272,ORD-004272,WH-02,27.95,7.0,Cancelled
SHIP-004273,ORD-004273,WH-02,46.39,4.0,Cancelled
SHIP-004274,ORD-004274,WH-03,52.67,7.0,Shipped
SHIP-004275,ORD-004275,WH-02,49.02,7.0,Delivered
SHIP-004276,ORD-004276,WH-04,11.33,6.0,Delivered
SHIP-004277,ORD-004277,WH-01,18.1,9.0,Delivered
SHIP-004278,ORD-004278,WH-04,24.49,5.0,Delivered
SHIP-004279,ORD-004279,WH-01,13.72,,Shipped
SHIP-004280,ORD-004280,WH-05,52.3,6.0,Shipped
SHIP-004281,ORD-004281,WH-01,13.49,8.0,Delivered
SHIP-004282,ORD-004282,WH-03,49.74,7.0,Shipped
SHIP-004283,ORD-004283,WH-02,36.54,7.0,Delivered
SHIP-004284,ORD-004284,WH-03,56.48,4.0,Delivered
SHIP-004285,ORD-004285,WH-03,50.84,4.0,Delivered
SHIP-004286,ORD-004286,WH-05,47.2,5.0,Delivered
SHIP-004287,ORD-004287,WH-01,15.44,3.0,Shipped
SHIP-004288,ORD-004288,WH-01,14.92,7.0,Delivered
SHIP-004289,ORD-004289,WH-05,13.15,32.0,Delivered
SHIP-004290,ORD-004290,WH-02,46.23,8.0,Delivered
SHIP-004291,ORD-004291,WH-02,25.58,10.0,Shipped
SHIP-004292,ORD-004292,WH-01,24.64,8.0,Shipped
SHIP-004293,ORD-004293,WH-04,44.44,6.0,Delivered
SHIP-004294,ORD-004294,WH-04,45.77,6.0,Delivered
SHIP-004295,ORD-004295,WH-05,39.9,7.0,Delivered
SHIP-004296,ORD-004296,WH-01,41.72,5.0,Cancelled
SHIP-004297,ORD-004297,WH-01,29.73,4.0,Delivered
SHIP-004298,ORD-004298,WH-03,30.85,6.0,Delivered
SHIP-004299,ORD-004299,WH-02,51.77,9.0,Shipped
SHIP-004300,ORD-004300,WH-01,17.98,7.0,Delivered
SHIP-004301,ORD-004301,WH-03,56.13,8.0,Cancelled
SHIP-004302,ORD-004302,WH-04,14.92,28.0,Delivered
SHIP-004303,ORD-004303,WH-02,9.36,5.0,Delivered
SHIP-004304,ORD-004304,WH-05,23.6,5.0,Cancelled
SHIP-004305,ORD-004305,WH-05,143.1,12.0,Delivered
SHIP-004306,ORD-004306,WH-04,30.18,5.0,Delivered
SHIP-004307,ORD-004307,WH-03,16.85,9.0,Delivered
SHIP-004308,ORD-004308,WH-01,25.82,9.0,Shipped
SHIP-004309,ORD-004309,WH-03,25.15,5.0,Delivered
SHIP-004310,ORD-004310,WH-05,48.88,7.0,Delivered
SHIP-004311,ORD-004311,WH-05,45.59,10.0,Shipped
SHIP-004312,ORD-004312,WH-01,27.42,5.0,Cancelled
SHIP-004313,ORD-004313,WH-02,52.88,6.0,Delivered
SHIP-004314,ORD-004314,WH-03,24.27,8.0,Delivered
SHIP-004315,ORD-004315,WH-02,27.28,4.0,Delivered
SHIP-004316,ORD-004316,WH-01,21.45,4.0,Cancelled
SHIP-004317,ORD-004317,WH-01,42.54,7.0,Delivered
SHIP-004318,ORD-004318,WH-02,50.41,7.0,Delivered
SHIP-004319,ORD-004319,WH-02,56.16,7.0,Delivered
SHIP-004320,ORD-004320,WH-03,33.04,7.0,Delivered
SHIP-004321,ORD-004321,WH-04,36.75,2.0,Delivered
SHIP-004322,ORD-004322,WH-03,25.57,2.0,Shipped
SHIP-004323,ORD-004323,WH-02,12.52,24.0,Delivered
SHIP-004324,ORD-004324,WH-04,23.91,5.0,Delivered
SHIP-004325,ORD-004325,WH-02,52.02,7.0,Shipped
SHIP-004326,ORD-004326,WH-04,25.13,,Shipped
SHIP-004327,ORD-004327,WH-04,36.7,6.0,Delivered
SHIP-004328,ORD-004328,WH-02,25.42,6.0,Cancelled
SHIP-004329,ORD-004329,WH-03,17.68,9.0,Delivered
SHIP-004330,ORD-004330,WH-03,44.6,8.0,Delivered
SHIP-004331,ORD-004331,WH-03,16.54,2.0,Cancelled
SHIP-004332,ORD-004332,WH-03,36.44,4.0,Delivered
SHIP-004333,ORD-004333,WH-05,37.77,24.0,Delivered
SHIP-004334,ORD-004334,WH-01,47.12,7.0,Cancelled
SHIP-004335,ORD-004335,WH-05,50.76,7.0,Delivered
SHIP-004336,ORD-004336,WH-02,14.99,7.0,Cancelled
SHIP-004337,ORD-004337,WH-03,27.55,12.0,Delivered
SHIP-004338,ORD-004338,WH-03,17.84,8.0,Cancelled
SHIP-004339,ORD-004339,WH-04,32.77,7.0,Delivered
SHIP-004340,ORD-004340,WH-01,31.96,5.0,Delivered
SHIP-004341,ORD-004341,WH-02,24.56,3.0,Delivered
SHIP-004342,ORD-004342,WH-02,97.8,7.0,Cancelled
SHIP-004343,ORD-004343,WH-04,193.70000000000002,3.0,Delivered
SHIP-004344,ORD-004344,WH-04,8.86,11.0,Delivered
SHIP-004345,ORD-004345,WH-02,18.0,5.0,Cancelled
SHIP-004346,ORD-004346,WH-01,44.44,4.0,Delivered
SHIP-004347,ORD-004347,WH-01,52.63,7.0,Delivered
SHIP-004348,ORD-004348,WH-04,17.01,6.0,Delivered
SHIP-004349,ORD-004349,WH-04,22.64,5.0,Cancelled
SHIP-004350,ORD-004350,WH-02,23.44,7.0,Shipped
SHIP-004351,ORD-004351,WH-02,19.83,4.0,Delivered
SHIP-004352,ORD-004352,WH-03,15.1,8.0,Shipped
SHIP-004353,ORD-004353,WH-05,43.27,7.0,Shipped
SHIP-004354,ORD-004354,WH-04,38.6,7.0,Delivered
SHIP-004355,ORD-004355,WH-04,56.5,4.0,Delivered
SHIP-004356,ORD-004356,WH-05,54.15,5.0,Delivered
SHIP-004357,ORD-004357,WH-03,47.75,5.0,Delivered
SHIP-004358,ORD-004358,WH-02,21.22,7.0,Shipped
SHIP-004359,ORD-004359,WH-02,51.58,4.0,Delivered
SHIP-004360,ORD-004360,WH-04,33.61,6.0,Delivered
SHIP-004361,ORD-004361,WH-01,34.52,9.0,Delivered
SHIP-004362,ORD-004362,WH-04,106.05000000000001,3.0,Delivered
SHIP-004363,ORD-004363,WH-05,33.99,5.0,Cancelled
SHIP-004364,ORD-004364,WH-02,19.09,4.0,Cancelled
SHIP-004365,ORD-004365,WH-04,46.4,6.0,Cancelled
SHIP-004366,ORD-004366,WH-01,36.49,2.0,Cancelled
SHIP-004367,ORD-004367,WH-01,35.63,8.0,Delivered
SHIP-004368,ORD-004368,WH-05,34.1,6.0,Delivered
SHIP-004369,ORD-004369,WH-05,8.66,23.0,Delivered
SHIP-004370,ORD-004370,WH-04,31.86,3.0,Shipped
SHIP-004371,ORD-004371,WH-05,11.61,10.0,Delivered
SHIP-004372,ORD-004372,WH-01,29.07,2.0,Cancelled
SHIP-004373,ORD-004373,WH-02,52.51,4.0,Delivered
SHIP-004374,ORD-004374,WH-04,38.68,6.0,Delivered
SHIP-004375,ORD-004375,WH-02,27.34,27.0,Delivered
SHIP-004376,ORD-004376,WH-04,41.96,6.0,Delivered
SHIP-004377,ORD-004377,WH-03,54.41,8.0,Delivered
SHIP-004378,ORD-004378,WH-05,14.27,9.0,Delivered
SHIP-004379,ORD-004379,WH-02,18.07,5.0,Delivered
SHIP-004380,ORD-004380,WH-05,48.17,3.0,Delivered
SHIP-004381,ORD-004381,WH-04,32.22,5.0,Delivered
SHIP-004382,ORD-004382,WH-02,47.89,7.0,Cancelled
SHIP-004383,ORD-004383,WH-01,17.66,9.0,Delivered
SHIP-004384,ORD-004384,WH-04,18.95,7.0,Delivered
SHIP-004385,ORD-004385,WH-05,40.33,6.0,Delivered
SHIP-004386,ORD-004386,WH-05,18.51,5.0,Cancelled
SHIP-004387,ORD-004387,WH-01,15.94,5.0,Shipped
SHIP-004388,ORD-004388,WH-03,35.57,8.0,Cancelled
SHIP-004389,ORD-004389,WH-01,45.1,10.0,Delivered
SHIP-004390,ORD-004390,WH-01,32.09,6.0,Delivered
SHIP-004391,ORD-004391,WH-01,24.94,6.0,Shipped
SHIP-004392,ORD-004392,WH-01,14.65,6.0,Delivered
SHIP-004393,ORD-004393,WH-03,39.02,8.0,Delivered
SHIP-004394,ORD-004394,WH-04,41.26,30.0,Shipped
SHIP-004395,ORD-004395,WH-04,48.06,8.0,Delivered
SHIP-004396,ORD-004396,WH-04,46.72,7.0,Shipped
SHIP-004397,ORD-004397,WH-05,28.63,5.0,Cancelled
SHIP-004398,ORD-004398,WH-01,20.83,5.0,Cancelled
SHIP-004399,ORD-004399,WH-01,9.66,7.0,Shipped
SHIP-004400,ORD-004400,WH-02,17.69,5.0,Delivered
SHIP-004401,ORD-004401,WH-02,58.31,3.0,Delivered
SHIP-004402,ORD-004402,WH-02,36.81,10.0,Shipped
SHIP-004403,ORD-004403,WH-03,12.61,5.0,Delivered
SHIP-004404,ORD-004404,WH-02,56.8,7.0,Shipped
SHIP-004405,ORD-004405,WH-01,10.05,5.0,Cancelled
SHIP-004406,ORD-004406,WH-04,26.04,2.0,Delivered
SHIP-004407,ORD-004407,WH-05,42.18,6.0,Delivered
SHIP-004408,ORD-004408,WH-01,55.22,4.0,Delivered
SHIP-004409,ORD-004409,WH-04,53.02,10.0,Delivered
SHIP-004410,ORD-004410,WH-05,33.87,12.0,Delivered
SHIP-004411,ORD-004411,WH-03,10.82,4.0,Delivered
SHIP-004412,ORD-004412,WH-04,9.54,25.0,Delivered
SHIP-004413,ORD-004413,WH-03,52.22,7.0,Cancelled
SHIP-004414,ORD-004414,WH-04,43.59,8.0,Delivered
SHIP-004415,ORD-004415,WH-04,22.38,7.0,Shipped
SHIP-004416,ORD-004416,WH-03,28.84,12.0,Shipped
SHIP-004417,ORD-004417,WH-05,12.33,29.0,Cancelled
SHIP-004418,ORD-004418,WH-04,16.92,8.0,Shipped
SHIP-004419,ORD-004419,WH-01,32.98,28.0,Delivered
SHIP-004420,ORD-004420,WH-01,30.36,4.0,Cancelled
SHIP-004421,ORD-004421,WH-01,51.56,8.0,Delivered
SHIP-004422,ORD-004422,WH-01,26.6,8.0,Delivered
SHIP-004423,ORD-004423,WH-04,39.11,7.0,Delivered
SHIP-004424,ORD-004424,WH-05,11.71,25.0,Cancelled
SHIP-004425,ORD-004425,WH-03,229.14999999999998,6.0,Delivered
SHIP-004426,ORD-004426,WH-03,52.51,6.0,Delivered
SHIP-004427,ORD-004427,WH-05,41.67,10.0,Delivered
SHIP-004428,ORD-004428,WH-03,36.35,6.0,Delivered
SHIP-004429,ORD-004429,WH-04,55.98,5.0,Delivered
SHIP-004430,ORD-004430,WH-03,13.92,7.0,Delivered
SHIP-004431,ORD-004431,WH-01,33.37,5.0,Delivered
SHIP-004432,ORD-004432,WH-01,53.13,12.0,Delivered
SHIP-004433,ORD-004433,WH-03,27.62,10.0,Delivered
SHIP-004434,ORD-004434,WH-03,43.19,7.0,Delivered
SHIP-004435,ORD-004435,WH-05,33.7,7.0,Cancelled
SHIP-004436,ORD-004436,WH-05,26.63,7.0,Delivered
SHIP-004437,ORD-004437,WH-03,8.49,7.0,Delivered
SHIP-004438,ORD-004438,WH-02,39.06,7.0,Delivered
SHIP-004439,ORD-004439,WH-05,51.33,2.0,Shipped
SHIP-004440,ORD-004440,WH-03,33.42,4.0,Cancelled
SHIP-004441,ORD-004441,WH-01,53.9,8.0,Delivered
SHIP-004442,ORD-004442,WH-04,42.24,4.0,Delivered
SHIP-004443,ORD-004443,WH-01,49.59,9.0,Delivered
SHIP-004444,ORD-004444,WH-03,18.85,7.0,Cancelled
SHIP-004445,ORD-004445,WH-02,38.49,4.0,Shipped
SHIP-004446,ORD-004446,WH-02,41.52,8.0,Shipped
SHIP-004447,ORD-004447,WH-02,228.6,9.0,Delivered
SHIP-004448,ORD-004448,WH-01,23.74,9.0,Delivered
SHIP-004449,ORD-004449,WH-05,43.63,6.0,Delivered
SHIP-004450,ORD-004450,WH-04,46.25,9.0,Delivered
SHIP-004451,ORD-004451,WH-01,156.9,5.0,Delivered
SHIP-004452,ORD-004452,WH-05,10.97,5.0,Delivered
SHIP-004453,ORD-004453,WH-04,23.94,9.0,Delivered
SHIP-004454,ORD-004454,WH-02,30.21,6.0,Shipped
SHIP-004455,ORD-004455,WH-02,17.53,12.0,Delivered
SHIP-004456,ORD-004456,WH-03,39.39,23.0,Delivered
SHIP-004457,ORD-004457,WH-03,48.21,5.0,Delivered
SHIP-004458,ORD-004458,WH-02,57.86,2.0,Shipped
SHIP-004459,ORD-004459,WH-01,29.89,3.0,Cancelled
SHIP-004460,ORD-004460,WH-01,48.76,5.0,Delivered
SHIP-004461,ORD-004461,WH-02,7.49,2.0,Delivered
SHIP-004462,ORD-004462,WH-01,49.8,12.0,Delivered
SHIP-004463,ORD-004463,WH-04,17.1,4.0,Cancelled
SHIP-004464,ORD-004464,WH-04,13.52,7.0,Delivered
SHIP-004465,ORD-004465,WH-05,10.87,5.0,Delivered
SHIP-004466,ORD-004466,WH-02,35.43,6.0,Delivered
SHIP-004467,ORD-004467,WH-02,39.31,8.0,Shipped
SHIP-004468,ORD-004468,WH-02,23.26,,Shipped
SHIP-004469,ORD-004469,WH-04,17.07,9.0,Delivered
SHIP-004470,ORD-004470,WH-05,47.26,,Delivered
SHIP-004471,ORD-004471,WH-02,29.83,2.0,Shipped
SHIP-004472,ORD-004472,WH-03,26.44,7.0,Cancelled
SHIP-004473,ORD-004473,WH-05,21.26,,Cancelled
SHIP-004474,ORD-004474,WH-04,44.44,,Delivered
SHIP-004475,ORD-004475,WH-04,55.09,5.0,Delivered
SHIP-004476,ORD-004476,WH-02,39.09,32.0,Cancelled
SHIP-004477,ORD-004477,WH-05,33.52,7.0,Delivered
SHIP-004478,ORD-004478,WH-03,17.79,4.0,Shipped
SHIP-004479,ORD-004479,WH-03,54.79,5.0,Delivered
SHIP-004480,ORD-004480,WH-05,30.7,5.0,Delivered
SHIP-004481,ORD-004481,WH-01,16.91,7.0,Cancelled
SHIP-004482,ORD-004482,WH-01,33.09,8.0,Delivered
SHIP-004483,ORD-004483,WH-02,57.84,8.0,Delivered
SHIP-004484,ORD-004484,WH-02,29.59,2.0,Delivered
SHIP-004485,ORD-004485,WH-01,42.33,7.0,Shipped
SHIP-004486,ORD-004486,WH-01,45.68,29.0,Delivered
SHIP-004487,ORD-004487,WH-01,252.35,28.0,Delivered
SHIP-004488,ORD-004488,WH-02,13.17,7.0,Delivered
SHIP-004489,ORD-004489,WH-01,33.69,8.0,Delivered
SHIP-004490,ORD-004490,WH-01,25.54,11.0,Cancelled
SHIP-004491,ORD-004491,WH-02,23.49,9.0,Delivered
SHIP-004492,ORD-004492,WH-01,38.04,3.0,Delivered
SHIP-004493,ORD-004493,WH-02,54.81,7.0,Delivered
SHIP-004494,ORD-004494,WH-05,40.88,8.0,Delivered
SHIP-004495,ORD-004495,WH-04,43.42,9.0,Cancelled
SHIP-004496,ORD-004496,WH-02,44.89,2.0,Shipped
SHIP-004497,ORD-004497,WH-04,44.82,6.0,Cancelled
SHIP-004498,ORD-004498,WH-05,41.89,4.0,Cancelled
SHIP-004499,ORD-004499,WH-05,33.02,7.0,Delivered
SHIP-004500,ORD-004500,WH-03,13.49,6.0,Delivered
SHIP-004501,ORD-004501,WH-01,18.67,5.0,Delivered
SHIP-004502,ORD-004502,WH-02,14.36,8.0,Delivered
SHIP-004503,ORD-004503,WH-04,17.17,5.0,Delivered
SHIP-004504,ORD-004504,WH-05,47.51,3.0,Delivered
SHIP-004505,ORD-004505,WH-01,57.16,6.0,Delivered
SHIP-004506,ORD-004506,WH-02,31.61,7.0,Delivered
SHIP-004507,ORD-004507,WH-01,43.75,5.0,Delivered
SHIP-004508,ORD-004508,WH-05,41.87,,Cancelled
SHIP-004509,ORD-004509,WH-02,45.35,10.0,Cancelled
SHIP-004510,ORD-004510,WH-01,45.19,10.0,Delivered
SHIP-004511,ORD-004511,WH-05,24.99,8.0,Delivered
SHIP-004512,ORD-004512,WH-04,12.25,5.0,Delivered
SHIP-004513,ORD-004513,WH-03,237.2,7.0,Cancelled
SHIP-004514,ORD-004514,WH-05,34.52,8.0,Delivered
SHIP-004515,ORD-004515,WH-02,37.26,7.0,Delivered
SHIP-004516,ORD-004516,WH-01,45.92,5.0,Delivered
SHIP-004517,ORD-004517,WH-02,45.11,9.0,Shipped
SHIP-004518,ORD-004518,WH-04,25.13,6.0,Shipped
SHIP-004519,ORD-004519,WH-01,55.8,7.0,Shipped
SHIP-004520,ORD-004520,WH-04,47.08,8.0,Delivered
SHIP-004521,ORD-004521,WH-02,24.27,7.0,Delivered
SHIP-004522,ORD-004522,WH-05,52.34,9.0,Shipped
SHIP-004523,ORD-004523,WH-01,22.27,5.0,Delivered
SHIP-004524,ORD-004524,WH-05,30.12,4.0,Shipped
SHIP-004525,ORD-004525,WH-01,56.03,8.0,Delivered
SHIP-004526,ORD-004526,WH-02,33.67,6.0,Delivered
SHIP-004527,ORD-004527,WH-01,57.18,8.0,Cancelled
SHIP-004528,ORD-004528,WH-02,46.94,5.0,Shipped
SHIP-004529,ORD-004529,WH-04,41.14,24.0,Delivered
SHIP-004530,ORD-004530,WH-04,49.92,5.0,Cancelled
SHIP-004531,ORD-004531,WH-04,52.57,6.0,Delivered
SHIP-004532,ORD-004532,WH-05,45.05,5.0,Shipped
SHIP-004533,ORD-004533,WH-01,50.9,7.0,Delivered
SHIP-004534,ORD-004534,WH-05,45.13,7.0,Cancelled
SHIP-004535,ORD-004535,WH-02,41.63,6.0,Cancelled
SHIP-004536,ORD-004536,WH-02,9.56,10.0,Delivered
SHIP-004537,ORD-004537,WH-04,17.67,4.0,Delivered
SHIP-004538,ORD-004538,WH-05,23.34,11.0,Cancelled
SHIP-004539,ORD-004539,WH-01,21.3,7.0,Delivered
SHIP-004540,ORD-004540,WH-05,35.99,,Cancelled
SHIP-004541,ORD-004541,WH-01,51.94,9.0,Delivered
SHIP-004542,ORD-004542,WH-05,10.18,6.0,Delivered
SHIP-004543,ORD-004543,WH-02,218.70000000000002,9.0,Delivered
SHIP-004544,ORD-004544,WH-04,39.89,6.0,Delivered
SHIP-004545,ORD-004545,WH-03,38.63,9.0,Delivered
SHIP-004546,ORD-004546,WH-01,11.34,8.0,Delivered
SHIP-004547,ORD-004547,WH-05,41.47,9.0,Delivered
SHIP-004548,ORD-004548,WH-01,52.25,9.0,Delivered
SHIP-004549,ORD-004549,WH-01,18.72,6.0,Delivered
SHIP-004550,ORD-004550,WH-03,47.08,12.0,Delivered
SHIP-004551,ORD-004551,WH-05,47.12,7.0,Delivered
SHIP-004552,ORD-004552,WH-03,30.82,12.0,Delivered
SHIP-004553,ORD-004553,WH-04,38.75,6.0,Shipped
SHIP-004554,ORD-004554,WH-03,54.73,7.0,Delivered
SHIP-004555,ORD-004555,WH-04,51.55,6.0,Delivered
SHIP-004556,ORD-004556,WH-01,28.05,8.0,Delivered
SHIP-004557,ORD-004557,WH-05,26.69,4.0,Delivered
SHIP-004558,ORD-004558,WH-02,149.04999999999998,7.0,Delivered
SHIP-004559,ORD-004559,WH-01,16.66,4.0,Delivered
SHIP-004560,ORD-004560,WH-05,23.75,11.0,Cancelled
SHIP-004561,ORD-004561,WH-05,25.88,4.0,Cancelled
SHIP-004562,ORD-004562,WH-04,46.52,7.0,Cancelled
SHIP-004563,ORD-004563,WH-03,15.99,7.0,Delivered
SHIP-004564,ORD-004564,WH-05,18.66,9.0,Delivered
SHIP-004565,ORD-004565,WH-01,40.81,10.0,Delivered
SHIP-004566,ORD-004566,WH-05,18.69,2.0,Shipped
SHIP-004567,ORD-004567,WH-01,22.63,2.0,Cancelled
SHIP-004568,ORD-004568,WH-02,37.9,2.0,Delivered
SHIP-004569,ORD-004569,WH-01,24.33,3.0,Shipped
SHIP-004570,ORD-004570,WH-02,40.61,4.0,Delivered
SHIP-004571,ORD-004571,WH-02,49.68,11.0,Delivered
SHIP-004572,ORD-004572,WH-03,16.84,8.0,Cancelled
SHIP-004573,ORD-004573,WH-05,84.14999999999999,3.0,Delivered
SHIP-004574,ORD-004574,WH-01,30.72,9.0,Shipped
SHIP-004575,ORD-004575,WH-03,29.77,7.0,Delivered
SHIP-004576,ORD-004576,WH-05,31.71,4.0,Delivered
SHIP-004577,ORD-004577,WH-02,31.1,8.0,Shipped
SHIP-004578,ORD-004578,WH-03,40.23,30.0,Delivered
SHIP-004579,ORD-004579,WH-01,47.09,2.0,Delivered
SHIP-004580,ORD-004580,WH-05,20.51,9.0,Cancelled
SHIP-004581,ORD-004581,WH-05,15.57,10.0,Delivered
SHIP-004582,ORD-004582,WH-01,49.33,3.0,Delivered
SHIP-004583,ORD-004583,WH-04,33.2,7.0,Shipped
SHIP-004584,ORD-004584,WH-01,42.41,5.0,Cancelled
SHIP-004585,ORD-004585,WH-03,7.01,3.0,Shipped
SHIP-004586,ORD-004586,WH-04,38.96,6.0,Delivered
SHIP-004587,ORD-004587,WH-05,43.31,10.0,Shipped
SHIP-004588,ORD-004588,WH-02,32.17,5.0,Delivered
SHIP-004589,ORD-004589,WH-02,45.76,11.0,Delivered
SHIP-004590,ORD-004590,WH-04,20.08,6.0,Delivered
SHIP-004591,ORD-004591,WH-05,48.84,8.0,Cancelled
SHIP-004592,ORD-004592,WH-03,49.19,28.0,Shipped
SHIP-004593,ORD-004593,WH-04,15.32,4.0,Delivered
SHIP-004594,ORD-004594,WH-01,27.07,6.0,Cancelled
SHIP-004595,ORD-004595,WH-04,43.55,8.0,Delivered
SHIP-004596,ORD-004596,WH-05,41.69,6.0,Delivered
SHIP-004597,ORD-004597,WH-04,34.89,4.0,Delivered
SHIP-004598,ORD-004598,WH-05,30.41,7.0,Delivered
SHIP-004599,ORD-004599,WH-05,50.5,4.0,Cancelled
SHIP-004600,ORD-004600,WH-03,45.37,2.0,Cancelled
SHIP-004601,ORD-004601,WH-03,36.84,10.0,Shipped
SHIP-004602,ORD-004602,WH-02,15.24,27.0,Delivered
SHIP-004603,ORD-004603,WH-01,79.80000000000001,12.0,Delivered
SHIP-004604,ORD-004604,WH-05,26.67,4.0,Delivered
SHIP-004605,ORD-004605,WH-01,38.69,4.0,Delivered
SHIP-004606,ORD-004606,WH-01,48.42,26.0,Shipped
SHIP-004607,ORD-004607,WH-05,24.42,4.0,Cancelled
SHIP-004608,ORD-004608,WH-05,45.9,7.0,Cancelled
SHIP-004609,ORD-004609,WH-01,46.7,6.0,Delivered
SHIP-004610,ORD-004610,WH-02,42.2,9.0,Cancelled
SHIP-004611,ORD-004611,WH-01,55.42,10.0,Cancelled
SHIP-004612,ORD-004612,WH-03,29.01,11.0,Delivered
SHIP-004613,ORD-004613,WH-02,24.33,5.0,Cancelled
SHIP-004614,ORD-004614,WH-02,51.69,7.0,Delivered
SHIP-004615,ORD-004615,WH-02,49.07,10.0,Delivered
SHIP-004616,ORD-004616,WH-04,54.64,6.0,Delivered
SHIP-004617,ORD-004617,WH-02,14.54,9.0,Cancelled
SHIP-004618,ORD-004618,WH-02,53.29,7.0,Delivered
SHIP-004619,ORD-004619,WH-01,48.78,6.0,Delivered
SHIP-004620,ORD-004620,WH-04,30.9,7.0,Delivered
SHIP-004621,ORD-004621,WH-04,57.83,6.0,Delivered
SHIP-004622,ORD-004622,WH-01,18.91,12.0,Delivered
SHIP-004623,ORD-004623,WH-03,23.21,11.0,Delivered
SHIP-004624,ORD-004624,WH-02,36.21,4.0,Delivered
SHIP-004625,ORD-004625,WH-04,24.51,3.0,Delivered
SHIP-004626,ORD-004626,WH-05,39.86,3.0,Delivered
SHIP-004627,ORD-004627,WH-02,30.88,9.0,Delivered
SHIP-004628,ORD-004628,WH-02,14.16,4.0,Delivered
SHIP-004629,ORD-004629,WH-04,48.17,,Cancelled
SHIP-004630,ORD-004630,WH-05,17.92,2.0,Delivered
SHIP-004631,ORD-004631,WH-04,17.58,24.0,Delivered
SHIP-004632,ORD-004632,WH-01,58.06,9.0,Delivered
SHIP-004633,ORD-004633,WH-02,10.06,4.0,Cancelled
SHIP-004634,ORD-004634,WH-03,25.41,5.0,Delivered
SHIP-004635,ORD-004635,WH-03,55.03,4.0,Delivered
SHIP-004636,ORD-004636,WH-05,15.55,5.0,Delivered
SHIP-004637,ORD-004637,WH-05,47.86,2.0,Delivered
SHIP-004638,ORD-004638,WH-04,49.62,6.0,Delivered
SHIP-004639,ORD-004639,WH-02,55.39,32.0,Delivered
SHIP-004640,ORD-004640,WH-03,50.02,4.0,Cancelled
SHIP-004641,ORD-004641,WH-05,37.62,6.0,Shipped
SHIP-004642,ORD-004642,WH-01,31.1,7.0,Delivered
SHIP-004643,ORD-004643,WH-02,23.9,6.0,Delivered
SHIP-004644,ORD-004644,WH-05,36.43,4.0,Cancelled
SHIP-004645,ORD-004645,WH-05,29.19,11.0,Cancelled
SHIP-004646,ORD-004646,WH-02,29.29,4.0,Cancelled
SHIP-004647,ORD-004647,WH-03,20.75,,Cancelled
SHIP-004648,ORD-004648,WH-04,50.74,2.0,Delivered
SHIP-004649,ORD-004649,WH-03,37.43,5.0,Delivered
SHIP-004650,ORD-004650,WH-03,34.81,9.0,Delivered
SHIP-004651,ORD-004651,WH-04,39.38,2.0,Shipped
SHIP-004652,ORD-004652,WH-03,30.59,12.0,Cancelled
SHIP-004653,ORD-004653,WH-04,34.03,22.0,Shipped
SHIP-004654,ORD-004654,WH-01,44.19,9.0,Delivered
SHIP-004655,ORD-004655,WH-02,14.83,28.0,Shipped
SHIP-004656,ORD-004656,WH-03,32.13,4.0,Cancelled
SHIP-004657,ORD-004657,WH-04,11.84,7.0,Delivered
SHIP-004658,ORD-004658,WH-04,11.46,7.0,Shipped
SHIP-004659,ORD-004659,WH-01,35.51,5.0,Delivered
SHIP-004660,ORD-004660,WH-01,13.2,2.0,Delivered
SHIP-004661,ORD-004661,WH-02,30.44,6.0,Delivered
SHIP-004662,ORD-004662,WH-02,12.21,8.0,Cancelled
SHIP-004663,ORD-004663,WH-01,47.58,6.0,Cancelled
SHIP-004664,ORD-004664,WH-01,24.65,2.0,Cancelled
SHIP-004665,ORD-004665,WH-03,40.19,2.0,Shipped
SHIP-004666,ORD-004666,WH-04,29.8,7.0,Delivered
SHIP-004667,ORD-004667,WH-02,38.91,7.0,Delivered
SHIP-004668,ORD-004668,WH-04,35.53,3.0,Cancelled
SHIP-004669,ORD-004669,WH-03,33.36,9.0,Delivered
SHIP-004670,ORD-004670,WH-01,37.44,4.0,Cancelled
SHIP-004671,ORD-004671,WH-02,44.59,10.0,Delivered
SHIP-004672,ORD-004672,WH-05,27.78,10.0,Delivered
SHIP-004673,ORD-004673,WH-01,47.18,6.0,Delivered
SHIP-004674,ORD-004674,WH-02,49.7,29.0,Shipped
SHIP-004675,ORD-004675,WH-04,33.28,11.0,Shipped
SHIP-004676,ORD-004676,WH-04,49.900000000000006,6.0,Delivered
SHIP-004677,ORD-004677,WH-01,18.65,5.0,Delivered
SHIP-004678,ORD-004678,WH-01,39.92,28.0,Delivered
SHIP-004679,ORD-004679,WH-03,11.4,5.0,Shipped
SHIP-004680,ORD-004680,WH-02,14.45,12.0,Delivered
SHIP-004681,ORD-004681,WH-05,15.17,6.0,Shipped
SHIP-004682,ORD-004682,WH-03,44.1,7.0,Cancelled
SHIP-004683,ORD-004683,WH-03,33.2,12.0,Delivered
SHIP-004684,ORD-004684,WH-05,21.33,,Shipped
SHIP-004685,ORD-004685,WH-01,26.64,5.0,Shipped
SHIP-004686,ORD-004686,WH-05,27.7,7.0,Delivered
SHIP-004687,ORD-004687,WH-03,46.74,10.0,Delivered
SHIP-004688,ORD-004688,WH-01,27.88,12.0,Delivered
SHIP-004689,ORD-004689,WH-01,7.39,9.0,Cancelled
SHIP-004690,ORD-004690,WH-01,43.31,5.0,Shipped
SHIP-004691,ORD-004691,WH-05,19.34,9.0,Shipped
SHIP-004692,ORD-004692,WH-03,20.3,8.0,Delivered
SHIP-004693,ORD-004693,WH-03,8.96,2.0,Delivered
SHIP-004694,ORD-004694,WH-05,33.68,,Delivered
SHIP-004695,ORD-004695,WH-04,54.08,6.0,Delivered
SHIP-004696,ORD-004696,WH-02,50.67,3.0,Delivered
SHIP-004697,ORD-004697,WH-03,16.81,2.0,Delivered
SHIP-004698,ORD-004698,WH-03,126.89999999999999,9.0,Delivered
SHIP-004699,ORD-004699,WH-02,34.99,6.0,Delivered
SHIP-004700,ORD-004700,WH-04,15.36,6.0,Delivered
SHIP-004701,ORD-004701,WH-01,21.67,6.0,Delivered
SHIP-004702,ORD-004702,WH-03,48.29,8.0,Shipped
SHIP-004703,ORD-004703,WH-03,42.72,6.0,Cancelled
SHIP-004704,ORD-004704,WH-02,29.09,9.0,Delivered
SHIP-004705,ORD-004705,WH-03,26.88,5.0,Cancelled
SHIP-004706,ORD-004706,WH-03,45.74,7.0,Cancelled
SHIP-004707,ORD-004707,WH-02,10.86,6.0,Delivered
SHIP-004708,ORD-004708,WH-05,38.16,10.0,Delivered
SHIP-004709,ORD-004709,WH-02,42.14,7.0,Shipped
SHIP-004710,ORD-004710,WH-05,51.95,2.0,Cancelled
SHIP-004711,ORD-004711,WH-01,49.91,4.0,Delivered
SHIP-004712,ORD-004712,WH-04,53.53,5.0,Delivered
SHIP-004713,ORD-004713,WH-02,14.05,10.0,Delivered
SHIP-004714,ORD-004714,WH-03,34.92,3.0,Delivered
SHIP-004715,ORD-004715,WH-03,31.13,7.0,Delivered
SHIP-004716,ORD-004716,WH-05,14.65,7.0,Cancelled
SHIP-004717,ORD-004717,WH-01,13.93,4.0,Shipped
SHIP-004718,ORD-004718,WH-01,19.42,,Shipped
SHIP-004719,ORD-004719,WH-02,24.36,6.0,Shipped
SHIP-004720,ORD-004720,WH-01,46.61,9.0,Delivered
SHIP-004721,ORD-004721,WH-05,16.41,11.0,Delivered
SHIP-004722,ORD-004722,WH-03,55.29,8.0,Delivered
SHIP-004723,ORD-004723,WH-03,46.69,12.0,Cancelled
SHIP-004724,ORD-004724,WH-01,29.55,9.0,Shipped
SHIP-004725,ORD-004725,WH-03,28.83,8.0,Delivered
SHIP-004726,ORD-004726,WH-01,19.4,4.0,Shipped
SHIP-004727,ORD-004727,WH-04,58.55,12.0,Cancelled
SHIP-004728,ORD-004728,WH-04,18.04,3.0,Delivered
SHIP-004729,ORD-004729,WH-01,12.4,4.0,Delivered
SHIP-004730,ORD-004730,WH-04,16.9,4.0,Delivered
SHIP-004731,ORD-004731,WH-05,11.76,7.0,Shipped
SHIP-004732,ORD-004732,WH-02,22.9,6.0,Cancelled
SHIP-004733,ORD-004733,WH-05,34.14,8.0,Shipped
SHIP-004734,ORD-004734,WH-02,50.45,7.0,Delivered
SHIP-004735,ORD-004735,WH-03,20.04,8.0,Cancelled
SHIP-004736,ORD-004736,WH-03,17.9,7.0,Shipped
SHIP-004737,ORD-004737,WH-04,34.26,6.0,Delivered
SHIP-004738,ORD-004738,WH-03,49.17,5.0,Shipped
SHIP-004739,ORD-004739,WH-03,42.08,3.0,Delivered
SHIP-004740,ORD-004740,WH-03,34.11,9.0,Delivered
SHIP-004741,ORD-004741,WH-03,23.58,12.0,Delivered
SHIP-004742,ORD-004742,WH-05,36.2,8.0,Delivered
SHIP-004743,ORD-004743,WH-03,54.3,12.0,Delivered
SHIP-004744,ORD-004744,WH-01,24.89,32.0,Delivered
SHIP-004745,ORD-004745,WH-01,55.87,5.0,Delivered
SHIP-004746,ORD-004746,WH-02,56.15,7.0,Shipped
SHIP-004747,ORD-004747,WH-05,28.28,2.0,Delivered
SHIP-004748,ORD-004748,WH-03,21.84,9.0,Delivered
SHIP-004749,ORD-004749,WH-05,28.51,10.0,Delivered
SHIP-004750,ORD-004750,WH-02,11.02,7.0,Cancelled
SHIP-004751,ORD-004751,WH-03,41.44,6.0,Delivered
SHIP-004752,ORD-004752,WH-01,31.58,,Cancelled
SHIP-004753,ORD-004753,WH-02,240.85000000000002,6.0,Shipped
SHIP-004754,ORD-004754,WH-04,43.96,7.0,Delivered
SHIP-004755,ORD-004755,WH-04,54.12,2.0,Delivered
SHIP-004756,ORD-004756,WH-02,33.16,6.0,Delivered
SHIP-004757,ORD-004757,WH-02,31.12,22.0,Delivered
SHIP-004758,ORD-004758,WH-04,239.60000000000002,5.0,Delivered
SHIP-004759,ORD-004759,WH-02,19.76,,Delivered
SHIP-004760,ORD-004760,WH-01,47.89,4.0,Delivered
SHIP-004761,ORD-004761,WH-05,12.81,24.0,Delivered
SHIP-004762,ORD-004762,WH-03,31.13,7.0,Delivered
SHIP-004763,ORD-004763,WH-02,38.47,4.0,Delivered
SHIP-004764,ORD-004764,WH-02,34.85,4.0,Delivered
SHIP-004765,ORD-004765,WH-03,16.07,2.0,Delivered
SHIP-004766,ORD-004766,WH-03,51.3,4.0,Cancelled
SHIP-004767,ORD-004767,WH-03,24.42,6.0,Cancelled
SHIP-004768,ORD-004768,WH-04,44.5,2.0,Cancelled
SHIP-004769,ORD-004769,WH-04,29.26,4.0,Delivered
SHIP-004770,ORD-004770,WH-02,18.45,7.0,Delivered
SHIP-004771,ORD-004771,WH-03,41.42,4.0,Shipped
SHIP-004772,ORD-004772,WH-01,53.79,6.0,Delivered
SHIP-004773,ORD-004773,WH-01,55.97,8.0,Delivered
SHIP-004774,ORD-004774,WH-04,18.72,3.0,Delivered
SHIP-004775,ORD-004775,WH-04,50.28,8.0,Shipped
SHIP-004776,ORD-004776,WH-03,19.91,28.0,Cancelled
SHIP-004777,ORD-004777,WH-05,31.63,6.0,Cancelled
SHIP-004778,ORD-004778,WH-02,45.49,4.0,Delivered
SHIP-004779,ORD-004779,WH-03,29.87,25.0,Delivered
SHIP-004780,ORD-004780,WH-01,19.86,9.0,Shipped
SHIP-004781,ORD-004781,WH-05,43.97,,Shipped
SHIP-004782,ORD-004782,WH-05,14.63,5.0,Delivered
SHIP-004783,ORD-004783,WH-04,16.06,6.0,Shipped
SHIP-004784,ORD-004784,WH-03,35.16,2.0,Delivered
SHIP-004785,ORD-004785,WH-02,31.63,12.0,Delivered
SHIP-004786,ORD-004786,WH-04,15.73,4.0,Delivered
SHIP-004787,ORD-004787,WH-04,10.14,6.0,Delivered
SHIP-004788,ORD-004788,WH-02,48.55,9.0,Delivered
SHIP-004789,ORD-004789,WH-01,19.4,2.0,Shipped
SHIP-004790,ORD-004790,WH-03,22.05,9.0,Delivered
SHIP-004791,ORD-004791,WH-01,33.98,4.0,Shipped
SHIP-004792,ORD-004792,WH-02,24.69,7.0,Delivered
SHIP-004793,ORD-004793,WH-05,40.65,2.0,Shipped
SHIP-004794,ORD-004794,WH-02,34.26,6.0,Delivered
SHIP-004795,ORD-004795,WH-05,40.55,4.0,Cancelled
SHIP-004796,ORD-004796,WH-02,47.3,6.0,Cancelled
SHIP-004797,ORD-004797,WH-04,21.14,7.0,Shipped
SHIP-004798,ORD-004798,WH-03,38.72,6.0,Delivered
SHIP-004799,ORD-004799,WH-02,43.77,5.0,Delivered
SHIP-004800,ORD-004800,WH-03,46.39,10.0,Shipped
SHIP-004801,ORD-004801,WH-03,56.08,7.0,Delivered
SHIP-004802,ORD-004802,WH-01,128.6,2.0,Delivered
SHIP-004803,ORD-004803,WH-02,31.71,5.0,Delivered
SHIP-004804,ORD-004804,WH-05,23.7,6.0,Delivered
SHIP-004805,ORD-004805,WH-04,52.66,7.0,Shipped
SHIP-004806,ORD-004806,WH-01,43.85,8.0,Delivered
SHIP-004807,ORD-004807,WH-02,61.7,,Delivered
SHIP-004808,ORD-004808,WH-02,48.54,4.0,Delivered
SHIP-004809,ORD-004809,WH-03,37.27,5.0,Cancelled
SHIP-004810,ORD-004810,WH-04,24.85,6.0,Delivered
SHIP-004811,ORD-004811,WH-04,145.39999999999998,4.0,Delivered
SHIP-004812,ORD-004812,WH-01,25.9,7.0,Delivered
SHIP-004813,ORD-004813,WH-05,42.56,4.0,Cancelled
SHIP-004814,ORD-004814,WH-04,12.46,8.0,Delivered
SHIP-004815,ORD-004815,WH-02,22.67,10.0,Delivered
SHIP-004816,ORD-004816,WH-03,48.5,3.0,Delivered
SHIP-004817,ORD-004817,WH-01,53.3,5.0,Cancelled
SHIP-004818,ORD-004818,WH-03,21.38,7.0,Delivered
SHIP-004819,ORD-004819,WH-01,40.55,4.0,Delivered
SHIP-004820,ORD-004820,WH-03,41.72,5.0,Cancelled
SHIP-004821,ORD-004821,WH-03,33.86,6.0,Delivered
SHIP-004822,ORD-004822,WH-03,18.8,9.0,Shipped
SHIP-004823,ORD-004823,WH-03,33.05,3.0,Shipped
SHIP-004824,ORD-004824,WH-05,25.52,6.0,Delivered
SHIP-004825,ORD-004825,WH-02,29.69,9.0,Delivered
SHIP-004826,ORD-004826,WH-02,85.85000000000001,2.0,Shipped
SHIP-004827,ORD-004827,WH-04,29.77,5.0,Delivered
SHIP-004828,ORD-004828,WH-04,17.68,,Delivered
SHIP-004829,ORD-004829,WH-05,40.64,5.0,Delivered
SHIP-004830,ORD-004830,WH-05,41.47,5.0,Delivered
SHIP-004831,ORD-004831,WH-04,49.9,7.0,Delivered
SHIP-004832,ORD-004832,WH-05,15.07,9.0,Delivered
SHIP-004833,ORD-004833,WH-01,10.46,12.0,Delivered
SHIP-004834,ORD-004834,WH-02,38.72,4.0,Delivered
SHIP-004835,ORD-004835,WH-05,50.95,7.0,Delivered
SHIP-004836,ORD-004836,WH-01,50.85,4.0,Delivered
SHIP-004837,ORD-004837,WH-01,27.21,11.0,Delivered
SHIP-004838,ORD-004838,WH-02,35.4,5.0,Delivered
SHIP-004839,ORD-004839,WH-05,23.06,5.0,Cancelled
SHIP-004840,ORD-004840,WH-03,48.16,7.0,Shipped
SHIP-004841,ORD-004841,WH-04,20.29,5.0,Delivered
SHIP-004842,ORD-004842,WH-02,34.61,5.0,Delivered
SHIP-004843,ORD-004843,WH-04,46.51,7.0,Delivered
SHIP-004844,ORD-004844,WH-05,25.8,5.0,Delivered
SHIP-004845,ORD-004845,WH-02,36.62,4.0,Delivered
SHIP-004846,ORD-004846,WH-04,129.14999999999998,7.0,Delivered
SHIP-004847,ORD-004847,WH-04,135.5,7.0,Shipped
SHIP-004848,ORD-004848,WH-02,41.03,8.0,Delivered
SHIP-004849,ORD-004849,WH-05,237.04999999999998,8.0,Delivered
SHIP-004850,ORD-004850,WH-03,10.32,9.0,Delivered
SHIP-004851,ORD-004851,WH-03,33.89,11.0,Delivered
SHIP-004852,ORD-004852,WH-03,15.28,7.0,Delivered
SHIP-004853,ORD-004853,WH-04,13.59,3.0,Delivered
SHIP-004854,ORD-004854,WH-04,37.91,4.0,Shipped
SHIP-004855,ORD-004855,WH-02,29.1,7.0,Delivered
SHIP-004856,ORD-004856,WH-04,31.35,4.0,Delivered
SHIP-004857,ORD-004857,WH-05,36.6,7.0,Delivered
SHIP-004858,ORD-004858,WH-02,49.95,7.0,Cancelled
SHIP-004859,ORD-004859,WH-03,18.59,4.0,Delivered
SHIP-004860,ORD-004860,WH-03,12.15,7.0,Shipped
SHIP-004861,ORD-004861,WH-04,44.56,8.0,Shipped
SHIP-004862,ORD-004862,WH-04,29.72,9.0,Delivered
SHIP-004863,ORD-004863,WH-02,43.08,6.0,Shipped
SHIP-004864,ORD-004864,WH-03,39.54,2.0,Delivered
SHIP-004865,ORD-004865,WH-03,214.05,6.0,Delivered
SHIP-004866,ORD-004866,WH-04,25.1,26.0,Shipped
SHIP-004867,ORD-004867,WH-02,41.87,4.0,Delivered
SHIP-004868,ORD-004868,WH-02,27.17,3.0,Delivered
SHIP-004869,ORD-004869,WH-05,40.09,4.0,Cancelled
SHIP-004870,ORD-004870,WH-04,46.39,,Cancelled
SHIP-004871,ORD-004871,WH-03,45.22,26.0,Cancelled
SHIP-004872,ORD-004872,WH-02,32.16,3.0,Delivered
SHIP-004873,ORD-004873,WH-02,51.34,6.0,Cancelled
SHIP-004874,ORD-004874,WH-04,6.85,2.0,Cancelled
SHIP-004875,ORD-004875,WH-01,19.38,4.0,Shipped
SHIP-004876,ORD-004876,WH-05,34.58,5.0,Delivered
SHIP-004877,ORD-004877,WH-05,26.65,7.0,Shipped
SHIP-004878,ORD-004878,WH-02,43.04,7.0,Delivered
SHIP-004879,ORD-004879,WH-04,26.97,6.0,Cancelled
SHIP-004880,ORD-004880,WH-04,26.89,6.0,Cancelled
SHIP-004881,ORD-004881,WH-03,56.64,8.0,Delivered
SHIP-004882,ORD-004882,WH-05,9.57,6.0,Delivered
SHIP-004883,ORD-004883,WH-05,40.35,4.0,Delivered
SHIP-004884,ORD-004884,WH-04,32.77,4.0,Cancelled
SHIP-004885,ORD-004885,WH-04,7.23,4.0,Delivered
SHIP-004886,ORD-004886,WH-03,30.44,5.0,Delivered
SHIP-004887,ORD-004887,WH-01,45.64,9.0,Delivered
SHIP-004888,ORD-004888,WH-04,9.35,5.0,Cancelled
SHIP-004889,ORD-004889,WH-02,14.49,7.0,Delivered
SHIP-004890,ORD-004890,WH-02,27.68,9.0,Cancelled
SHIP-004891,ORD-004891,WH-04,20.19,9.0,Delivered
SHIP-004892,ORD-004892,WH-03,39.67,3.0,Delivered
SHIP-004893,ORD-004893,WH-01,32.26,11.0,Cancelled
SHIP-004894,ORD-004894,WH-04,12.03,7.0,Delivered
SHIP-004895,ORD-004895,WH-03,45.78,6.0,Delivered
SHIP-004896,ORD-004896,WH-02,25.68,6.0,Delivered
SHIP-004897,ORD-004897,WH-05,48.83,3.0,Delivered
SHIP-004898,ORD-004898,WH-01,48.03,8.0,Delivered
SHIP-004899,ORD-004899,WH-05,31.51,6.0,Delivered
SHIP-004900,ORD-004900,WH-03,13.42,7.0,Cancelled
SHIP-004901,ORD-004901,WH-04,240.65,,Delivered
SHIP-004902,ORD-004902,WH-03,47.66,9.0,Delivered
SHIP-004903,ORD-004903,WH-04,20.74,9.0,Shipped
SHIP-004904,ORD-004904,WH-01,29.91,24.0,Shipped
SHIP-004905,ORD-004905,WH-05,14.11,5.0,Delivered
SHIP-004906,ORD-004906,WH-01,41.51,4.0,Cancelled
SHIP-004907,ORD-004907,WH-04,37.15,7.0,Delivered
SHIP-004908,ORD-004908,WH-04,26.5,2.0,Delivered
SHIP-004909,ORD-004909,WH-05,34.96,9.0,Delivered
SHIP-004910,ORD-004910,WH-02,15.75,5.0,Delivered
SHIP-004911,ORD-004911,WH-01,47.91,7.0,Delivered
SHIP-004912,ORD-004912,WH-05,15.41,3.0,Delivered
SHIP-004913,ORD-004913,WH-01,38.11,28.0,Shipped
SHIP-004914,ORD-004914,WH-04,22.11,10.0,Shipped
SHIP-004915,ORD-004915,WH-02,34.94,10.0,Delivered
SHIP-004916,ORD-004916,WH-01,12.0,7.0,Delivered
SHIP-004917,ORD-004917,WH-01,20.37,8.0,Delivered
SHIP-004918,ORD-004918,WH-03,16.05,12.0,Delivered
SHIP-004919,ORD-004919,WH-01,12.92,11.0,Delivered
SHIP-004920,ORD-004920,WH-03,45.0,7.0,Shipped
SHIP-004921,ORD-004921,WH-05,25.75,12.0,Delivered
SHIP-004922,ORD-004922,WH-04,25.0,4.0,Cancelled
SHIP-004923,ORD-004923,WH-04,21.47,5.0,Shipped
SHIP-004924,ORD-004924,WH-03,33.71,8.0,Cancelled
SHIP-004925,ORD-004925,WH-02,30.28,5.0,Cancelled
SHIP-004926,ORD-004926,WH-03,33.5,4.0,Delivered
SHIP-004927,ORD-004927,WH-04,42.71,4.0,Cancelled
SHIP-004928,ORD-004928,WH-05,23.95,5.0,Cancelled
SHIP-004929,ORD-004929,WH-03,26.68,3.0,Shipped
SHIP-004930,ORD-004930,WH-01,40.78,11.0,Delivered
SHIP-004931,ORD-004931,WH-04,27.66,2.0,Delivered
SHIP-004932,ORD-004932,WH-03,36.24,11.0,Delivered
SHIP-004933,ORD-004933,WH-02,29.47,4.0,Delivered
SHIP-004934,ORD-004934,WH-03,30.9,9.0,Delivered
SHIP-004935,ORD-004935,WH-03,13.12,5.0,Delivered
SHIP-004936,ORD-004936,WH-01,48.36,6.0,Delivered
SHIP-004937,ORD-004937,WH-03,38.76,5.0,Delivered
SHIP-004938,ORD-004938,WH-04,25.9,6.0,Cancelled
SHIP-004939,ORD-004939,WH-01,52.59,3.0,Shipped
SHIP-004940,ORD-004940,WH-03,44.69,6.0,Delivered
SHIP-004941,ORD-004941,WH-03,55.3,5.0,Delivered
SHIP-004942,ORD-004942,WH-01,13.94,7.0,Delivered
SHIP-004943,ORD-004943,WH-05,200.45000000000002,2.0,Delivered
SHIP-004944,ORD-004944,WH-01,35.63,3.0,Delivered
SHIP-004945,ORD-004945,WH-03,37.35,28.0,Delivered
SHIP-004946,ORD-004946,WH-01,41.19,28.0,Delivered
SHIP-004947,ORD-004947,WH-01,50.09,7.0,Delivered
SHIP-004948,ORD-004948,WH-02,37.62,12.0,Delivered
SHIP-004949,ORD-004949,WH-05,13.77,9.0,Delivered
SHIP-004950,ORD-004950,WH-04,48.15,,Delivered
SHIP-004951,ORD-004951,WH-04,48.76,10.0,Delivered
SHIP-004952,ORD-004952,WH-01,38.68,7.0,Cancelled
SHIP-004953,ORD-004953,WH-02,29.35,12.0,Delivered
SHIP-004954,ORD-004954,WH-01,36.21,9.0,Shipped
SHIP-004955,ORD-004955,WH-01,27.1,11.0,Delivered
SHIP-004956,ORD-004956,WH-01,17.85,7.0,Delivered
SHIP-004957,ORD-004957,WH-05,37.19,8.0,Delivered
SHIP-004958,ORD-004958,WH-02,17.92,8.0,Cancelled
SHIP-004959,ORD-004959,WH-05,42.95,5.0,Delivered
SHIP-004960,ORD-004960,WH-03,19.29,8.0,Delivered
SHIP-004961,ORD-004961,WH-01,48.11,6.0,Shipped
SHIP-004962,ORD-004962,WH-05,45.09,5.0,Cancelled
SHIP-004963,ORD-004963,WH-04,49.56,4.0,Shipped
SHIP-004964,ORD-004964,WH-05,20.76,5.0,Delivered
SHIP-004965,ORD-004965,WH-03,32.2,27.0,Cancelled
SHIP-004966,ORD-004966,WH-03,20.12,24.0,Delivered
SHIP-004967,ORD-004967,WH-01,31.89,8.0,Delivered
SHIP-004968,ORD-004968,WH-02,35.75,8.0,Cancelled
SHIP-004969,ORD-004969,WH-01,41.83,8.0,Cancelled
SHIP-004970,ORD-004970,WH-02,13.86,2.0,Shipped
SHIP-004971,ORD-004971,WH-02,36.59,5.0,Shipped
SHIP-004972,ORD-004972,WH-03,43.03,3.0,Delivered
SHIP-004973,ORD-004973,WH-02,34.88,6.0,Shipped
SHIP-004974,ORD-004974,WH-01,170.15,7.0,Delivered
SHIP-004975,ORD-004975,WH-03,21.1,4.0,Cancelled
SHIP-004976,ORD-004976,WH-02,18.43,,Delivered
SHIP-004977,ORD-004977,WH-01,21.16,3.0,Delivered
SHIP-004978,ORD-004978,WH-03,17.23,5.0,Shipped
SHIP-004979,ORD-004979,WH-01,46.64,7.0,Delivered
SHIP-004980,ORD-004980,WH-01,30.14,6.0,Delivered
SHIP-004981,ORD-004981,WH-02,7.31,5.0,Delivered
SHIP-004982,ORD-004982,WH-03,50.96,10.0,Cancelled
SHIP-004983,ORD-004983,WH-02,43.85,3.0,Delivered
SHIP-004984,ORD-004984,WH-01,26.09,4.0,Cancelled
SHIP-004985,ORD-004985,WH-03,21.76,8.0,Cancelled
SHIP-004986,ORD-004986,WH-05,8.73,11.0,Delivered
SHIP-004987,ORD-004987,WH-03,18.88,5.0,Cancelled
SHIP-004988,ORD-004988,WH-05,32.93,6.0,Delivered
SHIP-004989,ORD-004989,WH-03,56.04,6.0,Delivered
SHIP-004990,ORD-004990,WH-05,48.34,6.0,Delivered
SHIP-004991,ORD-004991,WH-05,51.45,5.0,Delivered
SHIP-004992,ORD-004992,WH-01,41.98,6.0,Shipped
SHIP-004993,ORD-004993,WH-01,34.91,7.0,Delivered
SHIP-004994,ORD-004994,WH-05,19.39,7.0,Delivered
SHIP-004995,ORD-004995,WH-02,10.95,,Delivered
SHIP-004996,ORD-004996,WH-05,56.41,6.0,Shipped
SHIP-004997,ORD-004997,WH-05,52.1,7.0,Delivered
SHIP-004998,ORD-004998,WH-04,41.42,11.0,Cancelled
SHIP-004999,ORD-004999,WH-03,18.61,2.0,Delivered
SHIP-005000,ORD-005000,WH-04,29.66,3.0,Shipped
SHIP-999999,ORD-999999,WH-01,15.0,3.0,Delivered
