order_id,customer_id,product_id,order_date,demand_qty,revenue
ORD-000001,CUST-0621,PROD-0055,2023-06-07,7,2694.97
ORD-000002,CUST-0406,PROD-0079,2023-02-05,3,205.67
ORD-000003,CUST-0101,PROD-0097,2023-05-23,17,9026.8
ORD-000004,CUST-0228,PROD-0054,2023-12-25,14,3008.54
ORD-000005,CUST-0108,PROD-0004,2023-05-19,7,6230.07
ORD-000006,CUST-0161,PROD-0097,2023-10-08,13,6902.84
ORD-000007,CUST-0314,PROD-0084,2023-07-17,5,2046.54
ORD-000008,CUST-0559,PROD-0096,2023-01-21,9,3062.45
ORD-000009,CUST-0201,PROD-0093,2023-08-26,6,5052.9
ORD-000010,CUST-0324,PROD-0090,2023-05-28,9,3074.31
ORD-000011,CUST-0301,PROD-0036,2023-02-04,1,652.2
ORD-000012,CUST-0988,PROD-0013,2023-03-31,18,10195.2
ORD-000013,CUST-0487,PROD-0016,2023-05-06,11,5826.88
ORD-000014,CUST-0045,PROD-0014,2023-01-05,2,728.26
ORD-000015,CUST-0141,PROD-0007,2023-03-02,19,15002.97
ORD-000016,CUST-0614,PROD-0015,2023-03-24,15,7438.5
ORD-000017,CUST-0242,PROD-0002,2023-01-17,14,12028.8
ORD-000018,CUST-0876,PROD-0096,2023-10-09,3,1020.82
ORD-000019,CUST-0342,PROD-0066,2023-05-21,19,11214.86
ORD-000020,CUST-0728,PROD-0035,2023-10-30,4,1452.32
ORD-000021,CUST-0636,PROD-0036,2023-11-11,2,1304.4
ORD-000022,CUST-0802,PROD-0014,2023-10-07,16,5826.05
ORD-000023,CUST-0544,PROD-0079,2023-10-23,14,959.78
ORD-000024,CUST-0207,PROD-0004,2023-02-24,3,2670.03
ORD-000025,CUST-0485,PROD-0099,2023-01-29,10,3401.2
ORD-000026,CUST-0699,PROD-0017,2023-09-02,11,10940.27
ORD-000027,CUST-0834,PROD-0037,2023-10-31,6,4053.3
ORD-000028,CUST-0777,PROD-0065,2023-10-19,2,1355.44
ORD-000029,CUST-0731,PROD-0035,2023-10-05,18,6535.44
ORD-000030,CUST-0299,PROD-0075,2023-04-19,17,7333.63
ORD-000031,CUST-0712,PROD-0008,2023-06-13,17,11485.37
ORD-000032,CUST-0044,PROD-0044,2023-07-22,16,15914.56
ORD-000033,CUST-0069,PROD-0027,2023-12-26,15,8178.3
ORD-000034,CUST-0471,PROD-0092,2023-02-16,19,18661.8
ORD-000035,CUST-0796,PROD-0025,2023-02-03,6,1931.4
ORD-000036,CUST-0768,PROD-0026,2023-10-08,8,4413.52
ORD-000037,CUST-0867,PROD-0014,2023-07-25,1,364.13
ORD-000038,CUST-0421,PROD-0086,2023-08-20,4,539.76
ORD-000039,CUST-0623,PROD-0083,2023-01-17,12,6054.91
ORD-000040,CUST-0939,PROD-0035,2023-10-21,19,6898.52
ORD-000041,CUST-0035,PROD-0097,2023-08-02,13,6902.84
ORD-000042,CUST-0979,PROD-0050,2023-07-09,5,1720.7
ORD-000043,CUST-0050,PROD-0002,2023-08-02,18,15465.6
ORD-000044,CUST-0694,PROD-0063,2023-07-25,18,2779.06
ORD-000045,CUST-0452,PROD-0036,2023-04-23,14,9130.8
ORD-000046,CUST-0715,PROD-0065,2023-07-25,1,677.72
ORD-000047,CUST-0161,PROD-0052,2023-03-15,7,4065.95
ORD-000048,CUST-0397,PROD-0004,2023-01-26,10,8900.1
ORD-000049,CUST-0139,PROD-0095,2023-12-20,17,9854.42
ORD-000050,CUST-0197,PROD-0070,2023-07-13,3,2555.1
ORD-000051,CUST-0588,PROD-0049,2023-08-14,17,16218.17
ORD-000052,CUST-0153,PROD-0049,2023-11-07,3,2862.03
ORD-000053,CUST-0839,PROD-0008,2023-05-07,2,1351.22
ORD-000054,CUST-0310,PROD-0075,2023-02-07,16,6902.24
ORD-000055,CUST-0300,PROD-0004,2023-10-18,16,14240.16
ORD-000056,CUST-0123,PROD-0093,2023-03-23,15,12632.25
ORD-000057,CUST-0212,PROD-0057,2023-05-24,16,5187.07
ORD-000058,CUST-0954,PROD-0040,2023-03-06,7,3564.47
ORD-000059,CUST-0997,PROD-0100,2023-01-02,2,1662.62
ORD-000060,CUST-0974,PROD-0045,2023-10-13,6,2883.3
ORD-000061,CUST-0248,PROD-0038,2023-05-30,2,1733.76
ORD-000062,CUST-0474,PROD-0064,2023-10-29,3,1452.74
ORD-000063,CUST-0320,PROD-0084,2023-01-29,3,1227.92
ORD-000064,CUST-0326,PROD-0057,2023-11-24,14,4538.69
ORD-000065,CUST-0394,PROD-0021,2023-12-10,16,3124.0
ORD-000066,CUST-0999,PROD-0100,2023-12-05,14,11638.34
ORD-000067,CUST-0585,PROD-0039,2023-11-08,15,3683.7
ORD-000068,CUST-0639,PROD-0088,2023-06-25,7,3147.9
ORD-000069,CUST-0772,PROD-0082,2023-08-22,5,1582.2
ORD-000070,CUST-0230,PROD-0075,2023-06-13,2,862.78
ORD-000071,CUST-0874,PROD-0066,2023-09-28,12,7083.07
ORD-000072,CUST-0944,PROD-0094,2023-10-26,14,12084.8
ORD-000073,CUST-0976,PROD-0074,2023-02-02,11,3416.38
ORD-000074,CUST-0516,PROD-0051,2023-06-02,9,5276.23
ORD-000075,CUST-0625,PROD-0042,2023-03-17,11,8504.98
ORD-000076,CUST-0328,PROD-0072,2023-05-13,17,12150.41
ORD-000077,CUST-0225,PROD-0057,2023-01-23,19,6159.65
ORD-000078,CUST-0746,PROD-0074,2023-08-11,9,2795.22
ORD-000079,CUST-0413,PROD-0079,2023-09-17,11,754.12
ORD-000080,CUST-0670,PROD-0093,2023-01-02,3,2526.45
ORD-000081,CUST-0122,PROD-0016,2023-05-21,9,4767.44
ORD-000082,CUST-0408,PROD-0027,2023-08-15,18,9813.96
ORD-000083,CUST-0146,PROD-0060,2023-05-21,15,6102.0
ORD-000084,CUST-0983,PROD-0019,2023-08-19,1,74.03
ORD-000085,CUST-0417,PROD-0094,2023-05-11,6,5179.2
ORD-000086,CUST-0874,PROD-0058,2023-06-19,7,3468.99
ORD-000087,CUST-0905,PROD-0057,2023-02-23,6,1945.15
ORD-000088,CUST-0775,PROD-0018,2023-01-21,11,2116.51
ORD-000089,CUST-0499,PROD-0100,2023-02-18,15,12469.65
ORD-000090,CUST-0019,PROD-0092,2023-02-02,4,3928.8
ORD-000091,CUST-0273,PROD-0044,2023-03-07,6,5967.96
ORD-000092,CUST-0447,PROD-0043,2023-11-02,19,1191.87
ORD-000093,CUST-0816,PROD-0059,2023-03-15,11,4237.53
ORD-000094,CUST-0547,PROD-0065,2023-06-22,15,10165.8
ORD-000095,CUST-0424,PROD-0088,2023-08-03,17,7644.9
ORD-000096,CUST-0043,PROD-0002,2023-09-02,11,9451.2
ORD-000097,CUST-0224,PROD-0090,2023-05-15,13,4440.67
ORD-000098,CUST-0424,PROD-0014,2023-04-11,11,4005.41
ORD-000099,CUST-0222,PROD-0097,2023-04-11,10,5309.88
ORD-000100,CUST-0971,PROD-0083,2023-02-21,14,7064.06
ORD-000101,CUST-0430,PROD-0093,2023-01-14,3,2526.45
ORD-000102,CUST-0923,PROD-0061,2023-01-22,13,11015.29
ORD-000103,CUST-0444,PROD-0047,2023-07-06,5,4429.1
ORD-000104,CUST-0261,PROD-0088,2023-12-18,15,6745.5
ORD-000105,CUST-0582,PROD-0067,2023-08-05,11,2959.88
ORD-000106,CUST-0159,PROD-0043,2023-09-13,1,62.73
ORD-000107,CUST-0749,PROD-0044,2023-05-29,18,17903.88
ORD-000108,CUST-0409,PROD-0037,2023-12-22,10,6755.5
ORD-000109,CUST-0983,PROD-0029,2023-01-31,2,785.69
ORD-000110,CUST-0999,PROD-0062,2023-02-27,2,1862.84
ORD-000111,CUST-0851,PROD-0089,2023-03-02,19,12893.21
ORD-000112,CUST-0324,PROD-0089,2023-03-24,6,4071.54
ORD-000113,CUST-0504,PROD-0010,2023-07-23,4,1539.36
ORD-000114,CUST-0061,PROD-0088,2023-05-22,16,7195.2
ORD-000115,CUST-0493,PROD-0006,2023-11-30,19,17801.48
ORD-000116,CUST-0621,PROD-0082,2023-12-04,2,632.88
ORD-000117,CUST-0328,PROD-0049,2023-09-13,2,1908.02
ORD-000118,CUST-0094,PROD-0095,2023-11-09,6,3478.03
ORD-000119,CUST-0548,PROD-0055,2023-07-26,11,4234.96
ORD-000120,CUST-0245,PROD-0055,2023-05-27,12,4619.95
ORD-000121,CUST-0201,PROD-0063,2023-09-12,7,1080.74
ORD-000122,CUST-0439,PROD-0060,2023-05-29,3,1220.4
ORD-000123,CUST-0496,PROD-0020,2023-04-21,11,5544.22
ORD-000124,CUST-0372,PROD-0012,2023-09-01,4,3896.76
ORD-000125,CUST-0880,PROD-0038,2023-11-16,17,14736.96
ORD-000126,CUST-0689,PROD-0068,2023-12-08,13,6396.78
ORD-000127,CUST-0942,PROD-0057,2023-05-27,18,5835.46
ORD-000128,CUST-0983,PROD-0046,2023-01-16,10,4214.28
ORD-000129,CUST-0608,PROD-0077,2023-06-29,4,2477.12
ORD-000130,CUST-0865,PROD-0060,2023-05-02,8,3254.4
ORD-000131,CUST-0149,PROD-0002,2023-01-18,4,3436.8
ORD-000132,CUST-0304,PROD-0025,2023-07-23,12,3862.8
ORD-000133,CUST-0520,PROD-0043,2023-05-12,19,1191.87
ORD-000134,CUST-0678,PROD-0084,2023-10-02,14,5730.31
ORD-000135,CUST-0410,PROD-0019,2023-10-18,15,1110.42
ORD-000136,CUST-0116,PROD-0042,2023-05-11,11,8504.98
ORD-000137,CUST-0012,PROD-0005,2023-08-08,15,12808.65
ORD-000138,CUST-0161,PROD-0074,2023-05-09,8,2484.64
ORD-000139,CUST-0675,PROD-0049,2023-07-10,12,11448.12
ORD-000140,CUST-0650,PROD-0048,2023-04-23,15,11291.4
ORD-000141,CUST-0536,PROD-0090,2023-09-11,13,4440.67
ORD-000142,CUST-0254,PROD-0068,2023-06-17,2,984.12
ORD-000143,CUST-0963,PROD-0030,2023-12-24,7,4186.49
ORD-000144,CUST-0663,PROD-0013,2023-07-12,3,1699.2
ORD-000145,CUST-0131,PROD-0100,2023-09-25,1,831.31
ORD-000146,CUST-0986,PROD-0018,2023-03-10,15,2886.15
ORD-000147,CUST-0099,PROD-0019,2023-01-01,14,1036.39
ORD-000148,CUST-0764,PROD-0063,2023-08-29,8,1235.14
ORD-000149,CUST-0415,PROD-0071,2023-01-15,17,5284.01
ORD-000150,CUST-0078,PROD-0063,2023-01-16,11,1698.31
ORD-000151,CUST-0082,PROD-0070,2023-12-02,18,15330.6
ORD-000152,CUST-0029,PROD-0006,2023-02-26,17,15927.64
ORD-000153,CUST-0554,PROD-0036,2023-12-28,14,9130.8
ORD-000154,CUST-0977,PROD-0045,2023-12-16,4,1922.2
ORD-000155,CUST-0028,PROD-0040,2023-07-08,15,7638.15
ORD-000156,CUST-0298,PROD-0007,2023-07-20,17,13423.71
ORD-000157,CUST-0137,PROD-0029,2023-11-04,17,6678.35
ORD-000158,CUST-0129,PROD-0079,2023-12-17,10,685.56
ORD-000159,CUST-0837,PROD-0085,2023-04-12,13,11555.44
ORD-000160,CUST-0894,PROD-0007,2023-02-13,14,11054.82
ORD-000161,CUST-0971,PROD-0096,2023-01-17,9,3062.45
ORD-000162,CUST-0401,PROD-0048,2023-03-30,10,7527.6
ORD-000163,CUST-0652,PROD-0031,2023-02-19,2,1958.64
ORD-000164,CUST-0081,PROD-0052,2023-05-24,5,2904.25
ORD-000165,CUST-0755,PROD-0100,2023-04-17,13,10807.03
ORD-000166,CUST-0978,PROD-0025,2023-11-11,7,2253.3
ORD-000167,CUST-0766,PROD-0096,2023-09-26,18,6124.9
ORD-000168,CUST-0254,PROD-0052,2023-07-07,4,2323.4
ORD-000169,CUST-0424,PROD-0021,2023-01-31,19,3709.75
ORD-000170,CUST-0573,PROD-0094,2023-09-15,1,863.2
ORD-000171,CUST-0254,PROD-0080,2023-12-29,9,5718.06
ORD-000172,CUST-0150,PROD-0078,2023-01-04,17,3689.34
ORD-000173,CUST-0171,PROD-0062,2023-12-05,4,3725.68
ORD-000174,CUST-0145,PROD-0016,2023-05-06,19,10064.6
ORD-000175,CUST-0740,PROD-0040,2023-06-03,1,509.21
ORD-000176,CUST-0051,PROD-0033,2023-03-29,16,14527.68
ORD-000177,CUST-0870,PROD-0053,2023-04-22,16,15691.52
ORD-000178,CUST-0320,PROD-0015,2023-12-20,9,4463.1
ORD-000179,CUST-0405,PROD-0010,2023-08-10,8,3078.72
ORD-000180,CUST-0191,PROD-0094,2023-01-07,5,4316.0
ORD-000181,CUST-0503,PROD-0094,2023-01-29,11,9495.2
ORD-000182,CUST-0464,PROD-0085,2023-01-21,12,10666.56
ORD-000183,CUST-0054,PROD-0095,2023-08-30,18,10434.1
ORD-000184,CUST-0965,PROD-0045,2023-12-22,1,480.55
ORD-000185,CUST-0472,PROD-0062,2023-02-02,8,7451.36
ORD-000186,CUST-0847,PROD-0079,2023-12-16,9,617.0
ORD-000187,CUST-0541,PROD-0049,2023-06-19,16,15264.16
ORD-000188,CUST-0738,PROD-0067,2023-10-18,16,4305.28
ORD-000189,CUST-0835,PROD-0011,2023-07-05,5,4706.65
ORD-000190,CUST-0866,PROD-0083,2023-06-13,9,4541.18
ORD-000191,CUST-0740,PROD-0070,2023-12-15,17,14478.9
ORD-000192,CUST-0763,PROD-0042,2023-11-05,12,9278.16
ORD-000193,CUST-0578,PROD-0067,2023-08-15,16,4305.28
ORD-000194,CUST-0342,PROD-0073,2023-07-28,5,2808.8
ORD-000195,CUST-0012,PROD-0035,2023-10-28,12,4356.96
ORD-000196,CUST-0915,PROD-0075,2023-07-10,17,7333.63
ORD-000197,CUST-0821,PROD-0011,2023-12-25,12,11295.96
ORD-000198,CUST-0235,PROD-0029,2023-05-01,6,2357.06
ORD-000199,CUST-0800,PROD-0052,2023-05-11,14,8131.9
ORD-000200,CUST-0841,PROD-0080,2023-05-18,13,8259.42
ORD-000201,CUST-0703,PROD-0011,2023-08-08,13,12237.29
ORD-000202,CUST-0121,PROD-0027,2023-05-02,19,10359.18
ORD-000203,CUST-0289,PROD-0047,2023-02-19,6,5314.92
ORD-000204,CUST-0005,PROD-0007,2023-01-21,8,6317.04
ORD-000205,CUST-0951,PROD-0061,2023-01-28,12,10167.96
ORD-000206,CUST-0600,PROD-0012,2023-11-23,6,5845.14
ORD-000207,CUST-0881,PROD-0009,2023-10-27,4,2356.28
ORD-000208,CUST-0429,PROD-0100,2023-05-05,15,12469.65
ORD-000209,CUST-0996,PROD-0015,2023-10-06,15,7438.5
ORD-000210,CUST-0701,PROD-0094,2023-03-03,7,6042.4
ORD-000211,CUST-0941,PROD-0062,2023-11-28,7,6519.94
ORD-000212,CUST-0397,PROD-0068,2023-04-08,1,492.06
ORD-000213,CUST-0596,PROD-0079,2023-03-30,1,68.56
ORD-000214,CUST-0209,PROD-0082,2023-05-30,15,4746.6
ORD-000215,CUST-0795,PROD-0012,2023-07-23,14,13638.66
ORD-000216,CUST-0099,PROD-0074,2023-12-06,16,4969.28
ORD-000217,CUST-0140,PROD-0071,2023-03-22,18,5594.83
ORD-000218,CUST-0515,PROD-0034,2023-04-25,4,1782.84
ORD-000219,CUST-0216,PROD-0024,2023-01-15,16,11624.32
ORD-000220,CUST-0716,PROD-0081,2023-06-24,10,2457.72
ORD-000221,CUST-0116,PROD-0075,2023-10-29,14,6039.46
ORD-000222,CUST-0817,PROD-0096,2023-07-15,1,340.27
ORD-000223,CUST-0477,PROD-0099,2023-05-02,10,3401.2
ORD-000224,CUST-0381,PROD-0058,2023-06-13,10,4955.7
ORD-000225,CUST-0330,PROD-0042,2023-06-03,9,6958.62
ORD-000226,CUST-0849,PROD-0034,2023-03-04,13,5794.23
ORD-000227,CUST-0056,PROD-0011,2023-04-23,9,8471.97
ORD-000228,CUST-0722,PROD-0007,2023-01-16,10,7896.3
ORD-000229,CUST-0994,PROD-0049,2023-06-07,14,13356.14
ORD-000230,CUST-0796,PROD-0056,2023-10-22,6,2473.56
ORD-000231,CUST-0841,PROD-0086,2023-07-14,17,2293.98
ORD-000232,CUST-0782,PROD-0037,2023-10-04,8,5404.4
ORD-000233,CUST-0771,PROD-0039,2023-09-09,9,2210.22
ORD-000234,CUST-0799,PROD-0026,2023-05-01,7,3861.83
ORD-000235,CUST-0157,PROD-0088,2023-11-17,6,2698.2
ORD-000236,CUST-0132,PROD-0026,2023-11-14,10,5516.9
ORD-000237,CUST-0495,PROD-0075,2023-08-19,13,5608.07
ORD-000238,CUST-0138,PROD-0066,2023-02-04,2,1180.51
ORD-000239,CUST-0715,PROD-0006,2023-11-22,15,14053.8
ORD-000240,CUST-0076,PROD-0070,2023-03-21,16,13627.2
ORD-000241,CUST-0903,PROD-0078,2023-10-03,8,1736.16
ORD-000242,CUST-0862,PROD-0008,2023-04-17,7,4729.27
ORD-000243,CUST-0988,PROD-0016,2023-06-18,6,3178.3
ORD-000244,CUST-0967,PROD-0075,2023-04-16,16,6902.24
ORD-000245,CUST-0895,PROD-0080,2023-03-14,5,3176.7
ORD-000246,CUST-0684,PROD-0070,2023-03-28,8,6813.6
ORD-000247,CUST-0973,PROD-0024,2023-10-04,9,6538.68
ORD-000248,CUST-0048,PROD-0069,2023-02-01,8,3851.42
ORD-000249,CUST-0688,PROD-0046,2023-04-22,13,5478.56
ORD-000250,CUST-0171,PROD-0034,2023-10-18,17,7577.07
ORD-000251,CUST-0420,PROD-0100,2023-10-13,2,1662.62
ORD-000252,CUST-0836,PROD-0060,2023-12-05,13,5288.4
ORD-000253,CUST-0462,PROD-0072,2023-05-12,18,12865.14
ORD-000254,CUST-0175,PROD-0057,2023-03-22,3,972.58
ORD-000255,CUST-0909,PROD-0078,2023-03-06,2,434.04
ORD-000256,CUST-0536,PROD-0094,2023-02-26,7,6042.4
ORD-000257,CUST-0830,PROD-0004,2023-07-13,16,14240.16
ORD-000258,CUST-0476,PROD-0099,2023-02-27,14,4761.68
ORD-000259,CUST-0689,PROD-0007,2023-01-16,5,3948.15
ORD-000260,CUST-0504,PROD-0065,2023-06-10,19,12876.68
ORD-000261,CUST-0577,PROD-0001,2023-04-17,17,14445.41
ORD-000262,CUST-0869,PROD-0003,2023-01-09,11,4580.62
ORD-000263,CUST-0824,PROD-0040,2023-12-30,10,5092.1
ORD-000264,CUST-0482,PROD-0042,2023-06-24,5,3865.9
ORD-000265,CUST-0229,PROD-0011,2023-02-18,11,10354.63
ORD-000266,CUST-0879,PROD-0017,2023-10-28,9,8951.13
ORD-000267,CUST-0911,PROD-0067,2023-01-09,7,1883.56
ORD-000268,CUST-0283,PROD-0091,2023-03-01,10,5895.12
ORD-000269,CUST-0585,PROD-0055,2023-09-08,15,5774.94
ORD-000270,CUST-0580,PROD-0036,2023-11-04,13,8478.6
ORD-000271,CUST-0964,PROD-0044,2023-07-25,10,9946.6
ORD-000272,CUST-0469,PROD-0018,2023-06-21,17,3270.97
ORD-000273,CUST-0168,PROD-0036,2023-07-05,4,2608.8
ORD-000274,CUST-0656,PROD-0096,2023-01-30,8,2722.18
ORD-000275,CUST-0212,PROD-0020,2023-06-10,2,1008.04
ORD-000276,CUST-0392,PROD-0064,2023-08-24,13,6295.22
ORD-000277,CUST-0187,PROD-0024,2023-01-25,1,726.52
ORD-000278,CUST-0925,PROD-0093,2023-03-09,9,7579.35
ORD-000279,CUST-0896,PROD-0097,2023-12-25,15,7964.82
ORD-000280,CUST-0228,PROD-0063,2023-03-02,19,2933.45
ORD-000281,CUST-0051,PROD-0050,2023-04-11,4,1376.56
ORD-000282,CUST-0344,PROD-0053,2023-11-26,4,3922.88
ORD-000283,CUST-0358,PROD-0043,2023-07-24,12,752.76
ORD-000284,CUST-0627,PROD-0019,2023-10-03,14,1036.39
ORD-000285,CUST-0617,PROD-0004,2023-06-15,1,890.01
ORD-000286,CUST-0938,PROD-0022,2023-02-11,6,2274.84
ORD-000287,CUST-0944,PROD-0056,2023-02-02,11,4534.86
ORD-000288,CUST-0934,PROD-0056,2023-05-16,15,6183.9
ORD-000289,CUST-0347,PROD-0009,2023-11-02,3,1767.21
ORD-000290,CUST-0124,PROD-0045,2023-07-13,9,4324.95
ORD-000291,CUST-0075,PROD-0072,2023-10-05,17,12150.41
ORD-000292,CUST-0781,PROD-0045,2023-06-27,7,3363.85
ORD-000293,CUST-0994,PROD-0041,2023-08-06,12,6966.72
ORD-000294,CUST-0085,PROD-0023,2023-05-29,4,2997.16
ORD-000295,CUST-0496,PROD-0013,2023-06-16,17,9628.8
ORD-000296,CUST-0896,PROD-0060,2023-10-24,17,6915.6
ORD-000297,CUST-0654,PROD-0037,2023-01-10,2,1351.1
ORD-000298,CUST-0521,PROD-0089,2023-02-10,12,8143.08
ORD-000299,CUST-0013,PROD-0009,2023-08-14,10,5890.7
ORD-000300,CUST-0833,PROD-0057,2023-06-06,5,1620.96
ORD-000301,CUST-0195,PROD-0099,2023-12-31,5,1700.6
ORD-000302,CUST-0137,PROD-0002,2023-03-01,12,10310.4
ORD-000303,CUST-0534,PROD-0095,2023-08-14,10,5796.72
ORD-000304,CUST-0507,PROD-0076,2023-08-21,19,8172.89
ORD-000305,CUST-0766,PROD-0097,2023-01-30,14,7433.83
ORD-000306,CUST-0758,PROD-0046,2023-07-07,19,8007.13
ORD-000307,CUST-0654,PROD-0076,2023-02-07,14,6022.13
ORD-000308,CUST-0671,PROD-0055,2023-03-24,8,3079.97
ORD-000309,CUST-0820,PROD-0095,2023-01-11,11,6376.39
ORD-000310,CUST-0890,PROD-0077,2023-08-27,16,9908.48
ORD-000311,CUST-0001,PROD-0037,2023-12-11,17,11484.35
ORD-000312,CUST-0604,PROD-0076,2023-04-19,10,4301.52
ORD-000313,CUST-0798,PROD-0005,2023-09-18,8,6831.28
ORD-000314,CUST-0713,PROD-0090,2023-10-08,17,5807.03
ORD-000315,CUST-0364,PROD-0078,2023-03-08,5,1085.1
ORD-000316,CUST-0858,PROD-0062,2023-08-04,5,4657.1
ORD-000317,CUST-0433,PROD-0084,2023-05-27,6,2455.85
ORD-000318,CUST-0182,PROD-0047,2023-07-02,5,4429.1
ORD-000319,CUST-0962,PROD-0091,2023-04-05,19,11200.73
ORD-000320,CUST-0974,PROD-0014,2023-07-13,14,5097.79
ORD-000321,CUST-0182,PROD-0074,2023-01-30,13,4037.54
ORD-000322,CUST-0559,PROD-0093,2023-09-16,3,2526.45
ORD-000323,CUST-0796,PROD-0040,2023-08-29,11,5601.31
ORD-000324,CUST-0115,PROD-0011,2023-10-21,4,3765.32
ORD-000325,CUST-0925,PROD-0040,2023-07-29,19,9674.99
ORD-000326,CUST-0174,PROD-0099,2023-02-25,16,5441.92
ORD-000327,CUST-0939,PROD-0075,2023-10-15,12,5176.68
ORD-000328,CUST-0742,PROD-0044,2023-02-12,18,17903.88
ORD-000329,CUST-0228,PROD-0053,2023-11-27,12,11768.64
ORD-000330,CUST-0562,PROD-0011,2023-03-03,5,4706.65
ORD-000331,CUST-0876,PROD-0074,2023-11-23,3,931.74
ORD-000332,CUST-0771,PROD-0063,2023-10-11,6,926.35
ORD-000333,CUST-0151,PROD-0091,2023-07-13,9,5305.61
ORD-000334,CUST-0404,PROD-0066,2023-06-29,13,7673.33
ORD-000335,CUST-0409,PROD-0026,2023-08-14,19,10482.11
ORD-000336,CUST-0499,PROD-0023,2023-12-01,9,6743.61
ORD-000337,CUST-0987,PROD-0002,2023-06-27,15,12888.0
ORD-000338,CUST-0174,PROD-0016,2023-02-18,13,6886.31
ORD-000339,CUST-0307,PROD-0051,2023-05-05,11,6448.73
ORD-000340,CUST-0557,PROD-0070,2023-04-03,16,13627.2
ORD-000341,CUST-0732,PROD-0030,2023-06-04,15,8971.05
ORD-000342,CUST-0532,PROD-0067,2023-04-14,19,5112.52
ORD-000343,CUST-0152,PROD-0079,2023-04-17,4,274.22
ORD-000344,CUST-0273,PROD-0046,2023-04-06,14,5899.99
ORD-000345,CUST-0348,PROD-0061,2023-03-16,7,5931.31
ORD-000346,CUST-0219,PROD-0016,2023-06-02,5,2648.58
ORD-000347,CUST-0488,PROD-0066,2023-07-16,2,1180.51
ORD-000348,CUST-0361,PROD-0098,2023-08-26,17,9287.78
ORD-000349,CUST-0987,PROD-0055,2023-07-04,16,6159.94
ORD-000350,CUST-0233,PROD-0094,2023-03-24,2,1726.4
ORD-000351,CUST-0109,PROD-0035,2023-08-03,9,3267.72
ORD-000352,CUST-0070,PROD-0096,2023-12-03,6,2041.63
ORD-000353,CUST-0614,PROD-0095,2023-06-30,13,7535.74
ORD-000354,CUST-0704,PROD-0057,2023-05-15,17,5511.26
ORD-000355,CUST-0406,PROD-0068,2023-01-22,1,492.06
ORD-000356,CUST-0956,PROD-0038,2023-09-28,1,866.88
ORD-000357,CUST-0651,PROD-0024,2023-06-08,6,4359.12
ORD-000358,CUST-0354,PROD-0041,2023-09-11,11,6386.16
ORD-000359,CUST-0183,PROD-0011,2023-11-24,15,14119.95
ORD-000360,CUST-0851,PROD-0066,2023-06-03,13,7673.33
ORD-000361,CUST-0465,PROD-0018,2023-08-09,2,384.82
ORD-000362,CUST-0760,PROD-0080,2023-10-28,6,3812.04
ORD-000363,CUST-0219,PROD-0074,2023-07-25,12,3726.96
ORD-000364,CUST-0498,PROD-0005,2023-01-22,16,13662.56
ORD-000365,CUST-0173,PROD-0052,2023-11-24,9,5227.65
ORD-000366,CUST-0436,PROD-0097,2023-05-02,8,4247.9
ORD-000367,CUST-0027,PROD-0020,2023-12-19,13,6552.26
ORD-000368,CUST-0381,PROD-0053,2023-07-26,14,13730.08
ORD-000369,CUST-0541,PROD-0001,2023-09-28,19,16144.87
ORD-000370,CUST-0889,PROD-0044,2023-10-02,12,11935.92
ORD-000371,CUST-0931,PROD-0010,2023-04-10,6,2309.04
ORD-000372,CUST-0802,PROD-0077,2023-09-26,12,7431.36
ORD-000373,CUST-0085,PROD-0075,2023-03-19,9,3882.51
ORD-000374,CUST-0518,PROD-0010,2023-03-02,2,769.68
ORD-000375,CUST-0064,PROD-0022,2023-02-27,6,2274.84
ORD-000376,CUST-0242,PROD-0042,2023-10-11,5,3865.9
ORD-000377,CUST-0666,PROD-0045,2023-09-06,16,7688.8
ORD-000378,CUST-0219,PROD-0088,2023-12-09,6,2698.2
ORD-000379,CUST-0130,PROD-0069,2023-07-30,19,9147.13
ORD-000380,CUST-0163,PROD-0033,2023-08-09,1,907.98
ORD-000381,CUST-0191,PROD-0063,2023-06-07,6,926.35
ORD-000382,CUST-0679,PROD-0077,2023-07-06,3,1857.84
ORD-000383,CUST-0179,PROD-0012,2023-11-02,17,16561.23
ORD-000384,CUST-0933,PROD-0089,2023-01-28,18,12214.62
ORD-000385,CUST-0038,PROD-0063,2023-09-01,14,2161.49
ORD-000386,CUST-0642,PROD-0076,2023-01-22,3,1290.46
ORD-000387,CUST-0311,PROD-0022,2023-01-22,11,4170.54
ORD-000388,CUST-0794,PROD-0084,2023-08-24,14,5730.31
ORD-000389,CUST-0678,PROD-0018,2023-05-30,11,2116.51
ORD-000390,CUST-0209,PROD-0021,2023-05-01,9,1757.25
ORD-000391,CUST-0885,PROD-0072,2023-04-09,12,8576.76
ORD-000392,CUST-0594,PROD-0003,2023-03-25,19,7911.98
ORD-000393,CUST-0952,PROD-0023,2023-07-15,8,5994.32
ORD-000394,CUST-0057,PROD-0013,2023-12-09,5,2832.0
ORD-000395,CUST-0386,PROD-0045,2023-09-06,1,480.55
ORD-000396,CUST-0936,PROD-0065,2023-06-26,5,3388.6
ORD-000397,CUST-0615,PROD-0075,2023-03-27,18,7765.02
ORD-000398,CUST-0912,PROD-0064,2023-07-21,3,1452.74
ORD-000399,CUST-0875,PROD-0080,2023-09-21,16,10165.44
ORD-000400,CUST-0339,PROD-0077,2023-03-30,7,4334.96
ORD-000401,CUST-0657,PROD-0024,2023-01-05,5,3632.6
ORD-000402,CUST-0070,PROD-0096,2023-11-21,4,1361.09
ORD-000403,CUST-0513,PROD-0039,2023-04-20,15,3683.7
ORD-000404,CUST-0890,PROD-0072,2023-06-17,11,7862.03
ORD-000405,CUST-0418,PROD-0006,2023-01-14,18,16864.56
ORD-000406,CUST-0250,PROD-0062,2023-07-30,12,11177.04
ORD-000407,CUST-0322,PROD-0077,2023-01-10,18,11147.04
ORD-000408,CUST-0599,PROD-0070,2023-05-13,1,851.7
ORD-000409,CUST-0553,PROD-0024,2023-11-27,17,12350.84
ORD-000410,CUST-0125,PROD-0028,2023-07-13,13,8366.93
ORD-000411,CUST-0766,PROD-0051,2023-07-20,12,7034.98
ORD-000412,CUST-0304,PROD-0013,2023-09-15,1,566.4
ORD-000413,CUST-0883,PROD-0041,2023-02-12,11,6386.16
ORD-000414,CUST-0037,PROD-0075,2023-05-21,7,3019.73
ORD-000415,CUST-0106,PROD-0098,2023-12-11,17,9287.78
ORD-000416,CUST-0081,PROD-0087,2023-07-31,14,8222.06
ORD-000417,CUST-0753,PROD-0088,2023-06-09,8,3597.6
ORD-000418,CUST-0291,PROD-0084,2023-11-20,1,409.31
ORD-000419,CUST-0241,PROD-0070,2023-05-07,4,3406.8
ORD-000420,CUST-0094,PROD-0022,2023-06-16,19,7203.66
ORD-000421,CUST-0510,PROD-0095,2023-02-24,3,1739.02
ORD-000422,CUST-0276,PROD-0099,2023-11-11,7,2380.84
ORD-000423,CUST-0006,PROD-0081,2023-03-01,10,2457.72
ORD-000424,CUST-0971,PROD-0091,2023-03-31,4,2358.05
ORD-000425,CUST-0652,PROD-0067,2023-02-06,14,3767.12
ORD-000426,CUST-0790,PROD-0095,2023-01-13,10,5796.72
ORD-000427,CUST-0771,PROD-0069,2023-06-21,1,481.43
ORD-000428,CUST-0139,PROD-0047,2023-10-25,12,10629.84
ORD-000429,CUST-0920,PROD-0018,2023-02-16,13,2501.33
ORD-000430,CUST-0077,PROD-0050,2023-12-04,1,344.14
ORD-000431,CUST-0430,PROD-0053,2023-01-10,18,17652.96
ORD-000432,CUST-0497,PROD-0067,2023-10-20,9,2421.72
ORD-000433,CUST-0201,PROD-0086,2023-07-31,17,2293.98
ORD-000434,CUST-0146,PROD-0049,2023-11-22,8,7632.08
ORD-000435,CUST-0199,PROD-0098,2023-04-08,7,3824.38
ORD-000436,CUST-0159,PROD-0029,2023-04-18,16,6285.5
ORD-000437,CUST-0626,PROD-0100,2023-01-12,19,15794.89
ORD-000438,CUST-0118,PROD-0024,2023-04-18,3,2179.56
ORD-000439,CUST-0713,PROD-0015,2023-05-16,2,991.8
ORD-000440,CUST-0964,PROD-0001,2023-09-23,17,14445.41
ORD-000441,CUST-0988,PROD-0068,2023-10-04,5,2460.3
ORD-000442,CUST-0777,PROD-0069,2023-05-21,11,5295.71
ORD-000443,CUST-0103,PROD-0100,2023-11-09,2,1662.62
ORD-000444,CUST-0381,PROD-0074,2023-02-10,8,2484.64
ORD-000445,CUST-0657,PROD-0019,2023-09-23,14,1036.39
ORD-000446,CUST-0403,PROD-0008,2023-12-02,8,5404.88
ORD-000447,CUST-0467,PROD-0074,2023-07-27,8,2484.64
ORD-000448,CUST-0805,PROD-0065,2023-12-03,9,6099.48
ORD-000449,CUST-0268,PROD-0052,2023-11-20,12,6970.2
ORD-000450,CUST-0610,PROD-0084,2023-12-12,10,4093.08
ORD-000451,CUST-0896,PROD-0038,2023-05-15,11,9535.68
ORD-000452,CUST-0171,PROD-0041,2023-06-09,2,1161.12
ORD-000453,CUST-0171,PROD-0034,2023-07-31,9,4011.39
ORD-000454,CUST-0362,PROD-0030,2023-06-27,17,10167.19
ORD-000455,CUST-0745,PROD-0083,2023-02-27,19,9586.94
ORD-000456,CUST-0261,PROD-0043,2023-05-22,10,627.3
ORD-000457,CUST-0628,PROD-0034,2023-11-16,19,8468.49
ORD-000458,CUST-0990,PROD-0074,2023-08-25,2,621.16
ORD-000459,CUST-0902,PROD-0031,2023-03-14,13,12731.16
ORD-000460,CUST-0365,PROD-0012,2023-07-05,10,9741.9
ORD-000461,CUST-0953,PROD-0013,2023-01-24,9,5097.6
ORD-000462,CUST-0454,PROD-0030,2023-01-28,15,8971.05
ORD-000463,CUST-0889,PROD-0050,2023-07-12,8,2753.12
ORD-000464,CUST-0239,PROD-0081,2023-05-17,6,1474.63
ORD-000465,CUST-0130,PROD-0086,2023-01-08,3,404.82
ORD-000466,CUST-0634,PROD-0041,2023-08-15,14,8127.84
ORD-000467,CUST-0363,PROD-0052,2023-10-09,8,4646.8
ORD-000468,CUST-0075,PROD-0004,2023-07-28,14,12460.14
ORD-000469,CUST-0619,PROD-0081,2023-04-09,15,3686.58
ORD-000470,CUST-0956,PROD-0092,2023-08-15,7,6875.4
ORD-000471,CUST-0490,PROD-0044,2023-10-16,11,10941.26
ORD-000472,CUST-0648,PROD-0098,2023-09-29,4,2185.36
ORD-000473,CUST-0110,PROD-0092,2023-04-06,18,17679.6
ORD-000474,CUST-0948,PROD-0048,2023-11-26,3,2258.28
ORD-000475,CUST-0323,PROD-0019,2023-01-17,6,444.17
ORD-000476,CUST-0958,PROD-0076,2023-10-12,4,1720.61
ORD-000477,CUST-0019,PROD-0021,2023-07-14,17,3319.25
ORD-000478,CUST-0309,PROD-0072,2023-08-14,7,5003.11
ORD-000479,CUST-0977,PROD-0085,2023-05-01,12,10666.56
ORD-000480,CUST-0506,PROD-0099,2023-11-21,12,4081.44
ORD-000481,CUST-0058,PROD-0039,2023-03-01,5,1227.9
ORD-000482,CUST-0584,PROD-0033,2023-01-24,12,10895.76
ORD-000483,CUST-0364,PROD-0062,2023-07-15,1,931.42
ORD-000484,CUST-0298,PROD-0050,2023-03-08,11,3785.54
ORD-000485,CUST-0928,PROD-0044,2023-03-21,10,9946.6
ORD-000486,CUST-0987,PROD-0095,2023-06-06,16,9274.75
ORD-000487,CUST-0230,PROD-0056,2023-12-06,10,4122.6
ORD-000488,CUST-0398,PROD-0006,2023-11-22,4,3747.68
ORD-000489,CUST-0190,PROD-0090,2023-03-09,10,3415.9
ORD-000490,CUST-0284,PROD-0096,2023-12-21,5,1701.36
ORD-000491,CUST-0576,PROD-0058,2023-04-23,1,495.57
ORD-000492,CUST-0494,PROD-0054,2023-07-28,13,2793.65
ORD-000493,CUST-0309,PROD-0094,2023-02-06,17,14674.4
ORD-000494,CUST-0992,PROD-0095,2023-05-28,4,2318.69
ORD-000495,CUST-0294,PROD-0075,2023-09-24,15,6470.85
ORD-000496,CUST-0124,PROD-0089,2023-05-24,12,8143.08
ORD-000497,CUST-0574,PROD-0020,2023-10-11,10,5040.2
ORD-000498,CUST-0188,PROD-0052,2023-08-12,15,8712.75
ORD-000499,CUST-0605,PROD-0069,2023-12-04,15,7221.42
ORD-000500,CUST-0373,PROD-0016,2023-06-03,12,6356.59
ORD-000501,CUST-0789,PROD-0071,2023-04-30,12,3729.89
ORD-000502,CUST-0621,PROD-0028,2023-05-12,19,12228.59
ORD-000503,CUST-0569,PROD-0061,2023-05-21,14,11862.62
ORD-000504,CUST-0224,PROD-0059,2023-01-20,16,6163.68
ORD-000505,CUST-0167,PROD-0015,2023-06-02,7,3471.3
ORD-000506,CUST-0280,PROD-0045,2023-09-26,4,1922.2
ORD-000507,CUST-0160,PROD-0049,2023-08-13,1,954.01
ORD-000508,CUST-0411,PROD-0032,2023-08-05,5,2485.05
ORD-000509,CUST-0674,PROD-0022,2023-04-22,5,1895.7
ORD-000510,CUST-0353,PROD-0022,2023-05-19,13,4928.82
ORD-000511,CUST-0633,PROD-0043,2023-03-02,5,313.65
ORD-000512,CUST-0135,PROD-0015,2023-03-25,8,3967.2
ORD-000513,CUST-0900,PROD-0027,2023-03-31,14,7633.08
ORD-000514,CUST-0400,PROD-0095,2023-08-30,9,5217.05
ORD-000515,CUST-0385,PROD-0091,2023-04-30,15,8842.68
ORD-000516,CUST-0193,PROD-0077,2023-01-16,17,10527.76
ORD-000517,CUST-0623,PROD-0079,2023-11-29,1,68.56
ORD-000518,CUST-0316,PROD-0080,2023-08-26,19,12071.46
ORD-000519,CUST-0412,PROD-0041,2023-07-06,3,1741.68
ORD-000520,CUST-0148,PROD-0039,2023-06-19,19,4666.02
ORD-000521,CUST-0246,PROD-0007,2023-10-23,5,3948.15
ORD-000522,CUST-0857,PROD-0068,2023-03-04,4,1968.24
ORD-000523,CUST-0984,PROD-0065,2023-04-09,15,10165.8
ORD-000524,CUST-0732,PROD-0012,2023-10-16,2,1948.38
ORD-000525,CUST-0833,PROD-0076,2023-10-06,18,7742.74
ORD-000526,CUST-0450,PROD-0052,2023-11-29,7,4065.95
ORD-000527,CUST-0260,PROD-0088,2023-01-11,6,2698.2
ORD-000528,CUST-0061,PROD-0013,2023-06-22,13,7363.2
ORD-000529,CUST-0039,PROD-0004,2023-09-24,3,2670.03
ORD-000530,CUST-0821,PROD-0039,2023-09-17,12,2946.96
ORD-000531,CUST-0327,PROD-0089,2023-08-29,19,12893.21
ORD-000532,CUST-0842,PROD-0031,2023-02-04,1,979.32
ORD-000533,CUST-0606,PROD-0005,2023-07-21,10,8539.1
ORD-000534,CUST-0590,PROD-0071,2023-01-25,19,5905.66
ORD-000535,CUST-0394,PROD-0040,2023-08-20,17,8656.57
ORD-000536,CUST-0348,PROD-0091,2023-08-28,6,3537.07
ORD-000537,CUST-0604,PROD-0068,2023-03-28,1,492.06
ORD-000538,CUST-0452,PROD-0080,2023-10-01,7,4447.38
ORD-000539,CUST-0089,PROD-0028,2023-01-31,17,10941.37
ORD-000540,CUST-0748,PROD-0011,2023-07-23,13,12237.29
ORD-000541,CUST-0142,PROD-0062,2023-11-01,10,9314.2
ORD-000542,CUST-0365,PROD-0087,2023-04-08,3,1761.87
ORD-000543,CUST-0212,PROD-0029,2023-06-02,13,5106.97
ORD-000544,CUST-0989,PROD-0082,2023-09-15,17,5379.48
ORD-000545,CUST-0994,PROD-0003,2023-06-28,2,832.84
ORD-000546,CUST-0266,PROD-0088,2023-10-23,3,1349.1
ORD-000547,CUST-0808,PROD-0073,2023-07-11,2,1123.52
ORD-000548,CUST-0261,PROD-0057,2023-09-10,4,1296.77
ORD-000549,CUST-0685,PROD-0046,2023-02-27,10,4214.28
ORD-000550,CUST-0289,PROD-0073,2023-01-05,1,561.76
ORD-000551,CUST-0478,PROD-0078,2023-04-11,19,4123.38
ORD-000552,CUST-0797,PROD-0026,2023-02-27,2,1103.38
ORD-000553,CUST-0488,PROD-0040,2023-06-06,4,2036.84
ORD-000554,CUST-0461,PROD-0097,2023-12-10,12,6371.86
ORD-000555,CUST-0656,PROD-0069,2023-01-23,18,8665.7
ORD-000556,CUST-0549,PROD-0080,2023-03-21,19,12071.46
ORD-000557,CUST-0301,PROD-0024,2023-12-28,17,12350.84
ORD-000558,CUST-0648,PROD-0029,2023-07-23,19,7464.04
ORD-000559,CUST-0136,PROD-0073,2023-05-20,1,561.76
ORD-000560,CUST-0889,PROD-0076,2023-04-21,5,2150.76
ORD-000561,CUST-0086,PROD-0029,2023-09-07,7,2749.91
ORD-000562,CUST-0861,PROD-0087,2023-05-21,12,7047.48
ORD-000563,CUST-0571,PROD-0063,2023-11-13,18,2779.06
ORD-000564,CUST-0680,PROD-0081,2023-03-07,10,2457.72
ORD-000565,CUST-0282,PROD-0015,2023-05-21,5,2479.5
ORD-000566,CUST-0440,PROD-0083,2023-03-19,19,9586.94
ORD-000567,CUST-0176,PROD-0069,2023-07-18,10,4814.28
ORD-000568,CUST-0834,PROD-0072,2023-11-13,17,12150.41
ORD-000569,CUST-0657,PROD-0051,2023-04-26,13,7621.22
ORD-000570,CUST-0864,PROD-0030,2023-05-13,17,10167.19
ORD-000571,CUST-0953,PROD-0085,2023-08-18,12,10666.56
ORD-000572,CUST-0185,PROD-0072,2023-03-18,13,9291.49
ORD-000573,CUST-0612,PROD-0017,2023-06-03,17,16907.69
ORD-000574,CUST-0686,PROD-0025,2023-05-15,14,4506.6
ORD-000575,CUST-0045,PROD-0007,2023-10-26,13,10265.19
ORD-000576,CUST-0109,PROD-0018,2023-11-27,10,1924.1
ORD-000577,CUST-0030,PROD-0077,2023-05-06,3,1857.84
ORD-000578,CUST-0791,PROD-0010,2023-09-12,18,6927.12
ORD-000579,CUST-0296,PROD-0086,2023-10-16,14,1889.16
ORD-000580,CUST-0931,PROD-0003,2023-10-26,18,7495.56
ORD-000581,CUST-0390,PROD-0040,2023-04-16,15,7638.15
ORD-000582,CUST-0335,PROD-0076,2023-12-02,5,2150.76
ORD-000583,CUST-0203,PROD-0011,2023-06-22,16,15061.28
ORD-000584,CUST-0025,PROD-0047,2023-07-18,13,11515.66
ORD-000585,CUST-0604,PROD-0049,2023-10-27,5,4770.05
ORD-000586,CUST-0722,PROD-0032,2023-11-29,9,4473.09
ORD-000587,CUST-0001,PROD-0064,2023-06-23,13,6295.22
ORD-000588,CUST-0609,PROD-0073,2023-09-22,10,5617.6
ORD-000589,CUST-0616,PROD-0047,2023-04-10,4,3543.28
ORD-000590,CUST-0985,PROD-0054,2023-04-21,2,429.79
ORD-000591,CUST-0938,PROD-0008,2023-01-24,3,2026.83
ORD-000592,CUST-0677,PROD-0066,2023-12-18,2,1180.51
ORD-000593,CUST-0243,PROD-0049,2023-04-03,11,10494.11
ORD-000594,CUST-0655,PROD-0080,2023-08-26,7,4447.38
ORD-000595,CUST-0878,PROD-0092,2023-12-11,6,5893.2
ORD-000596,CUST-0404,PROD-0083,2023-06-29,8,4036.61
ORD-000597,CUST-0773,PROD-0025,2023-01-29,8,2575.2
ORD-000598,CUST-0212,PROD-0007,2023-06-17,3,2368.89
ORD-000599,CUST-0171,PROD-0021,2023-04-23,17,3319.25
ORD-000600,CUST-0297,PROD-0001,2023-08-25,12,10196.76
ORD-000601,CUST-0263,PROD-0044,2023-12-28,4,3978.64
ORD-000602,CUST-0081,PROD-0022,2023-01-15,1,379.14
ORD-000603,CUST-0766,PROD-0001,2023-02-04,6,5098.38
ORD-000604,CUST-0592,PROD-0074,2023-10-21,14,4348.12
ORD-000605,CUST-0409,PROD-0100,2023-12-25,2,1662.62
ORD-000606,CUST-0863,PROD-0055,2023-10-23,2,769.99
ORD-000607,CUST-0170,PROD-0016,2023-10-15,2,1059.43
ORD-000608,CUST-0193,PROD-0021,2023-11-06,12,2343.0
ORD-000609,CUST-0140,PROD-0090,2023-10-05,16,5465.44
ORD-000610,CUST-0478,PROD-0033,2023-03-26,1,907.98
ORD-000611,CUST-0055,PROD-0083,2023-03-24,17,8577.79
ORD-000612,CUST-0062,PROD-0050,2023-03-12,6,2064.84
ORD-000613,CUST-0154,PROD-0021,2023-05-09,1,195.25
ORD-000614,CUST-0196,PROD-0050,2023-09-03,8,2753.12
ORD-000615,CUST-0427,PROD-0064,2023-05-04,18,8716.46
ORD-000616,CUST-0727,PROD-0016,2023-06-19,19,10064.6
ORD-000617,CUST-0455,PROD-0060,2023-06-18,18,7322.4
ORD-000618,CUST-0837,PROD-0048,2023-10-20,1,752.76
ORD-000619,CUST-0433,PROD-0042,2023-08-26,15,11597.7
ORD-000620,CUST-0674,PROD-0049,2023-10-18,4,3816.04
ORD-000621,CUST-0789,PROD-0044,2023-10-25,17,16909.22
ORD-000622,CUST-0224,PROD-0079,2023-08-26,19,1302.56
ORD-000623,CUST-0321,PROD-0063,2023-01-27,2,308.78
ORD-000624,CUST-0572,PROD-0099,2023-10-19,13,4421.56
ORD-000625,CUST-0457,PROD-0077,2023-10-11,11,6812.08
ORD-000626,CUST-0139,PROD-0092,2023-11-18,3,2946.6
ORD-000627,CUST-0352,PROD-0061,2023-09-10,7,5931.31
ORD-000628,CUST-0081,PROD-0013,2023-03-23,19,10761.6
ORD-000629,CUST-0651,PROD-0078,2023-12-24,15,3255.3
ORD-000630,CUST-0953,PROD-0043,2023-03-21,3,188.19
ORD-000631,CUST-0220,PROD-0076,2023-07-12,13,5591.98
ORD-000632,CUST-0354,PROD-0041,2023-05-21,6,3483.36
ORD-000633,CUST-0159,PROD-0010,2023-08-01,17,6542.28
ORD-000634,CUST-0265,PROD-0048,2023-09-29,12,9033.12
ORD-000635,CUST-0830,PROD-0074,2023-11-11,13,4037.54
ORD-000636,CUST-0202,PROD-0035,2023-04-06,13,4720.04
ORD-000637,CUST-0507,PROD-0008,2023-04-09,10,6756.1
ORD-000638,CUST-0733,PROD-0026,2023-08-18,6,3310.14
ORD-000639,CUST-0107,PROD-0067,2023-01-30,5,1345.4
ORD-000640,CUST-0577,PROD-0051,2023-10-07,2,1172.5
ORD-000641,CUST-0656,PROD-0049,2023-04-24,17,16218.17
ORD-000642,CUST-0595,PROD-0062,2023-08-18,12,11177.04
ORD-000643,CUST-0135,PROD-0023,2023-09-24,4,2997.16
ORD-000644,CUST-0121,PROD-0017,2023-03-07,18,17902.26
ORD-000645,CUST-0683,PROD-0046,2023-08-02,1,421.43
ORD-000646,CUST-0444,PROD-0011,2023-06-04,6,5647.98
ORD-000647,CUST-0803,PROD-0063,2023-10-15,8,1235.14
ORD-000648,CUST-0132,PROD-0038,2023-08-24,2,1733.76
ORD-000649,CUST-0205,PROD-0071,2023-07-18,3,932.47
ORD-000650,CUST-0187,PROD-0003,2023-11-12,10,4164.2
ORD-000651,CUST-0989,PROD-0022,2023-09-23,17,6445.38
ORD-000652,CUST-0481,PROD-0097,2023-06-04,19,10088.77
ORD-000653,CUST-0772,PROD-0072,2023-06-17,5,3573.65
ORD-000654,CUST-0403,PROD-0038,2023-06-28,5,4334.4
ORD-000655,CUST-0141,PROD-0003,2023-04-23,9,3747.78
ORD-000656,CUST-0896,PROD-0035,2023-08-02,4,1452.32
ORD-000657,CUST-0316,PROD-0077,2023-12-11,19,11766.32
ORD-000658,CUST-0338,PROD-0023,2023-09-28,11,8242.19
ORD-000659,CUST-0724,PROD-0089,2023-07-29,12,8143.08
ORD-000660,CUST-0627,PROD-0004,2023-10-12,7,6230.07
ORD-000661,CUST-0114,PROD-0099,2023-09-10,3,1020.36
ORD-000662,CUST-0466,PROD-0069,2023-02-01,7,3370.0
ORD-000663,CUST-0055,PROD-0082,2023-11-29,6,1898.64
ORD-000664,CUST-0072,PROD-0058,2023-12-05,16,7929.12
ORD-000665,CUST-0142,PROD-0055,2023-03-18,14,5389.94
ORD-000666,CUST-0393,PROD-0086,2023-10-19,16,2159.04
ORD-000667,CUST-0969,PROD-0062,2023-04-29,2,1862.84
ORD-000668,CUST-0792,PROD-0074,2023-10-31,10,3105.8
ORD-000669,CUST-0982,PROD-0011,2023-04-28,3,2823.99
ORD-000670,CUST-0825,PROD-0042,2023-11-11,10,7731.8
ORD-000671,CUST-0542,PROD-0067,2023-11-25,9,2421.72
ORD-000672,CUST-0282,PROD-0079,2023-01-09,1,68.56
ORD-000673,CUST-0748,PROD-0026,2023-10-25,19,10482.11
ORD-000674,CUST-0087,PROD-0001,2023-07-06,7,5948.11
ORD-000675,CUST-0357,PROD-0037,2023-04-18,14,9457.7
ORD-000676,CUST-0121,PROD-0006,2023-11-27,10,9369.2
ORD-000677,CUST-0232,PROD-0060,2023-07-30,7,2847.6
ORD-000678,CUST-0728,PROD-0063,2023-11-21,5,771.96
ORD-000679,CUST-0424,PROD-0018,2023-12-27,11,2116.51
ORD-000680,CUST-0147,PROD-0095,2023-04-03,12,6956.06
ORD-000681,CUST-0630,PROD-0075,2023-06-20,7,3019.73
ORD-000682,CUST-0872,PROD-0026,2023-11-12,2,1103.38
ORD-000683,CUST-0034,PROD-0083,2023-01-07,8,4036.61
ORD-000684,CUST-0166,PROD-0074,2023-08-22,19,5901.02
ORD-000685,CUST-0313,PROD-0073,2023-09-06,19,10673.44
ORD-000686,CUST-0380,PROD-0089,2023-08-06,16,10857.44
ORD-000687,CUST-0567,PROD-0018,2023-11-28,11,2116.51
ORD-000688,CUST-0187,PROD-0083,2023-11-17,9,4541.18
ORD-000689,CUST-0076,PROD-0089,2023-10-02,1,678.59
ORD-000690,CUST-0725,PROD-0073,2023-09-08,7,3932.32
ORD-000691,CUST-0441,PROD-0038,2023-05-21,17,14736.96
ORD-000692,CUST-0771,PROD-0010,2023-09-03,3,1154.52
ORD-000693,CUST-0311,PROD-0063,2023-08-31,3,463.18
ORD-000694,CUST-0114,PROD-0092,2023-07-01,15,14733.0
ORD-000695,CUST-0518,PROD-0014,2023-08-06,14,5097.79
ORD-000696,CUST-0633,PROD-0071,2023-02-15,12,3729.89
ORD-000697,CUST-0426,PROD-0072,2023-02-17,3,2144.19
ORD-000698,CUST-0276,PROD-0021,2023-02-21,12,2343.0
ORD-000699,CUST-0160,PROD-0043,2023-09-18,17,1066.41
ORD-000700,CUST-0274,PROD-0098,2023-05-24,4,2185.36
ORD-000701,CUST-0383,PROD-0031,2023-09-19,7,6855.24
ORD-000702,CUST-0758,PROD-0057,2023-07-26,2,648.38
ORD-000703,CUST-0585,PROD-0082,2023-11-12,9,2847.96
ORD-000704,CUST-0147,PROD-0010,2023-09-14,18,6927.12
ORD-000705,CUST-0400,PROD-0056,2023-05-15,9,3710.34
ORD-000706,CUST-0855,PROD-0063,2023-04-06,1,154.39
ORD-000707,CUST-0789,PROD-0004,2023-06-04,2,1780.02
ORD-000708,CUST-0471,PROD-0009,2023-09-03,11,6479.77
ORD-000709,CUST-0813,PROD-0044,2023-02-09,14,13925.24
ORD-000710,CUST-0318,PROD-0037,2023-06-10,8,5404.4
ORD-000711,CUST-0874,PROD-0005,2023-06-08,7,5977.37
ORD-000712,CUST-0873,PROD-0019,2023-02-24,1,74.03
ORD-000713,CUST-0686,PROD-0081,2023-03-02,1,245.77
ORD-000714,CUST-0274,PROD-0079,2023-07-28,4,274.22
ORD-000715,CUST-0173,PROD-0080,2023-02-16,5,3176.7
ORD-000716,CUST-0599,PROD-0046,2023-09-16,15,6321.42
ORD-000717,CUST-0425,PROD-0021,2023-05-30,16,3124.0
ORD-000718,CUST-0264,PROD-0051,2023-05-25,18,10552.46
ORD-000719,CUST-0107,PROD-0090,2023-05-13,12,4099.08
ORD-000720,CUST-0290,PROD-0096,2023-05-10,5,1701.36
ORD-000721,CUST-0783,PROD-0094,2023-08-17,4,3452.8
ORD-000722,CUST-0077,PROD-0049,2023-08-03,8,7632.08
ORD-000723,CUST-0326,PROD-0085,2023-11-10,11,9777.68
ORD-000724,CUST-0668,PROD-0075,2023-10-04,19,8196.41
ORD-000725,CUST-0274,PROD-0057,2023-09-25,17,5511.26
ORD-000726,CUST-0225,PROD-0061,2023-03-02,6,5083.98
ORD-000727,CUST-0829,PROD-0063,2023-05-05,12,1852.7
ORD-000728,CUST-0839,PROD-0025,2023-08-12,13,4184.7
ORD-000729,CUST-0293,PROD-0020,2023-02-27,3,1512.06
ORD-000730,CUST-0643,PROD-0009,2023-09-11,3,1767.21
ORD-000731,CUST-0880,PROD-0005,2023-08-15,8,6831.28
ORD-000732,CUST-0710,PROD-0008,2023-05-14,8,5404.88
ORD-000733,CUST-0118,PROD-0001,2023-06-02,14,11896.22
ORD-000734,CUST-0621,PROD-0078,2023-02-18,7,1519.14
ORD-000735,CUST-0896,PROD-0096,2023-06-29,12,4083.26
ORD-000736,CUST-0605,PROD-0076,2023-12-13,1,430.15
ORD-000737,CUST-0330,PROD-0017,2023-12-07,8,7956.56
ORD-000738,CUST-0117,PROD-0016,2023-08-31,7,3708.01
ORD-000739,CUST-0801,PROD-0033,2023-03-31,14,12711.72
ORD-000740,CUST-0544,PROD-0079,2023-07-11,2,137.11
ORD-000741,CUST-0900,PROD-0046,2023-12-30,9,3792.85
ORD-000742,CUST-0679,PROD-0029,2023-05-07,2,785.69
ORD-000743,CUST-0367,PROD-0061,2023-05-24,2,1694.66
ORD-000744,CUST-0603,PROD-0013,2023-09-20,5,2832.0
ORD-000745,CUST-0825,PROD-0091,2023-04-12,16,9432.19
ORD-000746,CUST-0701,PROD-0029,2023-12-15,2,785.69
ORD-000747,CUST-0530,PROD-0048,2023-03-27,4,3011.04
ORD-000748,CUST-0545,PROD-0091,2023-04-30,8,4716.1
ORD-000749,CUST-0379,PROD-0035,2023-05-06,3,1089.24
ORD-000750,CUST-0396,PROD-0073,2023-02-25,4,2247.04
ORD-000751,CUST-0224,PROD-0049,2023-01-19,7,6678.07
ORD-000752,CUST-0327,PROD-0007,2023-10-08,4,3158.52
ORD-000753,CUST-0891,PROD-0050,2023-12-17,4,1376.56
ORD-000754,CUST-0453,PROD-0016,2023-01-18,10,5297.16
ORD-000755,CUST-0766,PROD-0005,2023-07-26,14,11954.74
ORD-000756,CUST-0680,PROD-0020,2023-12-18,19,9576.38
ORD-000757,CUST-0603,PROD-0050,2023-02-06,9,3097.26
ORD-000758,CUST-0570,PROD-0067,2023-06-13,13,3498.04
ORD-000759,CUST-0300,PROD-0069,2023-01-29,7,3370.0
ORD-000760,CUST-0281,PROD-0065,2023-11-20,11,7454.92
ORD-000761,CUST-0450,PROD-0047,2023-07-01,15,13287.3
ORD-000762,CUST-0355,PROD-0041,2023-06-30,1,580.56
ORD-000763,CUST-0855,PROD-0062,2023-09-15,17,15834.14
ORD-000764,CUST-0365,PROD-0033,2023-11-14,11,9987.78
ORD-000765,CUST-0387,PROD-0034,2023-11-14,2,891.42
ORD-000766,CUST-0113,PROD-0035,2023-05-14,17,6172.36
ORD-000767,CUST-0342,PROD-0057,2023-01-30,2,648.38
ORD-000768,CUST-0967,PROD-0031,2023-06-14,13,12731.16
ORD-000769,CUST-0293,PROD-0035,2023-07-30,19,6898.52
ORD-000770,CUST-0385,PROD-0089,2023-06-02,18,12214.62
ORD-000771,CUST-0096,PROD-0031,2023-01-03,8,7834.56
ORD-000772,CUST-0313,PROD-0001,2023-11-09,4,3398.92
ORD-000773,CUST-0593,PROD-0031,2023-06-01,12,11751.84
ORD-000774,CUST-0608,PROD-0065,2023-09-14,13,8810.36
ORD-000775,CUST-0945,PROD-0036,2023-02-24,12,7826.4
ORD-000776,CUST-0124,PROD-0073,2023-02-22,9,5055.84
ORD-000777,CUST-0730,PROD-0019,2023-03-12,14,1036.39
ORD-000778,CUST-0301,PROD-0006,2023-04-25,1,936.92
ORD-000779,CUST-0678,PROD-0003,2023-01-06,13,5413.46
ORD-000780,CUST-0608,PROD-0071,2023-01-28,17,5284.01
ORD-000781,CUST-0900,PROD-0032,2023-10-11,4,1988.04
ORD-000782,CUST-0648,PROD-0023,2023-01-26,8,5994.32
ORD-000783,CUST-0521,PROD-0039,2023-10-19,14,3438.12
ORD-000784,CUST-0645,PROD-0032,2023-11-30,8,3976.08
ORD-000785,CUST-0826,PROD-0078,2023-04-16,8,1736.16
ORD-000786,CUST-0138,PROD-0048,2023-06-07,19,14302.44
ORD-000787,CUST-0780,PROD-0059,2023-12-22,10,3852.3
ORD-000788,CUST-0538,PROD-0006,2023-07-06,3,2810.76
ORD-000789,CUST-0956,PROD-0045,2023-07-10,17,8169.35
ORD-000790,CUST-0565,PROD-0036,2023-04-19,1,652.2
ORD-000791,CUST-0757,PROD-0057,2023-12-18,17,5511.26
ORD-000792,CUST-0745,PROD-0063,2023-09-05,14,2161.49
ORD-000793,CUST-0977,PROD-0087,2023-05-30,19,11158.51
ORD-000794,CUST-0369,PROD-0068,2023-10-22,2,984.12
ORD-000795,CUST-0725,PROD-0074,2023-09-28,7,2174.06
ORD-000796,CUST-0804,PROD-0030,2023-02-02,10,5980.7
ORD-000797,CUST-0155,PROD-0070,2023-07-29,9,7665.3
ORD-000798,CUST-0434,PROD-0098,2023-04-02,14,7648.76
ORD-000799,CUST-0753,PROD-0017,2023-04-24,1,994.57
ORD-000800,CUST-0837,PROD-0002,2023-04-01,9,7732.8
ORD-000801,CUST-0767,PROD-0044,2023-10-02,1,994.66
ORD-000802,CUST-0115,PROD-0057,2023-10-31,18,5835.46
ORD-000803,CUST-0749,PROD-0098,2023-07-22,5,2731.7
ORD-000804,CUST-0054,PROD-0007,2023-05-07,1,789.63
ORD-000805,CUST-0570,PROD-0049,2023-06-24,12,11448.12
ORD-000806,CUST-0687,PROD-0001,2023-12-10,2,1699.46
ORD-000807,CUST-0345,PROD-0047,2023-11-22,6,5314.92
ORD-000808,CUST-0034,PROD-0058,2023-12-29,4,1982.28
ORD-000809,CUST-0316,PROD-0019,2023-10-09,8,592.22
ORD-000810,CUST-0260,PROD-0087,2023-10-25,2,1174.58
ORD-000811,CUST-0897,PROD-0095,2023-11-18,2,1159.34
ORD-000812,CUST-0032,PROD-0033,2023-11-29,15,13619.7
ORD-000813,CUST-0858,PROD-0027,2023-10-02,3,1635.66
ORD-000814,CUST-0496,PROD-0046,2023-10-02,19,8007.13
ORD-000815,CUST-0974,PROD-0008,2023-06-26,11,7431.71
ORD-000816,CUST-0500,PROD-0008,2023-06-21,10,6756.1
ORD-000817,CUST-0304,PROD-0092,2023-04-01,13,12768.6
ORD-000818,CUST-0027,PROD-0069,2023-11-07,5,2407.14
ORD-000819,CUST-0570,PROD-0086,2023-10-21,2,269.88
ORD-000820,CUST-0943,PROD-0015,2023-05-30,16,7934.4
ORD-000821,CUST-0659,PROD-0092,2023-08-18,14,13750.8
ORD-000822,CUST-0041,PROD-0027,2023-12-07,14,7633.08
ORD-000823,CUST-0747,PROD-0085,2023-04-14,11,9777.68
ORD-000824,CUST-0985,PROD-0046,2023-05-29,2,842.86
ORD-000825,CUST-0225,PROD-0082,2023-07-14,16,5063.04
ORD-000826,CUST-0766,PROD-0089,2023-07-13,8,5428.72
ORD-000827,CUST-0046,PROD-0094,2023-03-19,12,10358.4
ORD-000828,CUST-0452,PROD-0089,2023-05-17,6,4071.54
ORD-000829,CUST-0141,PROD-0024,2023-03-06,5,3632.6
ORD-000830,CUST-0682,PROD-0042,2023-05-23,4,3092.72
ORD-000831,CUST-0388,PROD-0012,2023-06-05,19,18509.61
ORD-000832,CUST-0035,PROD-0050,2023-02-11,11,3785.54
ORD-000833,CUST-0031,PROD-0066,2023-07-01,19,11214.86
ORD-000834,CUST-0391,PROD-0008,2023-07-26,10,6756.1
ORD-000835,CUST-0431,PROD-0057,2023-09-02,10,3241.92
ORD-000836,CUST-0192,PROD-0050,2023-12-26,19,6538.66
ORD-000837,CUST-0579,PROD-0004,2023-06-15,11,9790.11
ORD-000838,CUST-0399,PROD-0069,2023-04-13,2,962.86
ORD-000839,CUST-0547,PROD-0055,2023-02-06,19,7314.92
ORD-000840,CUST-0829,PROD-0072,2023-10-30,9,6432.57
ORD-000841,CUST-0282,PROD-0088,2023-05-30,10,4497.0
ORD-000842,CUST-0775,PROD-0094,2023-02-12,11,9495.2
ORD-000843,CUST-0349,PROD-0028,2023-11-18,8,5148.88
ORD-000844,CUST-0333,PROD-0082,2023-08-14,4,1265.76
ORD-000845,CUST-0241,PROD-0014,2023-10-22,5,1820.64
ORD-000846,CUST-0347,PROD-0035,2023-07-27,16,5809.28
ORD-000847,CUST-0760,PROD-0050,2023-12-10,16,5506.24
ORD-000848,CUST-0435,PROD-0018,2023-03-15,17,3270.97
ORD-000849,CUST-0918,PROD-0049,2023-07-13,1,954.01
ORD-000850,CUST-0563,PROD-0031,2023-09-24,12,11751.84
ORD-000851,CUST-0259,PROD-0087,2023-02-17,11,6460.19
ORD-000852,CUST-0187,PROD-0006,2023-09-09,13,12179.96
ORD-000853,CUST-0736,PROD-0070,2023-12-24,1,851.7
ORD-000854,CUST-0999,PROD-0032,2023-11-27,13,6461.13
ORD-000855,CUST-0818,PROD-0087,2023-07-30,8,4698.32
ORD-000856,CUST-0528,PROD-0084,2023-02-05,19,7776.85
ORD-000857,CUST-0948,PROD-0098,2023-07-23,5,2731.7
ORD-000858,CUST-0923,PROD-0052,2023-05-05,16,9293.6
ORD-000859,CUST-0623,PROD-0087,2023-09-10,4,2349.16
ORD-000860,CUST-0353,PROD-0055,2023-05-04,1,385.0
ORD-000861,CUST-0735,PROD-0022,2023-03-03,17,6445.38
ORD-000862,CUST-0161,PROD-0089,2023-12-30,4,2714.36
ORD-000863,CUST-0320,PROD-0082,2023-04-10,15,4746.6
ORD-000864,CUST-0408,PROD-0045,2023-07-23,16,7688.8
ORD-000865,CUST-0833,PROD-0093,2023-02-17,12,10105.8
ORD-000866,CUST-0187,PROD-0075,2023-09-03,6,2588.34
ORD-000867,CUST-0345,PROD-0062,2023-07-10,17,15834.14
ORD-000868,CUST-0704,PROD-0099,2023-02-10,19,6462.28
ORD-000869,CUST-0138,PROD-0081,2023-12-04,8,1966.18
ORD-000870,CUST-0307,PROD-0098,2023-10-16,7,3824.38
ORD-000871,CUST-0487,PROD-0090,2023-10-28,9,3074.31
ORD-000872,CUST-0052,PROD-0033,2023-11-03,13,11803.74
ORD-000873,CUST-0006,PROD-0005,2023-12-03,11,9393.01
ORD-000874,CUST-0667,PROD-0045,2023-12-12,13,6247.15
ORD-000875,CUST-0925,PROD-0022,2023-01-19,13,4928.82
ORD-000876,CUST-0258,PROD-0010,2023-02-15,5,1924.2
ORD-000877,CUST-0862,PROD-0041,2023-04-30,16,9288.96
ORD-000878,CUST-0474,PROD-0007,2023-07-25,2,1579.26
ORD-000879,CUST-0576,PROD-0054,2023-12-23,8,1719.17
ORD-000880,CUST-0115,PROD-0049,2023-12-24,9,8586.09
ORD-000881,CUST-0326,PROD-0043,2023-05-19,5,313.65
ORD-000882,CUST-0506,PROD-0091,2023-03-12,14,8253.17
ORD-000883,CUST-0869,PROD-0075,2023-05-03,10,4313.9
ORD-000884,CUST-0509,PROD-0089,2023-08-26,11,7464.49
ORD-000885,CUST-0865,PROD-0002,2023-02-18,4,3436.8
ORD-000886,CUST-0469,PROD-0013,2023-12-30,17,9628.8
ORD-000887,CUST-0295,PROD-0095,2023-12-21,15,8695.08
ORD-000888,CUST-0050,PROD-0081,2023-01-16,16,3932.35
ORD-000889,CUST-0146,PROD-0006,2023-10-09,18,16864.56
ORD-000890,CUST-0215,PROD-0098,2023-06-11,7,3824.38
ORD-000891,CUST-0662,PROD-0069,2023-10-05,19,9147.13
ORD-000892,CUST-0423,PROD-0095,2023-03-06,12,6956.06
ORD-000893,CUST-0405,PROD-0087,2023-01-01,15,8809.35
ORD-000894,CUST-0417,PROD-0056,2023-07-16,11,4534.86
ORD-000895,CUST-0411,PROD-0074,2023-03-07,7,2174.06
ORD-000896,CUST-0339,PROD-0047,2023-11-01,16,14173.12
ORD-000897,CUST-0370,PROD-0055,2023-09-22,9,3464.96
ORD-000898,CUST-0996,PROD-0026,2023-03-28,1,551.69
ORD-000899,CUST-0862,PROD-0036,2023-08-25,6,3913.2
ORD-000900,CUST-0591,PROD-0090,2023-07-13,14,4782.26
ORD-000901,CUST-0482,PROD-0027,2023-09-14,13,7087.86
ORD-000902,CUST-0896,PROD-0032,2023-01-23,19,9443.19
ORD-000903,CUST-0524,PROD-0015,2023-04-21,4,1983.6
ORD-000904,CUST-0294,PROD-0096,2023-01-22,9,3062.45
ORD-000905,CUST-0900,PROD-0058,2023-08-04,10,4955.7
ORD-000906,CUST-0082,PROD-0044,2023-04-16,5,4973.3
ORD-000907,CUST-0614,PROD-0043,2023-03-06,17,1066.41
ORD-000908,CUST-0115,PROD-0053,2023-07-16,18,17652.96
ORD-000909,CUST-0987,PROD-0086,2023-04-09,10,1349.4
ORD-000910,CUST-0726,PROD-0035,2023-11-05,5,1815.4
ORD-000911,CUST-0747,PROD-0059,2023-02-10,19,7319.37
ORD-000912,CUST-0819,PROD-0089,2023-07-03,13,8821.67
ORD-000913,CUST-0514,PROD-0008,2023-11-14,1,675.61
ORD-000914,CUST-0216,PROD-0088,2023-12-17,11,4946.7
ORD-000915,CUST-0921,PROD-0042,2023-10-31,7,5412.26
ORD-000916,CUST-0869,PROD-0012,2023-10-12,3,2922.57
ORD-000917,CUST-0307,PROD-0037,2023-10-07,19,12835.45
ORD-000918,CUST-0496,PROD-0024,2023-04-26,16,11624.32
ORD-000919,CUST-0030,PROD-0070,2023-06-13,17,14478.9
ORD-000920,CUST-0147,PROD-0002,2023-12-04,9,7732.8
ORD-000921,CUST-0609,PROD-0047,2023-12-02,1,885.82
ORD-000922,CUST-0123,PROD-0058,2023-12-14,13,6442.41
ORD-000923,CUST-0370,PROD-0056,2023-01-27,10,4122.6
ORD-000924,CUST-0950,PROD-0055,2023-04-22,9,3464.96
ORD-000925,CUST-0094,PROD-0065,2023-05-17,14,9488.08
ORD-000926,CUST-0116,PROD-0055,2023-01-23,19,7314.92
ORD-000927,CUST-0388,PROD-0013,2023-06-20,3,1699.2
ORD-000928,CUST-0921,PROD-0059,2023-01-30,1,385.23
ORD-000929,CUST-0609,PROD-0016,2023-05-01,16,8475.46
ORD-000930,CUST-0357,PROD-0031,2023-11-29,14,13710.48
ORD-000931,CUST-0835,PROD-0079,2023-10-16,15,1028.34
ORD-000932,CUST-0879,PROD-0053,2023-03-23,10,9807.2
ORD-000933,CUST-0952,PROD-0052,2023-02-20,4,2323.4
ORD-000934,CUST-0114,PROD-0077,2023-10-22,17,10527.76
ORD-000935,CUST-0652,PROD-0034,2023-07-27,16,7131.36
ORD-000936,CUST-0348,PROD-0079,2023-06-16,10,685.56
ORD-000937,CUST-0503,PROD-0086,2023-03-22,9,1214.46
ORD-000938,CUST-0157,PROD-0071,2023-12-20,18,5594.83
ORD-000939,CUST-0138,PROD-0047,2023-05-15,18,15944.76
ORD-000940,CUST-0772,PROD-0018,2023-06-30,10,1924.1
ORD-000941,CUST-0513,PROD-0033,2023-08-18,5,4539.9
ORD-000942,CUST-0539,PROD-0062,2023-12-02,16,14902.72
ORD-000943,CUST-0315,PROD-0087,2023-07-28,7,4111.03
ORD-000944,CUST-0079,PROD-0095,2023-01-15,18,10434.1
ORD-000945,CUST-0808,PROD-0079,2023-08-05,19,1302.56
ORD-000946,CUST-0247,PROD-0072,2023-01-25,7,5003.11
ORD-000947,CUST-0488,PROD-0062,2023-01-21,16,14902.72
ORD-000948,CUST-0375,PROD-0076,2023-04-01,14,6022.13
ORD-000949,CUST-0325,PROD-0065,2023-06-20,9,6099.48
ORD-000950,CUST-0257,PROD-0086,2023-04-28,17,2293.98
ORD-000951,CUST-0640,PROD-0042,2023-12-18,1,773.18
ORD-000952,CUST-0223,PROD-0048,2023-10-05,4,3011.04
ORD-000953,CUST-0816,PROD-0014,2023-04-17,9,3277.15
ORD-000954,CUST-0651,PROD-0026,2023-12-27,8,4413.52
ORD-000955,CUST-0307,PROD-0014,2023-09-11,19,6918.43
ORD-000956,CUST-0510,PROD-0003,2023-05-13,9,3747.78
ORD-000957,CUST-0013,PROD-0039,2023-12-03,5,1227.9
ORD-000958,CUST-0282,PROD-0097,2023-01-20,9,4778.89
ORD-000959,CUST-0341,PROD-0034,2023-05-10,15,6685.65
ORD-000960,CUST-0847,PROD-0028,2023-09-09,6,3861.66
ORD-000961,CUST-0022,PROD-0054,2023-12-04,18,3868.13
ORD-000962,CUST-0496,PROD-0078,2023-12-30,13,2821.26
ORD-000963,CUST-0501,PROD-0095,2023-04-14,1,579.67
ORD-000964,CUST-0250,PROD-0020,2023-11-28,7,3528.14
ORD-000965,CUST-0275,PROD-0053,2023-04-17,14,13730.08
ORD-000966,CUST-0274,PROD-0028,2023-09-14,14,9010.54
ORD-000967,CUST-0537,PROD-0054,2023-01-10,12,2578.75
ORD-000968,CUST-0242,PROD-0025,2023-04-26,7,2253.3
ORD-000969,CUST-0886,PROD-0016,2023-04-11,1,529.72
ORD-000970,CUST-0934,PROD-0040,2023-11-12,15,7638.15
ORD-000971,CUST-0506,PROD-0070,2023-02-25,4,3406.8
ORD-000972,CUST-0805,PROD-0042,2023-10-28,13,10051.34
ORD-000973,CUST-0009,PROD-0081,2023-06-04,4,983.09
ORD-000974,CUST-0770,PROD-0001,2023-06-12,12,10196.76
ORD-000975,CUST-0138,PROD-0047,2023-01-07,14,12401.48
ORD-000976,CUST-0520,PROD-0052,2023-10-05,12,6970.2
ORD-000977,CUST-0109,PROD-0024,2023-10-08,17,12350.84
ORD-000978,CUST-0178,PROD-0011,2023-09-25,1,941.33
ORD-000979,CUST-0957,PROD-0020,2023-05-24,15,7560.3
ORD-000980,CUST-0092,PROD-0053,2023-08-17,18,17652.96
ORD-000981,CUST-0747,PROD-0088,2023-11-27,4,1798.8
ORD-000982,CUST-0329,PROD-0048,2023-10-19,8,6022.08
ORD-000983,CUST-0866,PROD-0031,2023-10-04,5,4896.6
ORD-000984,CUST-0600,PROD-0003,2023-12-05,5,2082.1
ORD-000985,CUST-0776,PROD-0091,2023-02-18,18,10611.22
ORD-000986,CUST-0127,PROD-0082,2023-11-26,5,1582.2
ORD-000987,CUST-0784,PROD-0006,2023-09-08,6,5621.52
ORD-000988,CUST-0110,PROD-0040,2023-03-15,17,8656.57
ORD-000989,CUST-0727,PROD-0051,2023-01-03,4,2344.99
ORD-000990,CUST-0147,PROD-0075,2023-11-19,7,3019.73
ORD-000991,CUST-0226,PROD-0003,2023-05-27,2,832.84
ORD-000992,CUST-0785,PROD-0100,2023-10-14,12,9975.72
ORD-000993,CUST-0424,PROD-0090,2023-08-18,15,5123.85
ORD-000994,CUST-0279,PROD-0075,2023-10-23,16,6902.24
ORD-000995,CUST-0753,PROD-0039,2023-03-02,14,3438.12
ORD-000996,CUST-0870,PROD-0091,2023-11-27,9,5305.61
ORD-000997,CUST-0997,PROD-0079,2023-02-12,15,1028.34
ORD-000998,CUST-0474,PROD-0050,2023-01-08,2,688.28
ORD-000999,CUST-0824,PROD-0089,2023-07-04,9,6107.31
ORD-001000,CUST-0614,PROD-0040,2023-11-24,4,2036.84
ORD-001001,CUST-0036,PROD-0020,2023-09-05,18,9072.36
ORD-001002,CUST-0640,PROD-0012,2023-03-11,12,11690.28
ORD-001003,CUST-0277,PROD-0088,2023-06-27,2,899.4
ORD-001004,CUST-0002,PROD-0091,2023-05-21,13,7663.66
ORD-001005,CUST-0198,PROD-0061,2023-04-21,10,8473.3
ORD-001006,CUST-0638,PROD-0007,2023-03-17,19,15002.97
ORD-001007,CUST-0995,PROD-0030,2023-08-16,10,5980.7
ORD-001008,CUST-0573,PROD-0026,2023-09-06,3,1655.07
ORD-001009,CUST-0116,PROD-0013,2023-09-10,17,9628.8
ORD-001010,CUST-0637,PROD-0011,2023-04-10,4,3765.32
ORD-001011,CUST-0587,PROD-0041,2023-07-27,10,5805.6
ORD-001012,CUST-0578,PROD-0020,2023-06-10,2,1008.04
ORD-001013,CUST-0748,PROD-0066,2023-08-10,14,8263.58
ORD-001014,CUST-0275,PROD-0077,2023-04-18,9,5573.52
ORD-001015,CUST-0444,PROD-0010,2023-05-17,17,6542.28
ORD-001016,CUST-0272,PROD-0010,2023-03-12,19,7311.96
ORD-001017,CUST-0812,PROD-0078,2023-05-25,2,434.04
ORD-001018,CUST-0897,PROD-0044,2023-03-12,13,12930.58
ORD-001019,CUST-0286,PROD-0018,2023-04-08,14,2693.74
ORD-001020,CUST-0898,PROD-0097,2023-12-17,10,5309.88
ORD-001021,CUST-0591,PROD-0013,2023-02-19,15,8496.0
ORD-001022,CUST-0763,PROD-0016,2023-07-05,1,529.72
ORD-001023,CUST-0511,PROD-0019,2023-11-08,2,148.06
ORD-001024,CUST-0884,PROD-0043,2023-12-08,2,125.46
ORD-001025,CUST-0112,PROD-0022,2023-08-20,18,6824.52
ORD-001026,CUST-0004,PROD-0099,2023-05-20,3,1020.36
ORD-001027,CUST-0917,PROD-0003,2023-04-07,12,4997.04
ORD-001028,CUST-0500,PROD-0048,2023-08-22,8,6022.08
ORD-001029,CUST-0330,PROD-0027,2023-04-29,15,8178.3
ORD-001030,CUST-0062,PROD-0004,2023-09-28,9,8010.09
ORD-001031,CUST-0032,PROD-0064,2023-01-25,18,8716.46
ORD-001032,CUST-0391,PROD-0018,2023-02-27,1,192.41
ORD-001033,CUST-0510,PROD-0062,2023-05-27,12,11177.04
ORD-001034,CUST-0550,PROD-0044,2023-09-09,14,13925.24
ORD-001035,CUST-0658,PROD-0088,2023-06-30,16,7195.2
ORD-001036,CUST-0026,PROD-0025,2023-12-14,12,3862.8
ORD-001037,CUST-0137,PROD-0079,2023-11-20,6,411.34
ORD-001038,CUST-0163,PROD-0001,2023-06-02,9,7647.57
ORD-001039,CUST-0226,PROD-0053,2023-11-10,7,6865.04
ORD-001040,CUST-0681,PROD-0039,2023-09-22,15,3683.7
ORD-001041,CUST-0170,PROD-0036,2023-10-24,6,3913.2
ORD-001042,CUST-0390,PROD-0019,2023-09-09,18,1332.5
ORD-001043,CUST-0102,PROD-0019,2023-11-16,5,370.14
ORD-001044,CUST-0380,PROD-0037,2023-08-26,7,4728.85
ORD-001045,CUST-0009,PROD-0022,2023-11-14,17,6445.38
ORD-001046,CUST-0920,PROD-0060,2023-05-25,18,7322.4
ORD-001047,CUST-0064,PROD-0044,2023-08-24,6,5967.96
ORD-001048,CUST-0582,PROD-0015,2023-03-21,10,4959.0
ORD-001049,CUST-0078,PROD-0050,2023-09-01,10,3441.4
ORD-001050,CUST-0522,PROD-0081,2023-10-21,9,2211.95
ORD-001051,CUST-0738,PROD-0097,2023-12-23,3,1592.96
ORD-001052,CUST-0926,PROD-0004,2023-04-16,8,7120.08
ORD-001053,CUST-0421,PROD-0084,2023-01-09,5,2046.54
ORD-001054,CUST-0336,PROD-0009,2023-06-19,6,3534.42
ORD-001055,CUST-0435,PROD-0015,2023-01-24,16,7934.4
ORD-001056,CUST-0202,PROD-0043,2023-11-20,14,878.22
ORD-001057,CUST-0977,PROD-0075,2023-06-26,17,7333.63
ORD-001058,CUST-0827,PROD-0100,2023-05-25,19,15794.89
ORD-001059,CUST-0980,PROD-0019,2023-02-18,13,962.36
ORD-001060,CUST-0197,PROD-0023,2023-12-27,17,12737.93
ORD-001061,CUST-0741,PROD-0060,2023-11-20,19,7729.2
ORD-001062,CUST-0261,PROD-0080,2023-02-02,12,7624.08
ORD-001063,CUST-0188,PROD-0093,2023-08-14,12,10105.8
ORD-001064,CUST-0504,PROD-0066,2023-04-21,2,1180.51
ORD-001065,CUST-0868,PROD-0066,2023-01-18,10,5902.56
ORD-001066,CUST-0834,PROD-0069,2023-02-17,5,2407.14
ORD-001067,CUST-0525,PROD-0019,2023-07-07,19,1406.53
ORD-001068,CUST-0010,PROD-0066,2023-05-04,17,10034.35
ORD-001069,CUST-0083,PROD-0048,2023-12-13,12,9033.12
ORD-001070,CUST-0029,PROD-0093,2023-12-23,4,3368.6
ORD-001071,CUST-0395,PROD-0025,2023-03-20,18,5794.2
ORD-001072,CUST-0660,PROD-0007,2023-11-14,3,2368.89
ORD-001073,CUST-0628,PROD-0011,2023-01-26,10,9413.3
ORD-001074,CUST-0672,PROD-0026,2023-03-31,5,2758.45
ORD-001075,CUST-0723,PROD-0014,2023-03-13,14,5097.79
ORD-001076,CUST-0902,PROD-0032,2023-08-10,2,994.02
ORD-001077,CUST-0479,PROD-0037,2023-04-30,13,8782.15
ORD-001078,CUST-0031,PROD-0001,2023-10-09,15,12745.95
ORD-001079,CUST-0555,PROD-0100,2023-05-09,5,4156.55
ORD-001080,CUST-0259,PROD-0014,2023-04-12,7,2548.9
ORD-001081,CUST-0346,PROD-0017,2023-08-24,10,9945.7
ORD-001082,CUST-0468,PROD-0074,2023-01-18,18,5590.44
ORD-001083,CUST-0081,PROD-0008,2023-02-12,9,6080.49
ORD-001084,CUST-0237,PROD-0058,2023-11-15,12,5946.84
ORD-001085,CUST-0997,PROD-0019,2023-05-31,6,444.17
ORD-001086,CUST-0322,PROD-0026,2023-07-07,2,1103.38
ORD-001087,CUST-0236,PROD-0022,2023-04-27,17,6445.38
ORD-001088,CUST-0213,PROD-0010,2023-12-03,13,5002.92
ORD-001089,CUST-0316,PROD-0001,2023-07-29,19,16144.87
ORD-001090,CUST-0122,PROD-0002,2023-03-13,15,12888.0
ORD-001091,CUST-0079,PROD-0025,2023-08-24,13,4184.7
ORD-001092,CUST-0751,PROD-0044,2023-06-10,16,15914.56
ORD-001093,CUST-0989,PROD-0001,2023-04-16,3,2549.19
ORD-001094,CUST-0702,PROD-0041,2023-02-27,8,4644.48
ORD-001095,CUST-0209,PROD-0001,2023-06-04,12,10196.76
ORD-001096,CUST-0171,PROD-0072,2023-11-16,3,2144.19
ORD-001097,CUST-0936,PROD-0005,2023-06-05,19,16224.29
ORD-001098,CUST-0025,PROD-0031,2023-09-18,8,7834.56
ORD-001099,CUST-0549,PROD-0033,2023-03-04,12,10895.76
ORD-001100,CUST-0823,PROD-0010,2023-07-08,14,5387.76
ORD-001101,CUST-0033,PROD-0026,2023-08-16,18,9930.42
ORD-001102,CUST-0759,PROD-0073,2023-03-31,6,3370.56
ORD-001103,CUST-0357,PROD-0008,2023-02-19,1,675.61
ORD-001104,CUST-0353,PROD-0078,2023-06-03,9,1953.18
ORD-001105,CUST-0102,PROD-0003,2023-10-09,11,4580.62
ORD-001106,CUST-0615,PROD-0001,2023-04-29,11,9347.03
ORD-001107,CUST-0668,PROD-0052,2023-02-09,8,4646.8
ORD-001108,CUST-0436,PROD-0026,2023-08-05,17,9378.73
ORD-001109,CUST-0428,PROD-0067,2023-09-08,4,1076.32
ORD-001110,CUST-0425,PROD-0038,2023-12-10,8,6935.04
ORD-001111,CUST-0107,PROD-0020,2023-05-11,17,8568.34
ORD-001112,CUST-0232,PROD-0057,2023-07-02,7,2269.34
ORD-001113,CUST-0391,PROD-0100,2023-07-28,16,13300.96
ORD-001114,CUST-0817,PROD-0059,2023-06-19,1,385.23
ORD-001115,CUST-0636,PROD-0016,2023-10-02,12,6356.59
ORD-001116,CUST-0003,PROD-0078,2023-06-17,5,1085.1
ORD-001117,CUST-0225,PROD-0068,2023-12-27,10,4920.6
ORD-001118,CUST-0961,PROD-0063,2023-03-14,9,1389.53
ORD-001119,CUST-0971,PROD-0063,2023-12-21,12,1852.7
ORD-001120,CUST-0968,PROD-0074,2023-12-22,10,3105.8
ORD-001121,CUST-0492,PROD-0010,2023-05-16,3,1154.52
ORD-001122,CUST-0367,PROD-0079,2023-03-05,3,205.67
ORD-001123,CUST-0845,PROD-0006,2023-05-10,18,16864.56
ORD-001124,CUST-0991,PROD-0052,2023-04-04,8,4646.8
ORD-001125,CUST-0964,PROD-0037,2023-02-05,1,675.55
ORD-001126,CUST-0246,PROD-0001,2023-06-20,14,11896.22
ORD-001127,CUST-0074,PROD-0050,2023-06-14,1,344.14
ORD-001128,CUST-0212,PROD-0049,2023-09-08,17,16218.17
ORD-001129,CUST-0695,PROD-0092,2023-05-07,6,5893.2
ORD-001130,CUST-0336,PROD-0022,2023-03-17,12,4549.68
ORD-001131,CUST-0821,PROD-0023,2023-12-07,5,3746.45
ORD-001132,CUST-0120,PROD-0005,2023-11-02,11,9393.01
ORD-001133,CUST-0579,PROD-0046,2023-05-19,13,5478.56
ORD-001134,CUST-0755,PROD-0026,2023-04-04,12,6620.28
ORD-001135,CUST-0540,PROD-0091,2023-07-11,12,7074.14
ORD-001136,CUST-0676,PROD-0076,2023-08-04,14,6022.13
ORD-001137,CUST-0336,PROD-0070,2023-03-17,12,10220.4
ORD-001138,CUST-0619,PROD-0088,2023-01-11,8,3597.6
ORD-001139,CUST-0487,PROD-0092,2023-08-17,19,18661.8
ORD-001140,CUST-0679,PROD-0063,2023-05-13,5,771.96
ORD-001141,CUST-0470,PROD-0077,2023-03-03,15,9289.2
ORD-001142,CUST-0688,PROD-0040,2023-12-21,11,5601.31
ORD-001143,CUST-0302,PROD-0051,2023-09-26,1,586.25
ORD-001144,CUST-0892,PROD-0038,2023-11-16,9,7801.92
ORD-001145,CUST-0046,PROD-0024,2023-08-04,13,9444.76
ORD-001146,CUST-0523,PROD-0046,2023-01-04,9,3792.85
ORD-001147,CUST-0764,PROD-0018,2023-03-04,12,2308.92
ORD-001148,CUST-0449,PROD-0014,2023-08-05,3,1092.38
ORD-001149,CUST-0059,PROD-0048,2023-03-09,18,13549.68
ORD-001150,CUST-0305,PROD-0076,2023-03-25,14,6022.13
ORD-001151,CUST-0443,PROD-0097,2023-03-21,4,2123.95
ORD-001152,CUST-0260,PROD-0094,2023-01-16,19,16400.8
ORD-001153,CUST-0987,PROD-0004,2023-10-08,4,3560.04
ORD-001154,CUST-0758,PROD-0015,2023-10-28,11,5454.9
ORD-001155,CUST-0209,PROD-0065,2023-12-28,18,12198.96
ORD-001156,CUST-0862,PROD-0013,2023-01-09,15,8496.0
ORD-001157,CUST-0561,PROD-0070,2023-08-03,18,15330.6
ORD-001158,CUST-0671,PROD-0065,2023-04-03,4,2710.88
ORD-001159,CUST-0537,PROD-0073,2023-08-22,6,3370.56
ORD-001160,CUST-0380,PROD-0068,2023-09-10,14,6888.84
ORD-001161,CUST-0096,PROD-0036,2023-11-08,4,2608.8
ORD-001162,CUST-0734,PROD-0084,2023-07-20,15,6139.62
ORD-001163,CUST-0391,PROD-0067,2023-02-10,2,538.16
ORD-001164,CUST-0002,PROD-0025,2023-02-24,11,3540.9
ORD-001165,CUST-0750,PROD-0091,2023-03-22,2,1179.02
ORD-001166,CUST-0032,PROD-0064,2023-04-22,11,5326.73
ORD-001167,CUST-0355,PROD-0082,2023-08-07,3,949.32
ORD-001168,CUST-0738,PROD-0054,2023-07-03,10,2148.96
ORD-001169,CUST-0802,PROD-0014,2023-09-04,7,2548.9
ORD-001170,CUST-0884,PROD-0020,2023-09-24,16,8064.32
ORD-001171,CUST-0803,PROD-0090,2023-04-16,18,6148.62
ORD-001172,CUST-0384,PROD-0060,2023-12-15,3,1220.4
ORD-001173,CUST-0724,PROD-0064,2023-03-15,13,6295.22
ORD-001174,CUST-0170,PROD-0055,2023-12-03,5,1924.98
ORD-001175,CUST-0400,PROD-0039,2023-12-28,15,3683.7
ORD-001176,CUST-0358,PROD-0054,2023-12-14,7,1504.27
ORD-001177,CUST-0082,PROD-0042,2023-01-21,13,10051.34
ORD-001178,CUST-0689,PROD-0004,2023-04-16,17,15130.17
ORD-001179,CUST-0571,PROD-0037,2023-08-16,5,3377.75
ORD-001180,CUST-0301,PROD-0017,2023-07-26,12,11934.84
ORD-001181,CUST-0336,PROD-0089,2023-06-01,1,678.59
ORD-001182,CUST-0889,PROD-0019,2023-05-02,15,1110.42
ORD-001183,CUST-0419,PROD-0030,2023-10-13,2,1196.14
ORD-001184,CUST-0342,PROD-0049,2023-04-07,9,8586.09
ORD-001185,CUST-0242,PROD-0075,2023-01-20,16,6902.24
ORD-001186,CUST-0741,PROD-0020,2023-05-28,11,5544.22
ORD-001187,CUST-0240,PROD-0082,2023-11-15,3,949.32
ORD-001188,CUST-0554,PROD-0093,2023-03-21,19,16000.85
ORD-001189,CUST-0622,PROD-0051,2023-12-15,15,8793.72
ORD-001190,CUST-0477,PROD-0042,2023-11-22,17,13144.06
ORD-001191,CUST-0735,PROD-0031,2023-11-18,14,13710.48
ORD-001192,CUST-0164,PROD-0092,2023-03-01,11,10804.2
ORD-001193,CUST-0998,PROD-0009,2023-04-06,17,10014.19
ORD-001194,CUST-0711,PROD-0024,2023-11-23,16,11624.32
ORD-001195,CUST-0387,PROD-0067,2023-04-16,3,807.24
ORD-001196,CUST-0712,PROD-0012,2023-11-11,9,8767.71
ORD-001197,CUST-0541,PROD-0049,2023-12-13,19,18126.19
ORD-001198,CUST-0381,PROD-0067,2023-07-04,10,2690.8
ORD-001199,CUST-0919,PROD-0025,2023-03-23,3,965.7
ORD-001200,CUST-0871,PROD-0077,2023-07-10,19,11766.32
ORD-001201,CUST-0213,PROD-0030,2023-03-05,7,4186.49
ORD-001202,CUST-0748,PROD-0014,2023-03-13,18,6554.3
ORD-001203,CUST-0888,PROD-0007,2023-05-07,7,5527.41
ORD-001204,CUST-0672,PROD-0009,2023-10-27,6,3534.42
ORD-001205,CUST-0808,PROD-0072,2023-12-22,17,12150.41
ORD-001206,CUST-0827,PROD-0091,2023-06-15,2,1179.02
ORD-001207,CUST-0720,PROD-0078,2023-08-29,19,4123.38
ORD-001208,CUST-0912,PROD-0039,2023-10-25,10,2455.8
ORD-001209,CUST-0510,PROD-0040,2023-08-03,9,4582.89
ORD-001210,CUST-0696,PROD-0031,2023-02-03,17,16648.44
ORD-001211,CUST-0916,PROD-0002,2023-07-09,3,2577.6
ORD-001212,CUST-0178,PROD-0052,2023-01-19,1,580.85
ORD-001213,CUST-0380,PROD-0062,2023-03-15,12,11177.04
ORD-001214,CUST-0017,PROD-0014,2023-08-10,16,5826.05
ORD-001215,CUST-0349,PROD-0077,2023-04-09,5,3096.4
ORD-001216,CUST-0113,PROD-0033,2023-01-27,5,4539.9
ORD-001217,CUST-0490,PROD-0089,2023-08-30,9,6107.31
ORD-001218,CUST-0585,PROD-0002,2023-12-19,8,6873.6
ORD-001219,CUST-0025,PROD-0015,2023-06-14,9,4463.1
ORD-001220,CUST-0343,PROD-0086,2023-11-01,12,1619.28
ORD-001221,CUST-0776,PROD-0041,2023-11-02,2,1161.12
ORD-001222,CUST-0967,PROD-0013,2023-11-08,9,5097.6
ORD-001223,CUST-0822,PROD-0098,2023-03-01,9,4917.06
ORD-001224,CUST-0209,PROD-0051,2023-02-01,3,1758.74
ORD-001225,CUST-0072,PROD-0096,2023-04-21,13,4423.54
ORD-001226,CUST-0411,PROD-0082,2023-09-07,7,2215.08
ORD-001227,CUST-0079,PROD-0100,2023-01-13,13,10807.03
ORD-001228,CUST-0808,PROD-0099,2023-11-08,18,6122.16
ORD-001229,CUST-0821,PROD-0050,2023-11-08,14,4817.96
ORD-001230,CUST-0120,PROD-0058,2023-04-23,16,7929.12
ORD-001231,CUST-0367,PROD-0029,2023-03-29,10,3928.44
ORD-001232,CUST-0830,PROD-0055,2023-04-10,8,3079.97
ORD-001233,CUST-0602,PROD-0022,2023-06-05,15,5687.1
ORD-001234,CUST-0284,PROD-0063,2023-09-25,19,2933.45
ORD-001235,CUST-0445,PROD-0082,2023-12-31,5,1582.2
ORD-001236,CUST-0847,PROD-0080,2023-07-22,16,10165.44
ORD-001237,CUST-0195,PROD-0052,2023-11-01,11,6389.35
ORD-001238,CUST-0962,PROD-0039,2023-07-31,13,3192.54
ORD-001239,CUST-0921,PROD-0009,2023-09-02,8,4712.56
ORD-001240,CUST-0717,PROD-0064,2023-11-30,8,3873.98
ORD-001241,CUST-0763,PROD-0011,2023-07-04,17,16002.61
ORD-001242,CUST-0869,PROD-0076,2023-08-24,17,7312.58
ORD-001243,CUST-0083,PROD-0015,2023-12-23,5,2479.5
ORD-001244,CUST-0548,PROD-0057,2023-09-22,12,3890.3
ORD-001245,CUST-0356,PROD-0008,2023-02-14,13,8782.93
ORD-001246,CUST-0859,PROD-0007,2023-05-25,17,13423.71
ORD-001247,CUST-0398,PROD-0015,2023-04-18,4,1983.6
ORD-001248,CUST-0887,PROD-0034,2023-01-14,14,6239.94
ORD-001249,CUST-0133,PROD-0020,2023-07-29,19,9576.38
ORD-001250,CUST-0632,PROD-0066,2023-01-21,3,1770.77
ORD-001251,CUST-0812,PROD-0085,2023-02-17,2,1777.76
ORD-001252,CUST-0846,PROD-0033,2023-11-09,7,6355.86
ORD-001253,CUST-0228,PROD-0041,2023-01-10,10,5805.6
ORD-001254,CUST-0351,PROD-0079,2023-04-06,1,68.56
ORD-001255,CUST-0152,PROD-0022,2023-05-24,7,2653.98
ORD-001256,CUST-0364,PROD-0005,2023-12-05,13,11100.83
ORD-001257,CUST-0029,PROD-0019,2023-02-10,12,888.34
ORD-001258,CUST-0367,PROD-0023,2023-09-16,4,2997.16
ORD-001259,CUST-0189,PROD-0008,2023-02-03,9,6080.49
ORD-001260,CUST-0971,PROD-0027,2023-09-09,5,2726.1
ORD-001261,CUST-0271,PROD-0072,2023-10-12,17,12150.41
ORD-001262,CUST-0739,PROD-0084,2023-06-20,7,2865.16
ORD-001263,CUST-0657,PROD-0033,2023-11-19,7,6355.86
ORD-001264,CUST-0808,PROD-0011,2023-04-22,1,941.33
ORD-001265,CUST-0317,PROD-0040,2023-03-26,17,8656.57
ORD-001266,CUST-0727,PROD-0057,2023-05-14,11,3566.11
ORD-001267,CUST-0314,PROD-0047,2023-11-28,16,14173.12
ORD-001268,CUST-0337,PROD-0034,2023-03-22,13,5794.23
ORD-001269,CUST-0517,PROD-0079,2023-11-23,5,342.78
ORD-001270,CUST-0128,PROD-0045,2023-10-01,8,3844.4
ORD-001271,CUST-0741,PROD-0044,2023-03-07,19,18898.54
ORD-001272,CUST-0646,PROD-0059,2023-08-16,11,4237.53
ORD-001273,CUST-0971,PROD-0036,2023-03-20,17,11087.4
ORD-001274,CUST-0650,PROD-0011,2023-05-05,14,13178.62
ORD-001275,CUST-0539,PROD-0092,2023-05-27,7,6875.4
ORD-001276,CUST-0647,PROD-0004,2023-06-08,19,16910.19
ORD-001277,CUST-0414,PROD-0040,2023-12-29,17,8656.57
ORD-001278,CUST-0972,PROD-0073,2023-09-27,14,7864.64
ORD-001279,CUST-0163,PROD-0045,2023-12-13,5,2402.75
ORD-001280,CUST-0912,PROD-0099,2023-12-08,2,680.24
ORD-001281,CUST-0013,PROD-0001,2023-05-03,12,10196.76
ORD-001282,CUST-0672,PROD-0029,2023-01-30,13,5106.97
ORD-001283,CUST-0064,PROD-0033,2023-04-11,12,10895.76
ORD-001284,CUST-0030,PROD-0017,2023-07-17,11,10940.27
ORD-001285,CUST-0527,PROD-0067,2023-09-21,17,4574.36
ORD-001286,CUST-0194,PROD-0077,2023-12-08,15,9289.2
ORD-001287,CUST-0761,PROD-0008,2023-04-24,3,2026.83
ORD-001288,CUST-0292,PROD-0052,2023-08-13,8,4646.8
ORD-001289,CUST-0725,PROD-0026,2023-04-10,17,9378.73
ORD-001290,CUST-0256,PROD-0049,2023-06-15,16,15264.16
ORD-001291,CUST-0582,PROD-0078,2023-03-22,4,868.08
ORD-001292,CUST-0614,PROD-0010,2023-02-23,4,1539.36
ORD-001293,CUST-0453,PROD-0092,2023-05-11,5,4911.0
ORD-001294,CUST-0618,PROD-0044,2023-02-16,2,1989.32
ORD-001295,CUST-0859,PROD-0003,2023-12-26,17,7079.14
ORD-001296,CUST-0907,PROD-0098,2023-02-14,17,9287.78
ORD-001297,CUST-0324,PROD-0082,2023-02-22,17,5379.48
ORD-001298,CUST-0911,PROD-0034,2023-09-19,2,891.42
ORD-001299,CUST-0261,PROD-0001,2023-04-25,12,10196.76
ORD-001300,CUST-0633,PROD-0084,2023-04-30,11,4502.39
ORD-001301,CUST-0652,PROD-0021,2023-03-16,3,585.75
ORD-001302,CUST-0187,PROD-0006,2023-09-05,6,5621.52
ORD-001303,CUST-0368,PROD-0062,2023-09-19,19,17696.98
ORD-001304,CUST-0852,PROD-0031,2023-08-11,13,12731.16
ORD-001305,CUST-0194,PROD-0067,2023-11-19,4,1076.32
ORD-001306,CUST-0390,PROD-0027,2023-08-05,16,8723.52
ORD-001307,CUST-0107,PROD-0008,2023-08-23,11,7431.71
ORD-001308,CUST-0606,PROD-0025,2023-05-21,10,3219.0
ORD-001309,CUST-0744,PROD-0089,2023-02-10,17,11536.03
ORD-001310,CUST-0027,PROD-0040,2023-03-06,16,8147.36
ORD-001311,CUST-0970,PROD-0074,2023-07-17,17,5279.86
ORD-001312,CUST-0358,PROD-0066,2023-07-24,3,1770.77
ORD-001313,CUST-0890,PROD-0002,2023-04-13,19,16324.8
ORD-001314,CUST-0033,PROD-0050,2023-08-20,18,6194.52
ORD-001315,CUST-0947,PROD-0064,2023-04-21,8,3873.98
ORD-001316,CUST-0792,PROD-0070,2023-08-24,8,6813.6
ORD-001317,CUST-0890,PROD-0063,2023-02-01,15,2315.88
ORD-001318,CUST-0043,PROD-0030,2023-11-03,15,8971.05
ORD-001319,CUST-0341,PROD-0019,2023-06-01,2,148.06
ORD-001320,CUST-0377,PROD-0084,2023-01-20,8,3274.46
ORD-001321,CUST-0508,PROD-0100,2023-04-20,15,12469.65
ORD-001322,CUST-0896,PROD-0064,2023-09-29,11,5326.73
ORD-001323,CUST-0287,PROD-0025,2023-08-05,18,5794.2
ORD-001324,CUST-0536,PROD-0020,2023-10-18,3,1512.06
ORD-001325,CUST-0070,PROD-0008,2023-08-28,2,1351.22
ORD-001326,CUST-0766,PROD-0050,2023-09-17,7,2408.98
ORD-001327,CUST-0974,PROD-0040,2023-08-11,9,4582.89
ORD-001328,CUST-0104,PROD-0009,2023-01-10,5,2945.35
ORD-001329,CUST-0944,PROD-0041,2023-04-19,19,11030.64
ORD-001330,CUST-0549,PROD-0040,2023-07-14,12,6110.52
ORD-001331,CUST-0726,PROD-0036,2023-03-22,6,3913.2
ORD-001332,CUST-0889,PROD-0076,2023-03-20,3,1290.46
ORD-001333,CUST-0639,PROD-0013,2023-10-20,7,3964.8
ORD-001334,CUST-0134,PROD-0097,2023-08-22,11,5840.87
ORD-001335,CUST-0837,PROD-0098,2023-11-04,9,4917.06
ORD-001336,CUST-0030,PROD-0002,2023-09-01,16,13747.2
ORD-001337,CUST-0086,PROD-0024,2023-12-12,13,9444.76
ORD-001338,CUST-0019,PROD-0083,2023-06-23,16,8073.22
ORD-001339,CUST-0488,PROD-0005,2023-01-03,12,10246.92
ORD-001340,CUST-0861,PROD-0075,2023-05-30,2,862.78
ORD-001341,CUST-0159,PROD-0066,2023-10-02,18,10624.61
ORD-001342,CUST-0055,PROD-0051,2023-01-26,4,2344.99
ORD-001343,CUST-0860,PROD-0034,2023-11-11,10,4457.1
ORD-001344,CUST-0235,PROD-0025,2023-09-30,12,3862.8
ORD-001345,CUST-0284,PROD-0077,2023-09-27,7,4334.96
ORD-001346,CUST-0746,PROD-0055,2023-08-30,4,1539.98
ORD-001347,CUST-0401,PROD-0079,2023-01-03,10,685.56
ORD-001348,CUST-0498,PROD-0090,2023-09-15,15,5123.85
ORD-001349,CUST-0429,PROD-0070,2023-05-06,7,5961.9
ORD-001350,CUST-0485,PROD-0028,2023-12-31,16,10297.76
ORD-001351,CUST-0555,PROD-0018,2023-05-16,9,1731.69
ORD-001352,CUST-0543,PROD-0098,2023-01-03,1,546.34
ORD-001353,CUST-0791,PROD-0008,2023-09-26,9,6080.49
ORD-001354,CUST-0810,PROD-0060,2023-05-03,18,7322.4
ORD-001355,CUST-0328,PROD-0003,2023-04-24,8,3331.36
ORD-001356,CUST-0159,PROD-0100,2023-03-29,14,11638.34
ORD-001357,CUST-0097,PROD-0067,2023-03-07,11,2959.88
ORD-001358,CUST-0044,PROD-0043,2023-07-23,11,690.03
ORD-001359,CUST-0202,PROD-0001,2023-07-18,10,8497.3
ORD-001360,CUST-0180,PROD-0030,2023-03-30,7,4186.49
ORD-001361,CUST-0638,PROD-0096,2023-09-10,11,3742.99
ORD-001362,CUST-0436,PROD-0062,2023-11-27,2,1862.84
ORD-001363,CUST-0341,PROD-0087,2023-03-26,8,4698.32
ORD-001364,CUST-0041,PROD-0029,2023-08-11,13,5106.97
ORD-001365,CUST-0481,PROD-0088,2023-03-22,10,4497.0
ORD-001366,CUST-0021,PROD-0097,2023-07-27,13,6902.84
ORD-001367,CUST-0694,PROD-0036,2023-06-19,6,3913.2
ORD-001368,CUST-0959,PROD-0023,2023-10-23,15,11239.35
ORD-001369,CUST-0514,PROD-0071,2023-10-02,10,3108.24
ORD-001370,CUST-0420,PROD-0032,2023-09-29,12,5964.12
ORD-001371,CUST-0688,PROD-0037,2023-01-21,19,12835.45
ORD-001372,CUST-0218,PROD-0048,2023-10-28,12,9033.12
ORD-001373,CUST-0525,PROD-0095,2023-04-01,3,1739.02
ORD-001374,CUST-0750,PROD-0012,2023-06-16,8,7793.52
ORD-001375,CUST-0214,PROD-0076,2023-10-31,16,6882.43
ORD-001376,CUST-0543,PROD-0005,2023-08-12,8,6831.28
ORD-001377,CUST-0901,PROD-0078,2023-08-10,2,434.04
ORD-001378,CUST-0726,PROD-0057,2023-04-13,4,1296.77
ORD-001379,CUST-0183,PROD-0032,2023-08-01,8,3976.08
ORD-001380,CUST-0087,PROD-0080,2023-07-23,19,12071.46
ORD-001381,CUST-0634,PROD-0001,2023-06-05,17,14445.41
ORD-001382,CUST-0404,PROD-0051,2023-01-01,8,4689.98
ORD-001383,CUST-0318,PROD-0036,2023-10-06,13,8478.6
ORD-001384,CUST-0500,PROD-0027,2023-05-16,15,8178.3
ORD-001385,CUST-0138,PROD-0045,2023-06-05,18,8649.9
ORD-001386,CUST-0557,PROD-0038,2023-09-20,10,8668.8
ORD-001387,CUST-0528,PROD-0100,2023-09-18,17,14132.27
ORD-001388,CUST-0968,PROD-0064,2023-07-28,7,3389.74
ORD-001389,CUST-0878,PROD-0003,2023-07-29,16,6662.72
ORD-001390,CUST-0850,PROD-0031,2023-06-15,6,5875.92
ORD-001391,CUST-0888,PROD-0078,2023-01-30,5,1085.1
ORD-001392,CUST-0442,PROD-0030,2023-04-11,18,10765.26
ORD-001393,CUST-0636,PROD-0050,2023-12-02,3,1032.42
ORD-001394,CUST-0770,PROD-0063,2023-12-15,19,2933.45
ORD-001395,CUST-0719,PROD-0057,2023-01-19,7,2269.34
ORD-001396,CUST-0635,PROD-0087,2023-05-14,8,4698.32
ORD-001397,CUST-0258,PROD-0021,2023-12-02,17,3319.25
ORD-001398,CUST-0468,PROD-0029,2023-03-18,1,392.84
ORD-001399,CUST-0641,PROD-0017,2023-03-14,4,3978.28
ORD-001400,CUST-0900,PROD-0032,2023-10-26,16,7952.16
ORD-001401,CUST-0816,PROD-0060,2023-11-12,18,7322.4
ORD-001402,CUST-0092,PROD-0028,2023-07-03,17,10941.37
ORD-001403,CUST-0511,PROD-0010,2023-09-16,4,1539.36
ORD-001404,CUST-0287,PROD-0084,2023-10-19,13,5321.0
ORD-001405,CUST-0599,PROD-0054,2023-05-09,18,3868.13
ORD-001406,CUST-0164,PROD-0027,2023-09-25,4,2180.88
ORD-001407,CUST-0162,PROD-0015,2023-09-01,4,1983.6
ORD-001408,CUST-0953,PROD-0005,2023-06-02,3,2561.73
ORD-001409,CUST-0197,PROD-0004,2023-09-03,3,2670.03
ORD-001410,CUST-0579,PROD-0050,2023-07-22,15,5162.1
ORD-001411,CUST-0777,PROD-0046,2023-03-06,17,7164.28
ORD-001412,CUST-0089,PROD-0056,2023-10-15,16,6596.16
ORD-001413,CUST-0478,PROD-0022,2023-06-17,11,4170.54
ORD-001414,CUST-0228,PROD-0053,2023-09-05,18,17652.96
ORD-001415,CUST-0842,PROD-0021,2023-11-24,3,585.75
ORD-001416,CUST-0965,PROD-0083,2023-06-21,1,504.58
ORD-001417,CUST-0004,PROD-0100,2023-01-14,6,4987.86
ORD-001418,CUST-0429,PROD-0041,2023-03-22,7,4063.92
ORD-001419,CUST-0705,PROD-0045,2023-11-22,1,480.55
ORD-001420,CUST-0671,PROD-0033,2023-10-26,16,14527.68
ORD-001421,CUST-0173,PROD-0022,2023-12-28,8,3033.12
ORD-001422,CUST-0676,PROD-0087,2023-08-03,16,9396.64
ORD-001423,CUST-0420,PROD-0029,2023-06-05,14,5499.82
ORD-001424,CUST-0525,PROD-0079,2023-11-14,6,411.34
ORD-001425,CUST-0665,PROD-0087,2023-08-05,1,587.29
ORD-001426,CUST-0137,PROD-0094,2023-04-14,10,8632.0
ORD-001427,CUST-0963,PROD-0026,2023-10-15,10,5516.9
ORD-001428,CUST-0216,PROD-0071,2023-01-11,2,621.65
ORD-001429,CUST-0446,PROD-0077,2023-09-21,6,3715.68
ORD-001430,CUST-0680,PROD-0095,2023-04-05,10,5796.72
ORD-001431,CUST-0699,PROD-0001,2023-05-22,12,10196.76
ORD-001432,CUST-0289,PROD-0080,2023-06-01,3,1906.02
ORD-001433,CUST-0965,PROD-0085,2023-05-26,3,2666.64
ORD-001434,CUST-0370,PROD-0082,2023-01-19,12,3797.28
ORD-001435,CUST-0628,PROD-0051,2023-02-22,1,586.25
ORD-001436,CUST-0711,PROD-0038,2023-09-14,5,4334.4
ORD-001437,CUST-0090,PROD-0095,2023-11-07,15,8695.08
ORD-001438,CUST-0721,PROD-0019,2023-10-12,6,444.17
ORD-001439,CUST-0524,PROD-0016,2023-04-26,9,4767.44
ORD-001440,CUST-0352,PROD-0025,2023-11-19,19,6116.1
ORD-001441,CUST-0023,PROD-0086,2023-08-07,2,269.88
ORD-001442,CUST-0465,PROD-0014,2023-02-20,10,3641.28
ORD-001443,CUST-0462,PROD-0061,2023-09-11,8,6778.64
ORD-001444,CUST-0410,PROD-0059,2023-12-20,14,5393.22
ORD-001445,CUST-0690,PROD-0089,2023-12-11,6,4071.54
ORD-001446,CUST-0011,PROD-0008,2023-10-29,12,8107.32
ORD-001447,CUST-0652,PROD-0018,2023-11-10,14,2693.74
ORD-001448,CUST-0399,PROD-0030,2023-08-22,18,10765.26
ORD-001449,CUST-0548,PROD-0038,2023-12-16,4,3467.52
ORD-001450,CUST-0469,PROD-0010,2023-10-26,14,5387.76
ORD-001451,CUST-0507,PROD-0002,2023-01-22,18,15465.6
ORD-001452,CUST-0638,PROD-0071,2023-09-19,17,5284.01
ORD-001453,CUST-0808,PROD-0043,2023-07-04,17,1066.41
ORD-001454,CUST-0586,PROD-0002,2023-04-04,12,10310.4
ORD-001455,CUST-0904,PROD-0093,2023-07-16,8,6737.2
ORD-001456,CUST-0800,PROD-0054,2023-11-23,10,2148.96
ORD-001457,CUST-0140,PROD-0041,2023-02-08,15,8708.4
ORD-001458,CUST-0185,PROD-0055,2023-01-21,17,6544.93
ORD-001459,CUST-0847,PROD-0008,2023-11-12,17,11485.37
ORD-001460,CUST-0114,PROD-0087,2023-06-19,17,9983.93
ORD-001461,CUST-0392,PROD-0025,2023-01-28,12,3862.8
ORD-001462,CUST-0514,PROD-0065,2023-12-09,10,6777.2
ORD-001463,CUST-0288,PROD-0092,2023-07-05,4,3928.8
ORD-001464,CUST-0349,PROD-0028,2023-04-20,11,7079.71
ORD-001465,CUST-0818,PROD-0004,2023-04-03,18,16020.18
ORD-001466,CUST-0014,PROD-0045,2023-12-15,19,9130.45
ORD-001467,CUST-0154,PROD-0036,2023-12-07,17,11087.4
ORD-001468,CUST-0299,PROD-0089,2023-11-03,7,4750.13
ORD-001469,CUST-0776,PROD-0028,2023-06-14,19,12228.59
ORD-001470,CUST-0032,PROD-0095,2023-09-09,14,8115.41
ORD-001471,CUST-0518,PROD-0039,2023-02-21,19,4666.02
ORD-001472,CUST-0988,PROD-0070,2023-02-14,4,3406.8
ORD-001473,CUST-0768,PROD-0011,2023-04-20,13,12237.29
ORD-001474,CUST-0722,PROD-0013,2023-11-30,18,10195.2
ORD-001475,CUST-0737,PROD-0030,2023-06-26,11,6578.77
ORD-001476,CUST-0760,PROD-0061,2023-05-08,10,8473.3
ORD-001477,CUST-0703,PROD-0083,2023-02-10,2,1009.15
ORD-001478,CUST-0849,PROD-0047,2023-10-08,10,8858.2
ORD-001479,CUST-0966,PROD-0028,2023-01-22,17,10941.37
ORD-001480,CUST-0425,PROD-0017,2023-04-01,11,10940.27
ORD-001481,CUST-0121,PROD-0014,2023-05-30,19,6918.43
ORD-001482,CUST-0913,PROD-0001,2023-12-15,11,9347.03
ORD-001483,CUST-0486,PROD-0007,2023-09-25,15,11844.45
ORD-001484,CUST-0968,PROD-0082,2023-12-31,2,632.88
ORD-001485,CUST-0632,PROD-0086,2023-09-01,16,2159.04
ORD-001486,CUST-0413,PROD-0077,2023-01-09,11,6812.08
ORD-001487,CUST-0050,PROD-0063,2023-12-13,17,2624.66
ORD-001488,CUST-0483,PROD-0004,2023-03-29,6,5340.06
ORD-001489,CUST-0906,PROD-0047,2023-05-12,16,14173.12
ORD-001490,CUST-0786,PROD-0030,2023-09-27,14,8372.98
ORD-001491,CUST-0366,PROD-0087,2023-12-07,5,2936.45
ORD-001492,CUST-0965,PROD-0007,2023-01-20,19,15002.97
ORD-001493,CUST-0097,PROD-0056,2023-08-05,10,4122.6
ORD-001494,CUST-0909,PROD-0002,2023-08-15,16,13747.2
ORD-001495,CUST-0054,PROD-0004,2023-08-10,18,16020.18
ORD-001496,CUST-0438,PROD-0087,2023-11-25,6,3523.74
ORD-001497,CUST-0379,PROD-0008,2023-03-29,16,10809.76
ORD-001498,CUST-0583,PROD-0080,2023-09-20,7,4447.38
ORD-001499,CUST-0520,PROD-0026,2023-05-31,12,6620.28
ORD-001500,CUST-0370,PROD-0013,2023-02-05,9,5097.6
ORD-001501,CUST-0598,PROD-0081,2023-01-04,6,1474.63
ORD-001502,CUST-0808,PROD-0083,2023-11-09,14,7064.06
ORD-001503,CUST-0209,PROD-0039,2023-09-01,15,3683.7
ORD-001504,CUST-0853,PROD-0100,2023-10-14,5,4156.55
ORD-001505,CUST-0693,PROD-0034,2023-03-28,15,6685.65
ORD-001506,CUST-0709,PROD-0075,2023-06-29,8,3451.12
ORD-001507,CUST-0988,PROD-0048,2023-05-21,8,6022.08
ORD-001508,CUST-0242,PROD-0081,2023-12-06,9,2211.95
ORD-001509,CUST-0903,PROD-0006,2023-12-17,9,8432.28
ORD-001510,CUST-0080,PROD-0073,2023-03-19,1,561.76
ORD-001511,CUST-0683,PROD-0054,2023-05-21,10,2148.96
ORD-001512,CUST-0524,PROD-0062,2023-04-27,14,13039.88
ORD-001513,CUST-0132,PROD-0050,2023-03-24,11,3785.54
ORD-001514,CUST-0516,PROD-0029,2023-07-01,7,2749.91
ORD-001515,CUST-0290,PROD-0057,2023-05-29,6,1945.15
ORD-001516,CUST-0069,PROD-0023,2023-11-26,8,5994.32
ORD-001517,CUST-0672,PROD-0062,2023-08-21,1,931.42
ORD-001518,CUST-0174,PROD-0021,2023-09-10,13,2538.25
ORD-001519,CUST-0280,PROD-0097,2023-11-20,1,530.99
ORD-001520,CUST-0777,PROD-0096,2023-04-01,4,1361.09
ORD-001521,CUST-0149,PROD-0081,2023-11-25,1,245.77
ORD-001522,CUST-0097,PROD-0079,2023-09-27,2,137.11
ORD-001523,CUST-0324,PROD-0040,2023-11-14,5,2546.05
ORD-001524,CUST-0782,PROD-0041,2023-05-18,10,5805.6
ORD-001525,CUST-0493,PROD-0100,2023-08-14,10,8313.1
ORD-001526,CUST-0822,PROD-0015,2023-10-31,6,2975.4
ORD-001527,CUST-0061,PROD-0066,2023-08-03,5,2951.28
ORD-001528,CUST-0722,PROD-0024,2023-11-02,9,6538.68
ORD-001529,CUST-0048,PROD-0024,2023-02-26,13,9444.76
ORD-001530,CUST-0448,PROD-0076,2023-07-29,16,6882.43
ORD-001531,CUST-0170,PROD-0085,2023-09-14,11,9777.68
ORD-001532,CUST-0971,PROD-0081,2023-04-29,15,3686.58
ORD-001533,CUST-0396,PROD-0053,2023-05-07,12,11768.64
ORD-001534,CUST-0719,PROD-0057,2023-06-03,13,4214.5
ORD-001535,CUST-0988,PROD-0045,2023-05-14,12,5766.6
ORD-001536,CUST-0854,PROD-0036,2023-05-09,18,11739.6
ORD-001537,CUST-0176,PROD-0012,2023-11-09,7,6819.33
ORD-001538,CUST-0100,PROD-0047,2023-07-17,18,15944.76
ORD-001539,CUST-0668,PROD-0013,2023-05-12,17,9628.8
ORD-001540,CUST-0610,PROD-0077,2023-05-22,11,6812.08
ORD-001541,CUST-0954,PROD-0073,2023-04-08,14,7864.64
ORD-001542,CUST-0760,PROD-0086,2023-11-12,19,2563.86
ORD-001543,CUST-0582,PROD-0015,2023-10-25,6,2975.4
ORD-001544,CUST-0011,PROD-0025,2023-02-23,19,6116.1
ORD-001545,CUST-0820,PROD-0029,2023-04-14,8,3142.75
ORD-001546,CUST-0452,PROD-0054,2023-06-03,7,1504.27
ORD-001547,CUST-0549,PROD-0061,2023-10-22,10,8473.3
ORD-001548,CUST-0046,PROD-0087,2023-01-25,9,5285.61
ORD-001549,CUST-0567,PROD-0094,2023-06-07,1,863.2
ORD-001550,CUST-0047,PROD-0090,2023-08-22,11,3757.49
ORD-001551,CUST-0541,PROD-0079,2023-05-10,17,1165.45
ORD-001552,CUST-0189,PROD-0087,2023-07-10,19,11158.51
ORD-001553,CUST-0421,PROD-0082,2023-08-19,5,1582.2
ORD-001554,CUST-0016,PROD-0021,2023-03-11,6,1171.5
ORD-001555,CUST-0170,PROD-0017,2023-01-06,17,16907.69
ORD-001556,CUST-0213,PROD-0002,2023-08-05,18,15465.6
ORD-001557,CUST-0205,PROD-0034,2023-10-11,9,4011.39
ORD-001558,CUST-0745,PROD-0049,2023-10-04,15,14310.15
ORD-001559,CUST-0355,PROD-0046,2023-02-23,18,7585.7
ORD-001560,CUST-0888,PROD-0094,2023-07-26,7,6042.4
ORD-001561,CUST-0452,PROD-0091,2023-12-31,14,8253.17
ORD-001562,CUST-0014,PROD-0044,2023-07-11,2,1989.32
ORD-001563,CUST-0056,PROD-0078,2023-09-01,10,2170.2
ORD-001564,CUST-0119,PROD-0038,2023-07-07,10,8668.8
ORD-001565,CUST-0239,PROD-0100,2023-02-12,18,14963.58
ORD-001566,CUST-0259,PROD-0010,2023-12-09,16,6157.44
ORD-001567,CUST-0213,PROD-0078,2023-01-25,7,1519.14
ORD-001568,CUST-0112,PROD-0093,2023-04-02,18,15158.7
ORD-001569,CUST-0365,PROD-0022,2023-04-26,14,5307.96
ORD-001570,CUST-0813,PROD-0090,2023-07-01,18,6148.62
ORD-001571,CUST-0040,PROD-0062,2023-07-20,15,13971.3
ORD-001572,CUST-0678,PROD-0098,2023-07-03,8,4370.72
ORD-001573,CUST-0298,PROD-0076,2023-02-10,14,6022.13
ORD-001574,CUST-0428,PROD-0069,2023-01-17,16,7702.85
ORD-001575,CUST-0510,PROD-0003,2023-10-09,18,7495.56
ORD-001576,CUST-0129,PROD-0087,2023-06-08,2,1174.58
ORD-001577,CUST-0260,PROD-0095,2023-10-20,8,4637.38
ORD-001578,CUST-0541,PROD-0066,2023-11-03,6,3541.54
ORD-001579,CUST-0445,PROD-0064,2023-01-14,14,6779.47
ORD-001580,CUST-0682,PROD-0053,2023-08-23,1,980.72
ORD-001581,CUST-0547,PROD-0046,2023-05-27,7,2950.0
ORD-001582,CUST-0101,PROD-0036,2023-11-08,13,8478.6
ORD-001583,CUST-0453,PROD-0071,2023-10-31,19,5905.66
ORD-001584,CUST-0041,PROD-0047,2023-10-27,5,4429.1
ORD-001585,CUST-0422,PROD-0027,2023-06-18,10,5452.2
ORD-001586,CUST-0816,PROD-0006,2023-03-22,12,11243.04
ORD-001587,CUST-0909,PROD-0001,2023-07-15,4,3398.92
ORD-001588,CUST-0957,PROD-0013,2023-06-18,1,566.4
ORD-001589,CUST-0488,PROD-0060,2023-09-30,19,7729.2
ORD-001590,CUST-0804,PROD-0070,2023-06-30,19,16182.3
ORD-001591,CUST-0721,PROD-0006,2023-10-09,12,11243.04
ORD-001592,CUST-0078,PROD-0025,2023-09-30,18,5794.2
ORD-001593,CUST-0004,PROD-0027,2023-02-05,1,545.22
ORD-001594,CUST-0311,PROD-0003,2023-04-29,16,6662.72
ORD-001595,CUST-0151,PROD-0018,2023-12-14,17,3270.97
ORD-001596,CUST-0415,PROD-0053,2023-02-04,12,11768.64
ORD-001597,CUST-0253,PROD-0050,2023-05-04,19,6538.66
ORD-001598,CUST-0758,PROD-0022,2023-09-27,16,6066.24
ORD-001599,CUST-0100,PROD-0057,2023-03-03,1,324.19
ORD-001600,CUST-0493,PROD-0077,2023-10-30,7,4334.96
ORD-001601,CUST-0206,PROD-0045,2023-01-21,13,6247.15
ORD-001602,CUST-0809,PROD-0049,2023-09-27,10,9540.1
ORD-001603,CUST-0774,PROD-0005,2023-05-20,17,14516.47
ORD-001604,CUST-0315,PROD-0045,2023-06-13,3,1441.65
ORD-001605,CUST-0152,PROD-0028,2023-09-30,17,10941.37
ORD-001606,CUST-0616,PROD-0056,2023-03-19,9,3710.34
ORD-001607,CUST-0246,PROD-0029,2023-01-20,3,1178.53
ORD-001608,CUST-0112,PROD-0084,2023-10-04,6,2455.85
ORD-001609,CUST-0940,PROD-0063,2023-12-02,3,463.18
ORD-001610,CUST-0961,PROD-0012,2023-03-14,4,3896.76
ORD-001611,CUST-0763,PROD-0034,2023-12-28,19,8468.49
ORD-001612,CUST-0609,PROD-0057,2023-05-21,9,2917.73
ORD-001613,CUST-0862,PROD-0050,2023-11-19,6,2064.84
ORD-001614,CUST-0761,PROD-0093,2023-08-26,1,842.15
ORD-001615,CUST-0625,PROD-0070,2023-03-18,2,1703.4
ORD-001616,CUST-0497,PROD-0015,2023-08-10,11,5454.9
ORD-001617,CUST-0708,PROD-0042,2023-03-05,16,12370.88
ORD-001618,CUST-0485,PROD-0032,2023-08-31,5,2485.05
ORD-001619,CUST-0589,PROD-0040,2023-05-15,8,4073.68
ORD-001620,CUST-0430,PROD-0088,2023-11-17,7,3147.9
ORD-001621,CUST-0479,PROD-0006,2023-10-11,18,16864.56
ORD-001622,CUST-0882,PROD-0083,2023-01-10,7,3532.03
ORD-001623,CUST-0466,PROD-0093,2023-04-10,11,9263.65
ORD-001624,CUST-0282,PROD-0054,2023-03-07,18,3868.13
ORD-001625,CUST-0779,PROD-0074,2023-03-01,17,5279.86
ORD-001626,CUST-0682,PROD-0016,2023-04-01,4,2118.86
ORD-001627,CUST-0689,PROD-0034,2023-05-09,17,7577.07
ORD-001628,CUST-0641,PROD-0020,2023-12-28,8,4032.16
ORD-001629,CUST-0700,PROD-0056,2023-07-10,2,824.52
ORD-001630,CUST-0445,PROD-0078,2023-09-11,14,3038.28
ORD-001631,CUST-0377,PROD-0027,2023-02-07,17,9268.74
ORD-001632,CUST-0528,PROD-0068,2023-09-08,1,492.06
ORD-001633,CUST-0514,PROD-0076,2023-08-02,11,4731.67
ORD-001634,CUST-0045,PROD-0054,2023-12-17,18,3868.13
ORD-001635,CUST-0155,PROD-0064,2023-05-17,18,8716.46
ORD-001636,CUST-0489,PROD-0016,2023-03-02,1,529.72
ORD-001637,CUST-0924,PROD-0020,2023-05-03,18,9072.36
ORD-001638,CUST-0781,PROD-0019,2023-07-27,17,1258.48
ORD-001639,CUST-0715,PROD-0028,2023-02-09,12,7723.32
ORD-001640,CUST-0604,PROD-0093,2023-03-25,7,5895.05
ORD-001641,CUST-0436,PROD-0075,2023-09-05,3,1294.17
ORD-001642,CUST-0537,PROD-0083,2023-04-14,10,5045.76
ORD-001643,CUST-0296,PROD-0075,2023-05-31,10,4313.9
ORD-001644,CUST-0667,PROD-0032,2023-04-04,15,7455.15
ORD-001645,CUST-0083,PROD-0066,2023-04-20,15,8853.84
ORD-001646,CUST-0749,PROD-0040,2023-12-15,1,509.21
ORD-001647,CUST-0814,PROD-0010,2023-09-07,14,5387.76
ORD-001648,CUST-0396,PROD-0001,2023-08-12,10,8497.3
ORD-001649,CUST-0583,PROD-0067,2023-05-04,3,807.24
ORD-001650,CUST-0282,PROD-0053,2023-05-10,13,12749.36
ORD-001651,CUST-0980,PROD-0006,2023-01-29,15,14053.8
ORD-001652,CUST-0507,PROD-0027,2023-08-06,14,7633.08
ORD-001653,CUST-0915,PROD-0017,2023-03-04,5,4972.85
ORD-001654,CUST-0436,PROD-0040,2023-05-31,17,8656.57
ORD-001655,CUST-0350,PROD-0020,2023-10-08,11,5544.22
ORD-001656,CUST-0690,PROD-0043,2023-09-01,4,250.92
ORD-001657,CUST-0369,PROD-0060,2023-08-21,19,7729.2
ORD-001658,CUST-0779,PROD-0048,2023-09-09,15,11291.4
ORD-001659,CUST-0302,PROD-0050,2023-06-20,13,4473.82
ORD-001660,CUST-0836,PROD-0037,2023-01-19,11,7431.05
ORD-001661,CUST-0734,PROD-0072,2023-11-23,4,2858.92
ORD-001662,CUST-0548,PROD-0048,2023-07-19,1,752.76
ORD-001663,CUST-0410,PROD-0077,2023-04-01,11,6812.08
ORD-001664,CUST-0267,PROD-0061,2023-12-03,18,15251.94
ORD-001665,CUST-0728,PROD-0055,2023-08-14,12,4619.95
ORD-001666,CUST-0538,PROD-0034,2023-07-18,17,7577.07
ORD-001667,CUST-0813,PROD-0077,2023-04-08,13,8050.64
ORD-001668,CUST-0662,PROD-0069,2023-06-06,12,5777.14
ORD-001669,CUST-0964,PROD-0031,2023-06-09,8,7834.56
ORD-001670,CUST-0875,PROD-0030,2023-07-11,3,1794.21
ORD-001671,CUST-0905,PROD-0044,2023-11-03,19,18898.54
ORD-001672,CUST-0122,PROD-0075,2023-09-18,18,7765.02
ORD-001673,CUST-0137,PROD-0021,2023-08-01,6,1171.5
ORD-001674,CUST-0521,PROD-0063,2023-03-07,10,1543.92
ORD-001675,CUST-0381,PROD-0073,2023-06-05,18,10111.68
ORD-001676,CUST-0083,PROD-0035,2023-07-24,17,6172.36
ORD-001677,CUST-0876,PROD-0045,2023-12-09,16,7688.8
ORD-001678,CUST-0917,PROD-0082,2023-08-04,3,949.32
ORD-001679,CUST-0389,PROD-0060,2023-09-13,4,1627.2
ORD-001680,CUST-0674,PROD-0012,2023-09-22,1,974.19
ORD-001681,CUST-0945,PROD-0028,2023-03-28,7,4505.27
ORD-001682,CUST-0889,PROD-0015,2023-06-12,9,4463.1
ORD-001683,CUST-0663,PROD-0084,2023-07-20,10,4093.08
ORD-001684,CUST-0645,PROD-0033,2023-11-20,16,14527.68
ORD-001685,CUST-0959,PROD-0091,2023-05-12,17,10021.7
ORD-001686,CUST-0356,PROD-0005,2023-04-27,9,7685.19
ORD-001687,CUST-0472,PROD-0099,2023-02-18,10,3401.2
ORD-001688,CUST-0164,PROD-0047,2023-04-22,14,12401.48
ORD-001689,CUST-0133,PROD-0024,2023-09-01,17,12350.84
ORD-001690,CUST-0616,PROD-0001,2023-03-29,16,13595.68
ORD-001691,CUST-0800,PROD-0011,2023-02-09,2,1882.66
ORD-001692,CUST-0241,PROD-0019,2023-02-08,7,518.2
ORD-001693,CUST-0052,PROD-0061,2023-12-29,5,4236.65
ORD-001694,CUST-0618,PROD-0041,2023-10-23,7,4063.92
ORD-001695,CUST-0936,PROD-0081,2023-08-20,4,983.09
ORD-001696,CUST-0502,PROD-0030,2023-05-03,4,2392.28
ORD-001697,CUST-0718,PROD-0078,2023-10-28,12,2604.24
ORD-001698,CUST-0761,PROD-0086,2023-09-23,17,2293.98
ORD-001699,CUST-0630,PROD-0059,2023-09-16,18,6934.14
ORD-001700,CUST-0823,PROD-0007,2023-08-01,13,10265.19
ORD-001701,CUST-0682,PROD-0037,2023-12-22,17,11484.35
ORD-001702,CUST-0242,PROD-0014,2023-05-21,18,6554.3
ORD-001703,CUST-0625,PROD-0016,2023-08-12,7,3708.01
ORD-001704,CUST-0689,PROD-0050,2023-08-05,19,6538.66
ORD-001705,CUST-0702,PROD-0093,2023-02-02,16,13474.4
ORD-001706,CUST-0465,PROD-0056,2023-01-10,1,412.26
ORD-001707,CUST-0913,PROD-0006,2023-02-13,7,6558.44
ORD-001708,CUST-0591,PROD-0021,2023-03-11,4,781.0
ORD-001709,CUST-0655,PROD-0030,2023-07-13,5,2990.35
ORD-001710,CUST-0038,PROD-0090,2023-12-29,3,1024.77
ORD-001711,CUST-0318,PROD-0090,2023-05-19,15,5123.85
ORD-001712,CUST-0749,PROD-0100,2023-02-19,12,9975.72
ORD-001713,CUST-0922,PROD-0029,2023-09-01,10,3928.44
ORD-001714,CUST-0545,PROD-0060,2023-01-09,17,6915.6
ORD-001715,CUST-0245,PROD-0096,2023-06-02,14,4763.81
ORD-001716,CUST-0122,PROD-0008,2023-11-29,5,3378.05
ORD-001717,CUST-0367,PROD-0007,2023-11-30,18,14213.34
ORD-001718,CUST-0388,PROD-0037,2023-07-13,17,11484.35
ORD-001719,CUST-0695,PROD-0079,2023-03-09,11,754.12
ORD-001720,CUST-0656,PROD-0014,2023-05-16,3,1092.38
ORD-001721,CUST-0419,PROD-0060,2023-12-21,13,5288.4
ORD-001722,CUST-0690,PROD-0066,2023-02-05,16,9444.1
ORD-001723,CUST-0862,PROD-0091,2023-01-21,18,10611.22
ORD-001724,CUST-0092,PROD-0046,2023-09-16,10,4214.28
ORD-001725,CUST-0711,PROD-0093,2023-02-19,12,10105.8
ORD-001726,CUST-0590,PROD-0006,2023-09-08,1,936.92
ORD-001727,CUST-0777,PROD-0056,2023-12-13,9,3710.34
ORD-001728,CUST-0992,PROD-0044,2023-02-08,10,9946.6
ORD-001729,CUST-0952,PROD-0011,2023-10-19,16,15061.28
ORD-001730,CUST-0855,PROD-0059,2023-11-17,9,3467.07
ORD-001731,CUST-0952,PROD-0032,2023-12-09,5,2485.05
ORD-001732,CUST-0567,PROD-0092,2023-07-01,19,18661.8
ORD-001733,CUST-0446,PROD-0069,2023-01-02,5,2407.14
ORD-001734,CUST-0491,PROD-0094,2023-08-12,4,3452.8
ORD-001735,CUST-0373,PROD-0025,2023-08-12,12,3862.8
ORD-001736,CUST-0026,PROD-0098,2023-01-22,17,9287.78
ORD-001737,CUST-0656,PROD-0020,2023-01-20,7,3528.14
ORD-001738,CUST-0410,PROD-0050,2023-06-25,13,4473.82
ORD-001739,CUST-0693,PROD-0085,2023-06-22,12,10666.56
ORD-001740,CUST-0379,PROD-0095,2023-12-10,11,6376.39
ORD-001741,CUST-0606,PROD-0025,2023-12-16,4,1287.6
ORD-001742,CUST-0919,PROD-0100,2023-04-05,7,5819.17
ORD-001743,CUST-0317,PROD-0003,2023-01-23,9,3747.78
ORD-001744,CUST-0019,PROD-0048,2023-04-30,9,6774.84
ORD-001745,CUST-0773,PROD-0047,2023-09-22,17,15058.94
ORD-001746,CUST-0669,PROD-0056,2023-09-10,3,1236.78
ORD-001747,CUST-0340,PROD-0022,2023-11-06,15,5687.1
ORD-001748,CUST-0270,PROD-0071,2023-12-20,4,1243.3
ORD-001749,CUST-0907,PROD-0015,2023-07-31,8,3967.2
ORD-001750,CUST-0494,PROD-0024,2023-12-20,2,1453.04
ORD-001751,CUST-0641,PROD-0068,2023-07-13,15,7380.9
ORD-001752,CUST-0690,PROD-0068,2023-02-27,8,3936.48
ORD-001753,CUST-0018,PROD-0071,2023-08-31,1,310.82
ORD-001754,CUST-0559,PROD-0048,2023-08-10,17,12796.92
ORD-001755,CUST-0170,PROD-0025,2023-11-22,19,6116.1
ORD-001756,CUST-0048,PROD-0004,2023-06-01,3,2670.03
ORD-001757,CUST-0204,PROD-0047,2023-12-11,4,3543.28
ORD-001758,CUST-0081,PROD-0044,2023-12-17,1,994.66
ORD-001759,CUST-0780,PROD-0039,2023-04-09,10,2455.8
ORD-001760,CUST-0567,PROD-0032,2023-12-30,19,9443.19
ORD-001761,CUST-0510,PROD-0089,2023-09-09,19,12893.21
ORD-001762,CUST-0380,PROD-0057,2023-07-31,15,4862.88
ORD-001763,CUST-0067,PROD-0054,2023-05-05,13,2793.65
ORD-001764,CUST-0575,PROD-0069,2023-12-03,18,8665.7
ORD-001765,CUST-0281,PROD-0040,2023-05-20,6,3055.26
ORD-001766,CUST-0482,PROD-0031,2023-03-19,8,7834.56
ORD-001767,CUST-0280,PROD-0091,2023-02-07,4,2358.05
ORD-001768,CUST-0257,PROD-0057,2023-01-02,6,1945.15
ORD-001769,CUST-0714,PROD-0066,2023-05-27,9,5312.3
ORD-001770,CUST-0667,PROD-0068,2023-09-28,7,3444.42
ORD-001771,CUST-0721,PROD-0022,2023-10-03,15,5687.1
ORD-001772,CUST-0840,PROD-0037,2023-08-10,2,1351.1
ORD-001773,CUST-0633,PROD-0041,2023-09-29,16,9288.96
ORD-001774,CUST-0252,PROD-0044,2023-01-19,18,17903.88
ORD-001775,CUST-0435,PROD-0027,2023-05-29,16,8723.52
ORD-001776,CUST-0414,PROD-0011,2023-11-14,7,6589.31
ORD-001777,CUST-0244,PROD-0021,2023-09-06,19,3709.75
ORD-001778,CUST-0527,PROD-0053,2023-03-01,10,9807.2
ORD-001779,CUST-0175,PROD-0055,2023-04-26,4,1539.98
ORD-001780,CUST-0632,PROD-0026,2023-12-20,7,3861.83
ORD-001781,CUST-0714,PROD-0096,2023-03-12,7,2381.9
ORD-001782,CUST-0622,PROD-0035,2023-09-08,16,5809.28
ORD-001783,CUST-0239,PROD-0080,2023-03-04,19,12071.46
ORD-001784,CUST-0970,PROD-0035,2023-09-05,14,5083.12
ORD-001785,CUST-0485,PROD-0057,2023-06-22,4,1296.77
ORD-001786,CUST-0725,PROD-0029,2023-07-12,4,1571.38
ORD-001787,CUST-0537,PROD-0052,2023-06-18,18,10455.3
ORD-001788,CUST-0620,PROD-0007,2023-06-16,19,15002.97
ORD-001789,CUST-0440,PROD-0009,2023-11-09,18,10603.26
ORD-001790,CUST-0903,PROD-0001,2023-03-04,14,11896.22
ORD-001791,CUST-0380,PROD-0068,2023-04-04,19,9349.14
ORD-001792,CUST-0607,PROD-0100,2023-03-22,5,4156.55
ORD-001793,CUST-0642,PROD-0085,2023-09-02,13,11555.44
ORD-001794,CUST-0998,PROD-0015,2023-10-01,4,1983.6
ORD-001795,CUST-0063,PROD-0086,2023-12-15,17,2293.98
ORD-001796,CUST-0610,PROD-0009,2023-03-05,4,2356.28
ORD-001797,CUST-0602,PROD-0068,2023-03-22,6,2952.36
ORD-001798,CUST-0326,PROD-0073,2023-02-10,2,1123.52
ORD-001799,CUST-0175,PROD-0022,2023-06-24,4,1516.56
ORD-001800,CUST-0830,PROD-0019,2023-04-06,5,370.14
ORD-001801,CUST-0251,PROD-0080,2023-12-22,4,2541.36
ORD-001802,CUST-0402,PROD-0096,2023-04-08,9,3062.45
ORD-001803,CUST-0017,PROD-0076,2023-12-27,2,860.3
ORD-001804,CUST-0697,PROD-0086,2023-01-03,19,2563.86
ORD-001805,CUST-0587,PROD-0080,2023-05-05,14,8894.76
ORD-001806,CUST-0826,PROD-0072,2023-04-23,18,12865.14
ORD-001807,CUST-0845,PROD-0016,2023-06-09,11,5826.88
ORD-001808,CUST-0104,PROD-0017,2023-07-24,4,3978.28
ORD-001809,CUST-0255,PROD-0066,2023-01-30,2,1180.51
ORD-001810,CUST-0202,PROD-0096,2023-08-21,16,5444.35
ORD-001811,CUST-0198,PROD-0053,2023-12-16,9,8826.48
ORD-001812,CUST-0331,PROD-0091,2023-11-16,18,10611.22
ORD-001813,CUST-0843,PROD-0030,2023-12-25,1,598.07
ORD-001814,CUST-0424,PROD-0053,2023-12-25,18,17652.96
ORD-001815,CUST-0720,PROD-0039,2023-07-01,19,4666.02
ORD-001816,CUST-0376,PROD-0065,2023-12-27,14,9488.08
ORD-001817,CUST-0439,PROD-0099,2023-08-23,5,1700.6
ORD-001818,CUST-0795,PROD-0051,2023-04-06,7,4103.74
ORD-001819,CUST-0910,PROD-0047,2023-09-13,13,11515.66
ORD-001820,CUST-0237,PROD-0085,2023-01-14,13,11555.44
ORD-001821,CUST-0740,PROD-0038,2023-12-24,11,9535.68
ORD-001822,CUST-0610,PROD-0032,2023-02-15,9,4473.09
ORD-001823,CUST-0466,PROD-0059,2023-09-25,9,3467.07
ORD-001824,CUST-0822,PROD-0098,2023-06-27,5,2731.7
ORD-001825,CUST-0808,PROD-0063,2023-01-08,17,2624.66
ORD-001826,CUST-0352,PROD-0012,2023-08-26,18,17535.42
ORD-001827,CUST-0488,PROD-0083,2023-08-05,6,3027.46
ORD-001828,CUST-0086,PROD-0035,2023-02-09,5,1815.4
ORD-001829,CUST-0012,PROD-0005,2023-04-30,1,853.91
ORD-001830,CUST-0741,PROD-0061,2023-11-23,19,16099.27
ORD-001831,CUST-0106,PROD-0052,2023-09-06,2,1161.7
ORD-001832,CUST-0112,PROD-0004,2023-03-24,17,15130.17
ORD-001833,CUST-0186,PROD-0026,2023-10-25,9,4965.21
ORD-001834,CUST-0315,PROD-0034,2023-07-19,7,3119.97
ORD-001835,CUST-0598,PROD-0003,2023-02-04,6,2498.52
ORD-001836,CUST-0683,PROD-0022,2023-09-05,10,3791.4
ORD-001837,CUST-0007,PROD-0012,2023-08-06,3,2922.57
ORD-001838,CUST-0440,PROD-0059,2023-01-22,12,4622.76
ORD-001839,CUST-0451,PROD-0029,2023-06-19,14,5499.82
ORD-001840,CUST-0069,PROD-0083,2023-12-07,7,3532.03
ORD-001841,CUST-0600,PROD-0036,2023-10-20,19,12391.8
ORD-001842,CUST-0171,PROD-0075,2023-05-29,9,3882.51
ORD-001843,CUST-0543,PROD-0095,2023-05-01,9,5217.05
ORD-001844,CUST-0853,PROD-0020,2023-03-31,14,7056.28
ORD-001845,CUST-0710,PROD-0011,2023-05-26,5,4706.65
ORD-001846,CUST-0709,PROD-0029,2023-02-05,16,6285.5
ORD-001847,CUST-0469,PROD-0096,2023-04-14,13,4423.54
ORD-001848,CUST-0326,PROD-0098,2023-06-26,14,7648.76
ORD-001849,CUST-0196,PROD-0057,2023-04-26,17,5511.26
ORD-001850,CUST-0196,PROD-0049,2023-12-19,6,5724.06
ORD-001851,CUST-0083,PROD-0030,2023-10-09,1,598.07
ORD-001852,CUST-0309,PROD-0012,2023-09-11,19,18509.61
ORD-001853,CUST-0587,PROD-0057,2023-12-21,6,1945.15
ORD-001854,CUST-0455,PROD-0011,2023-09-06,3,2823.99
ORD-001855,CUST-0116,PROD-0081,2023-05-20,5,1228.86
ORD-001856,CUST-0787,PROD-0024,2023-03-18,3,2179.56
ORD-001857,CUST-0906,PROD-0087,2023-01-27,12,7047.48
ORD-001858,CUST-0397,PROD-0030,2023-06-08,15,8971.05
ORD-001859,CUST-0910,PROD-0063,2023-07-07,7,1080.74
ORD-001860,CUST-0419,PROD-0070,2023-02-09,8,6813.6
ORD-001861,CUST-0820,PROD-0067,2023-12-23,15,4036.2
ORD-001862,CUST-0012,PROD-0047,2023-10-29,15,13287.3
ORD-001863,CUST-0283,PROD-0044,2023-01-02,18,17903.88
ORD-001864,CUST-0392,PROD-0071,2023-09-23,18,5594.83
ORD-001865,CUST-0700,PROD-0010,2023-06-09,6,2309.04
ORD-001866,CUST-0101,PROD-0083,2023-05-29,13,6559.49
ORD-001867,CUST-0479,PROD-0089,2023-08-15,5,3392.95
ORD-001868,CUST-0482,PROD-0081,2023-12-14,2,491.54
ORD-001869,CUST-0167,PROD-0084,2023-12-27,16,6548.93
ORD-001870,CUST-0518,PROD-0077,2023-10-27,16,9908.48
ORD-001871,CUST-0420,PROD-0053,2023-08-30,7,6865.04
ORD-001872,CUST-0169,PROD-0056,2023-07-06,4,1649.04
ORD-001873,CUST-0271,PROD-0068,2023-11-15,9,4428.54
ORD-001874,CUST-0876,PROD-0057,2023-05-01,3,972.58
ORD-001875,CUST-0711,PROD-0094,2023-01-06,12,10358.4
ORD-001876,CUST-0772,PROD-0061,2023-06-29,10,8473.3
ORD-001877,CUST-0441,PROD-0085,2023-06-28,18,15999.84
ORD-001878,CUST-0430,PROD-0087,2023-11-18,3,1761.87
ORD-001879,CUST-0688,PROD-0002,2023-04-03,15,12888.0
ORD-001880,CUST-0944,PROD-0083,2023-07-31,3,1513.73
ORD-001881,CUST-0137,PROD-0024,2023-01-05,18,13077.36
ORD-001882,CUST-0551,PROD-0065,2023-12-12,17,11521.24
ORD-001883,CUST-0640,PROD-0093,2023-04-02,12,10105.8
ORD-001884,CUST-0200,PROD-0033,2023-09-14,14,12711.72
ORD-001885,CUST-0802,PROD-0022,2023-04-09,3,1137.42
ORD-001886,CUST-0672,PROD-0039,2023-09-16,19,4666.02
ORD-001887,CUST-0485,PROD-0061,2023-03-01,13,11015.29
ORD-001888,CUST-0207,PROD-0069,2023-04-20,8,3851.42
ORD-001889,CUST-0817,PROD-0060,2023-06-29,1,406.8
ORD-001890,CUST-0444,PROD-0058,2023-11-16,2,991.14
ORD-001891,CUST-0933,PROD-0020,2023-10-15,6,3024.12
ORD-001892,CUST-0219,PROD-0086,2023-06-18,6,809.64
ORD-001893,CUST-0860,PROD-0017,2023-07-30,13,12929.41
ORD-001894,CUST-0011,PROD-0045,2023-12-22,6,2883.3
ORD-001895,CUST-0994,PROD-0002,2023-12-07,16,13747.2
ORD-001896,CUST-0415,PROD-0086,2023-08-15,1,134.94
ORD-001897,CUST-0292,PROD-0024,2023-10-04,11,7991.72
ORD-001898,CUST-0462,PROD-0010,2023-01-28,15,5772.6
ORD-001899,CUST-0614,PROD-0097,2023-10-12,15,7964.82
ORD-001900,CUST-0086,PROD-0077,2023-12-08,19,11766.32
ORD-001901,CUST-0755,PROD-0065,2023-04-27,9,6099.48
ORD-001902,CUST-0425,PROD-0014,2023-01-09,7,2548.9
ORD-001903,CUST-0042,PROD-0017,2023-08-09,16,15913.12
ORD-001904,CUST-0638,PROD-0009,2023-10-01,3,1767.21
ORD-001905,CUST-0411,PROD-0015,2023-08-28,2,991.8
ORD-001906,CUST-0253,PROD-0018,2023-03-07,11,2116.51
ORD-001907,CUST-0175,PROD-0053,2023-11-03,3,2942.16
ORD-001908,CUST-0767,PROD-0097,2023-12-07,9,4778.89
ORD-001909,CUST-0363,PROD-0045,2023-03-21,16,7688.8
ORD-001910,CUST-0438,PROD-0045,2023-05-12,16,7688.8
ORD-001911,CUST-0017,PROD-0064,2023-09-20,12,5810.98
ORD-001912,CUST-0528,PROD-0069,2023-11-11,1,481.43
ORD-001913,CUST-0963,PROD-0046,2023-12-02,12,5057.14
ORD-001914,CUST-0454,PROD-0009,2023-03-06,17,10014.19
ORD-001915,CUST-0268,PROD-0073,2023-10-31,13,7302.88
ORD-001916,CUST-0268,PROD-0092,2023-02-22,15,14733.0
ORD-001917,CUST-0855,PROD-0079,2023-12-31,15,1028.34
ORD-001918,CUST-0965,PROD-0097,2023-05-23,6,3185.93
ORD-001919,CUST-0333,PROD-0081,2023-02-09,2,491.54
ORD-001920,CUST-0694,PROD-0039,2023-01-13,12,2946.96
ORD-001921,CUST-0321,PROD-0066,2023-11-13,15,8853.84
ORD-001922,CUST-0301,PROD-0074,2023-08-01,1,310.58
ORD-001923,CUST-0481,PROD-0086,2023-07-13,8,1079.52
ORD-001924,CUST-0425,PROD-0094,2023-11-13,12,10358.4
ORD-001925,CUST-0079,PROD-0078,2023-03-20,15,3255.3
ORD-001926,CUST-0466,PROD-0055,2023-02-27,15,5774.94
ORD-001927,CUST-0173,PROD-0074,2023-11-18,13,4037.54
ORD-001928,CUST-0808,PROD-0039,2023-02-17,6,1473.48
ORD-001929,CUST-0697,PROD-0012,2023-12-12,2,1948.38
ORD-001930,CUST-0702,PROD-0044,2023-04-02,18,17903.88
ORD-001931,CUST-0385,PROD-0005,2023-07-09,2,1707.82
ORD-001932,CUST-0958,PROD-0041,2023-09-05,16,9288.96
ORD-001933,CUST-0833,PROD-0088,2023-03-24,4,1798.8
ORD-001934,CUST-0863,PROD-0035,2023-06-30,4,1452.32
ORD-001935,CUST-0822,PROD-0068,2023-02-08,10,4920.6
ORD-001936,CUST-0173,PROD-0016,2023-12-24,3,1589.15
ORD-001937,CUST-0446,PROD-0071,2023-11-12,12,3729.89
ORD-001938,CUST-0639,PROD-0012,2023-11-30,7,6819.33
ORD-001939,CUST-0738,PROD-0023,2023-09-22,15,11239.35
ORD-001940,CUST-0865,PROD-0049,2023-09-06,17,16218.17
ORD-001941,CUST-0050,PROD-0010,2023-11-15,12,4618.08
ORD-001942,CUST-0449,PROD-0001,2023-03-18,15,12745.95
ORD-001943,CUST-0419,PROD-0062,2023-06-16,14,13039.88
ORD-001944,CUST-0135,PROD-0073,2023-02-25,18,10111.68
ORD-001945,CUST-0878,PROD-0047,2023-09-26,6,5314.92
ORD-001946,CUST-0590,PROD-0030,2023-11-15,13,7774.91
ORD-001947,CUST-0311,PROD-0057,2023-08-19,3,972.58
ORD-001948,CUST-0807,PROD-0033,2023-05-17,13,11803.74
ORD-001949,CUST-0097,PROD-0079,2023-09-08,4,274.22
ORD-001950,CUST-0395,PROD-0050,2023-06-05,19,6538.66
ORD-001951,CUST-0904,PROD-0075,2023-12-12,16,6902.24
ORD-001952,CUST-0288,PROD-0031,2023-01-17,10,9793.2
ORD-001953,CUST-0042,PROD-0061,2023-02-02,10,8473.3
ORD-001954,CUST-0697,PROD-0087,2023-05-17,11,6460.19
ORD-001955,CUST-0744,PROD-0095,2023-04-22,10,5796.72
ORD-001956,CUST-0329,PROD-0087,2023-06-03,17,9983.93
ORD-001957,CUST-0804,PROD-0065,2023-10-04,19,12876.68
ORD-001958,CUST-0356,PROD-0004,2023-02-15,9,8010.09
ORD-001959,CUST-0103,PROD-0068,2023-04-20,15,7380.9
ORD-001960,CUST-0944,PROD-0097,2023-06-21,8,4247.9
ORD-001961,CUST-0082,PROD-0022,2023-01-23,13,4928.82
ORD-001962,CUST-0417,PROD-0003,2023-05-30,13,5413.46
ORD-001963,CUST-0669,PROD-0093,2023-02-10,7,5895.05
ORD-001964,CUST-0190,PROD-0063,2023-11-06,4,617.57
ORD-001965,CUST-0607,PROD-0091,2023-05-22,10,5895.12
ORD-001966,CUST-0033,PROD-0013,2023-12-23,6,3398.4
ORD-001967,CUST-0242,PROD-0083,2023-08-25,14,7064.06
ORD-001968,CUST-0172,PROD-0090,2023-08-26,12,4099.08
ORD-001969,CUST-0407,PROD-0025,2023-10-04,3,965.7
ORD-001970,CUST-0904,PROD-0040,2023-06-01,18,9165.78
ORD-001971,CUST-0989,PROD-0073,2023-02-20,17,9549.92
ORD-001972,CUST-0106,PROD-0032,2023-09-12,15,7455.15
ORD-001973,CUST-0081,PROD-0056,2023-07-17,8,3298.08
ORD-001974,CUST-0631,PROD-0050,2023-01-18,5,1720.7
ORD-001975,CUST-0185,PROD-0015,2023-09-01,14,6942.6
ORD-001976,CUST-0887,PROD-0100,2023-02-08,9,7481.79
ORD-001977,CUST-0702,PROD-0040,2023-10-17,7,3564.47
ORD-001978,CUST-0144,PROD-0035,2023-04-16,3,1089.24
ORD-001979,CUST-0988,PROD-0025,2023-04-16,19,6116.1
ORD-001980,CUST-0960,PROD-0060,2023-07-30,17,6915.6
ORD-001981,CUST-0526,PROD-0001,2023-01-18,5,4248.65
ORD-001982,CUST-0217,PROD-0084,2023-05-30,19,7776.85
ORD-001983,CUST-0388,PROD-0087,2023-01-21,12,7047.48
ORD-001984,CUST-0841,PROD-0043,2023-02-26,6,376.38
ORD-001985,CUST-0056,PROD-0076,2023-04-05,13,5591.98
ORD-001986,CUST-0075,PROD-0070,2023-10-05,2,1703.4
ORD-001987,CUST-0341,PROD-0028,2023-01-27,13,8366.93
ORD-001988,CUST-0405,PROD-0057,2023-09-01,14,4538.69
ORD-001989,CUST-0949,PROD-0004,2023-06-05,8,7120.08
ORD-001990,CUST-0574,PROD-0039,2023-07-16,9,2210.22
ORD-001991,CUST-0113,PROD-0045,2023-06-06,4,1922.2
ORD-001992,CUST-0414,PROD-0016,2023-08-18,18,9534.89
ORD-001993,CUST-0495,PROD-0066,2023-05-19,13,7673.33
ORD-001994,CUST-0184,PROD-0063,2023-07-16,12,1852.7
ORD-001995,CUST-0907,PROD-0074,2023-06-13,12,3726.96
ORD-001996,CUST-0301,PROD-0018,2023-04-25,17,3270.97
ORD-001997,CUST-0882,PROD-0080,2023-10-17,2,1270.68
ORD-001998,CUST-0907,PROD-0050,2023-03-24,18,6194.52
ORD-001999,CUST-0092,PROD-0070,2023-03-20,19,16182.3
ORD-002000,CUST-0159,PROD-0010,2023-05-13,16,6157.44
ORD-002001,CUST-0583,PROD-0035,2023-12-05,9,3267.72
ORD-002002,CUST-0187,PROD-0023,2023-10-28,17,12737.93
ORD-002003,CUST-0122,PROD-0067,2023-11-03,4,1076.32
ORD-002004,CUST-0337,PROD-0062,2023-05-24,18,16765.56
ORD-002005,CUST-0382,PROD-0051,2023-08-25,19,11138.71
ORD-002006,CUST-0549,PROD-0001,2023-04-07,9,7647.57
ORD-002007,CUST-0045,PROD-0089,2023-10-15,14,9500.26
ORD-002008,CUST-0438,PROD-0056,2023-06-24,7,2885.82
ORD-002009,CUST-0417,PROD-0032,2023-07-17,15,7455.15
ORD-002010,CUST-0664,PROD-0025,2023-06-18,13,4184.7
ORD-002011,CUST-0384,PROD-0028,2023-11-25,1,643.61
ORD-002012,CUST-0149,PROD-0081,2023-04-18,17,4178.12
ORD-002013,CUST-0589,PROD-0082,2023-03-02,13,4113.72
ORD-002014,CUST-0532,PROD-0065,2023-01-18,5,3388.6
ORD-002015,CUST-0770,PROD-0044,2023-02-05,3,2983.98
ORD-002016,CUST-0281,PROD-0085,2023-11-20,16,14222.08
ORD-002017,CUST-0056,PROD-0044,2023-12-11,19,18898.54
ORD-002018,CUST-0218,PROD-0058,2023-04-01,13,6442.41
ORD-002019,CUST-0654,PROD-0096,2023-12-11,13,4423.54
ORD-002020,CUST-0426,PROD-0043,2023-09-26,3,188.19
ORD-002021,CUST-0221,PROD-0058,2023-07-15,19,9415.83
ORD-002022,CUST-0550,PROD-0018,2023-09-24,18,3463.38
ORD-002023,CUST-0782,PROD-0081,2023-10-10,19,4669.67
ORD-002024,CUST-0736,PROD-0038,2023-10-20,19,16470.72
ORD-002025,CUST-0929,PROD-0020,2023-01-25,3,1512.06
ORD-002026,CUST-0313,PROD-0023,2023-05-03,15,11239.35
ORD-002027,CUST-0054,PROD-0037,2023-10-20,11,7431.05
ORD-002028,CUST-0367,PROD-0016,2023-03-28,8,4237.73
ORD-002029,CUST-0725,PROD-0030,2023-06-21,15,8971.05
ORD-002030,CUST-0490,PROD-0098,2023-01-03,4,2185.36
ORD-002031,CUST-0495,PROD-0089,2023-08-09,11,7464.49
ORD-002032,CUST-0354,PROD-0040,2023-04-21,17,8656.57
ORD-002033,CUST-0026,PROD-0062,2023-07-19,9,8382.78
ORD-002034,CUST-0434,PROD-0077,2023-03-07,1,619.28
ORD-002035,CUST-0444,PROD-0047,2023-05-03,16,14173.12
ORD-002036,CUST-0983,PROD-0045,2023-03-04,17,8169.35
ORD-002037,CUST-0573,PROD-0039,2023-10-08,16,3929.28
ORD-002038,CUST-0080,PROD-0004,2023-09-12,13,11570.13
ORD-002039,CUST-0281,PROD-0079,2023-03-03,14,959.78
ORD-002040,CUST-0721,PROD-0032,2023-02-22,7,3479.07
ORD-002041,CUST-0042,PROD-0076,2023-05-05,11,4731.67
ORD-002042,CUST-0194,PROD-0057,2023-06-11,2,648.38
ORD-002043,CUST-0831,PROD-0067,2023-03-25,17,4574.36
ORD-002044,CUST-0923,PROD-0096,2023-12-01,1,340.27
ORD-002045,CUST-0751,PROD-0048,2023-01-07,10,7527.6
ORD-002046,CUST-0047,PROD-0057,2023-12-28,4,1296.77
ORD-002047,CUST-0568,PROD-0034,2023-04-27,18,8022.78
ORD-002048,CUST-0831,PROD-0047,2023-10-06,15,13287.3
ORD-002049,CUST-0508,PROD-0050,2023-08-20,18,6194.52
ORD-002050,CUST-0857,PROD-0057,2023-04-29,17,5511.26
ORD-002051,CUST-0631,PROD-0051,2023-08-07,11,6448.73
ORD-002052,CUST-0078,PROD-0072,2023-01-05,12,8576.76
ORD-002053,CUST-0235,PROD-0072,2023-01-24,5,3573.65
ORD-002054,CUST-0126,PROD-0076,2023-06-11,2,860.3
ORD-002055,CUST-0718,PROD-0099,2023-01-26,8,2720.96
ORD-002056,CUST-0854,PROD-0023,2023-01-11,11,8242.19
ORD-002057,CUST-0655,PROD-0025,2023-12-10,9,2897.1
ORD-002058,CUST-0771,PROD-0012,2023-12-11,14,13638.66
ORD-002059,CUST-0606,PROD-0082,2023-01-19,12,3797.28
ORD-002060,CUST-0170,PROD-0048,2023-03-07,16,12044.16
ORD-002061,CUST-0022,PROD-0075,2023-05-22,18,7765.02
ORD-002062,CUST-0116,PROD-0078,2023-05-05,5,1085.1
ORD-002063,CUST-0887,PROD-0080,2023-09-06,4,2541.36
ORD-002064,CUST-0955,PROD-0078,2023-09-03,10,2170.2
ORD-002065,CUST-0871,PROD-0089,2023-09-17,19,12893.21
ORD-002066,CUST-0088,PROD-0014,2023-04-15,15,5461.92
ORD-002067,CUST-0780,PROD-0003,2023-06-09,8,3331.36
ORD-002068,CUST-0387,PROD-0098,2023-10-09,16,8741.44
ORD-002069,CUST-0485,PROD-0049,2023-10-27,3,2862.03
ORD-002070,CUST-0258,PROD-0062,2023-09-02,6,5588.52
ORD-002071,CUST-0985,PROD-0040,2023-05-19,16,8147.36
ORD-002072,CUST-0224,PROD-0063,2023-08-25,13,2007.1
ORD-002073,CUST-0895,PROD-0080,2023-12-03,5,3176.7
ORD-002074,CUST-0600,PROD-0070,2023-02-04,11,9368.7
ORD-002075,CUST-0608,PROD-0031,2023-07-10,6,5875.92
ORD-002076,CUST-0320,PROD-0002,2023-08-05,12,10310.4
ORD-002077,CUST-0812,PROD-0048,2023-12-08,18,13549.68
ORD-002078,CUST-0046,PROD-0003,2023-10-25,13,5413.46
ORD-002079,CUST-0644,PROD-0043,2023-10-25,15,940.95
ORD-002080,CUST-0620,PROD-0087,2023-10-12,18,10571.22
ORD-002081,CUST-0896,PROD-0012,2023-04-28,18,17535.42
ORD-002082,CUST-0380,PROD-0085,2023-05-26,2,1777.76
ORD-002083,CUST-0521,PROD-0025,2023-02-12,5,1609.5
ORD-002084,CUST-0873,PROD-0053,2023-09-24,3,2942.16
ORD-002085,CUST-0550,PROD-0049,2023-09-18,8,7632.08
ORD-002086,CUST-0073,PROD-0043,2023-01-11,7,439.11
ORD-002087,CUST-0908,PROD-0053,2023-10-23,4,3922.88
ORD-002088,CUST-0832,PROD-0038,2023-04-10,17,14736.96
ORD-002089,CUST-0619,PROD-0072,2023-11-04,6,4288.38
ORD-002090,CUST-0011,PROD-0033,2023-11-08,18,16343.64
ORD-002091,CUST-0746,PROD-0024,2023-08-19,4,2906.08
ORD-002092,CUST-0835,PROD-0086,2023-09-16,8,1079.52
ORD-002093,CUST-0124,PROD-0057,2023-05-20,15,4862.88
ORD-002094,CUST-0733,PROD-0076,2023-05-27,4,1720.61
ORD-002095,CUST-0694,PROD-0028,2023-11-02,18,11584.98
ORD-002096,CUST-0160,PROD-0041,2023-07-06,12,6966.72
ORD-002097,CUST-0443,PROD-0036,2023-09-29,12,7826.4
ORD-002098,CUST-0231,PROD-0053,2023-01-01,12,11768.64
ORD-002099,CUST-0788,PROD-0013,2023-12-16,4,2265.6
ORD-002100,CUST-0657,PROD-0044,2023-05-18,19,18898.54
ORD-002101,CUST-0043,PROD-0058,2023-01-30,4,1982.28
ORD-002102,CUST-0681,PROD-0055,2023-06-04,11,4234.96
ORD-002103,CUST-0671,PROD-0091,2023-03-28,16,9432.19
ORD-002104,CUST-0845,PROD-0073,2023-04-30,8,4494.08
ORD-002105,CUST-0561,PROD-0030,2023-09-15,16,9569.12
ORD-002106,CUST-0640,PROD-0052,2023-05-13,3,1742.55
ORD-002107,CUST-0651,PROD-0012,2023-08-01,11,10716.09
ORD-002108,CUST-0212,PROD-0057,2023-06-21,17,5511.26
ORD-002109,CUST-0061,PROD-0049,2023-10-02,11,10494.11
ORD-002110,CUST-0560,PROD-0051,2023-08-12,3,1758.74
ORD-002111,CUST-0145,PROD-0031,2023-10-31,4,3917.28
ORD-002112,CUST-0191,PROD-0067,2023-04-21,7,1883.56
ORD-002113,CUST-0685,PROD-0082,2023-11-03,1,316.44
ORD-002114,CUST-0606,PROD-0001,2023-01-13,10,8497.3
ORD-002115,CUST-0153,PROD-0017,2023-11-21,15,14918.55
ORD-002116,CUST-0118,PROD-0049,2023-09-13,15,14310.15
ORD-002117,CUST-0230,PROD-0083,2023-02-16,19,9586.94
ORD-002118,CUST-0933,PROD-0066,2023-11-25,2,1180.51
ORD-002119,CUST-0202,PROD-0057,2023-05-24,2,648.38
ORD-002120,CUST-0113,PROD-0040,2023-12-14,12,6110.52
ORD-002121,CUST-0071,PROD-0057,2023-09-15,9,2917.73
ORD-002122,CUST-0610,PROD-0047,2023-07-31,15,13287.3
ORD-002123,CUST-0295,PROD-0015,2023-04-28,9,4463.1
ORD-002124,CUST-0611,PROD-0065,2023-03-13,13,8810.36
ORD-002125,CUST-0340,PROD-0049,2023-01-07,2,1908.02
ORD-002126,CUST-0309,PROD-0033,2023-01-13,3,2723.94
ORD-002127,CUST-0884,PROD-0007,2023-05-26,11,8685.93
ORD-002128,CUST-0450,PROD-0007,2023-08-08,16,12634.08
ORD-002129,CUST-0466,PROD-0092,2023-01-18,10,9822.0
ORD-002130,CUST-0942,PROD-0073,2023-02-10,9,5055.84
ORD-002131,CUST-0757,PROD-0098,2023-07-03,14,7648.76
ORD-002132,CUST-0897,PROD-0095,2023-10-05,15,8695.08
ORD-002133,CUST-0308,PROD-0057,2023-06-14,14,4538.69
ORD-002134,CUST-0453,PROD-0072,2023-09-04,3,2144.19
ORD-002135,CUST-0197,PROD-0098,2023-03-22,12,6556.08
ORD-002136,CUST-0079,PROD-0074,2023-06-12,19,5901.02
ORD-002137,CUST-0094,PROD-0018,2023-05-18,6,1154.46
ORD-002138,CUST-0087,PROD-0057,2023-05-18,18,5835.46
ORD-002139,CUST-0399,PROD-0027,2023-06-25,2,1090.44
ORD-002140,CUST-0207,PROD-0027,2023-06-16,8,4361.76
ORD-002141,CUST-0488,PROD-0060,2023-06-13,13,5288.4
ORD-002142,CUST-0953,PROD-0071,2023-08-29,16,4973.18
ORD-002143,CUST-0250,PROD-0074,2023-12-05,4,1242.32
ORD-002144,CUST-0778,PROD-0030,2023-08-19,13,7774.91
ORD-002145,CUST-0883,PROD-0012,2023-01-09,7,6819.33
ORD-002146,CUST-0309,PROD-0077,2023-07-09,9,5573.52
ORD-002147,CUST-0525,PROD-0020,2023-08-12,9,4536.18
ORD-002148,CUST-0913,PROD-0039,2023-09-05,15,3683.7
ORD-002149,CUST-0346,PROD-0089,2023-10-08,17,11536.03
ORD-002150,CUST-0332,PROD-0003,2023-05-05,15,6246.3
ORD-002151,CUST-0677,PROD-0037,2023-03-05,10,6755.5
ORD-002152,CUST-0449,PROD-0041,2023-05-18,14,8127.84
ORD-002153,CUST-0995,PROD-0081,2023-03-05,17,4178.12
ORD-002154,CUST-0147,PROD-0021,2023-03-15,11,2147.75
ORD-002155,CUST-0494,PROD-0036,2023-11-15,7,4565.4
ORD-002156,CUST-0196,PROD-0037,2023-02-21,19,12835.45
ORD-002157,CUST-0945,PROD-0027,2023-03-02,17,9268.74
ORD-002158,CUST-0688,PROD-0040,2023-04-13,11,5601.31
ORD-002159,CUST-0178,PROD-0004,2023-06-05,1,890.01
ORD-002160,CUST-0517,PROD-0067,2023-06-06,5,1345.4
ORD-002161,CUST-0747,PROD-0057,2023-06-07,11,3566.11
ORD-002162,CUST-0168,PROD-0065,2023-08-08,17,11521.24
ORD-002163,CUST-0251,PROD-0053,2023-07-13,1,980.72
ORD-002164,CUST-0059,PROD-0020,2023-06-14,2,1008.04
ORD-002165,CUST-0265,PROD-0043,2023-01-31,4,250.92
ORD-002166,CUST-0916,PROD-0007,2023-01-22,1,789.63
ORD-002167,CUST-0318,PROD-0100,2023-11-11,12,9975.72
ORD-002168,CUST-0047,PROD-0089,2023-03-13,13,8821.67
ORD-002169,CUST-0475,PROD-0012,2023-06-11,15,14612.85
ORD-002170,CUST-0383,PROD-0004,2023-04-27,13,11570.13
ORD-002171,CUST-0676,PROD-0047,2023-05-29,8,7086.56
ORD-002172,CUST-0909,PROD-0067,2023-02-06,7,1883.56
ORD-002173,CUST-0791,PROD-0068,2023-07-02,17,8365.02
ORD-002174,CUST-0908,PROD-0073,2023-06-24,8,4494.08
ORD-002175,CUST-0407,PROD-0028,2023-09-08,7,4505.27
ORD-002176,CUST-0857,PROD-0084,2023-07-05,17,6958.24
ORD-002177,CUST-0559,PROD-0090,2023-08-16,7,2391.13
ORD-002178,CUST-0378,PROD-0024,2023-11-30,18,13077.36
ORD-002179,CUST-0847,PROD-0050,2023-02-23,15,5162.1
ORD-002180,CUST-0873,PROD-0030,2023-11-06,18,10765.26
ORD-002181,CUST-0083,PROD-0011,2023-06-09,19,17885.27
ORD-002182,CUST-0690,PROD-0005,2023-05-28,12,10246.92
ORD-002183,CUST-0750,PROD-0090,2023-04-30,7,2391.13
ORD-002184,CUST-0793,PROD-0021,2023-12-23,18,3514.5
ORD-002185,CUST-0919,PROD-0061,2023-11-19,8,6778.64
ORD-002186,CUST-0904,PROD-0041,2023-03-25,9,5225.04
ORD-002187,CUST-0691,PROD-0041,2023-03-01,9,5225.04
ORD-002188,CUST-0544,PROD-0018,2023-01-11,5,962.05
ORD-002189,CUST-0821,PROD-0021,2023-03-12,18,3514.5
ORD-002190,CUST-0245,PROD-0044,2023-03-17,12,11935.92
ORD-002191,CUST-0029,PROD-0046,2023-11-10,13,5478.56
ORD-002192,CUST-0538,PROD-0021,2023-09-02,3,585.75
ORD-002193,CUST-0788,PROD-0061,2023-04-05,10,8473.3
ORD-002194,CUST-0006,PROD-0097,2023-08-23,2,1061.98
ORD-002195,CUST-0127,PROD-0077,2023-04-06,14,8669.92
ORD-002196,CUST-0172,PROD-0033,2023-01-19,6,5447.88
ORD-002197,CUST-0448,PROD-0070,2023-10-18,1,851.7
ORD-002198,CUST-0478,PROD-0068,2023-05-07,14,6888.84
ORD-002199,CUST-0264,PROD-0024,2023-04-26,5,3632.6
ORD-002200,CUST-0659,PROD-0037,2023-05-10,16,10808.8
ORD-002201,CUST-0794,PROD-0085,2023-01-26,7,6222.16
ORD-002202,CUST-0925,PROD-0062,2023-02-28,11,10245.62
ORD-002203,CUST-0605,PROD-0029,2023-05-01,17,6678.35
ORD-002204,CUST-0688,PROD-0078,2023-06-25,15,3255.3
ORD-002205,CUST-0900,PROD-0070,2023-05-31,3,2555.1
ORD-002206,CUST-0371,PROD-0015,2023-09-06,8,3967.2
ORD-002207,CUST-0808,PROD-0033,2023-11-02,1,907.98
ORD-002208,CUST-0660,PROD-0011,2023-11-11,19,17885.27
ORD-002209,CUST-0606,PROD-0093,2023-03-04,9,7579.35
ORD-002210,CUST-0736,PROD-0001,2023-06-01,8,6797.84
ORD-002211,CUST-0909,PROD-0055,2023-01-18,13,5004.95
ORD-002212,CUST-0246,PROD-0088,2023-04-05,3,1349.1
ORD-002213,CUST-0763,PROD-0049,2023-02-12,10,9540.1
ORD-002214,CUST-0356,PROD-0033,2023-04-14,6,5447.88
ORD-002215,CUST-0425,PROD-0043,2023-10-01,4,250.92
ORD-002216,CUST-0978,PROD-0059,2023-12-28,16,6163.68
ORD-002217,CUST-0953,PROD-0008,2023-09-17,9,6080.49
ORD-002218,CUST-0547,PROD-0097,2023-09-04,7,3716.92
ORD-002219,CUST-0746,PROD-0087,2023-02-26,17,9983.93
ORD-002220,CUST-0361,PROD-0081,2023-01-03,19,4669.67
ORD-002221,CUST-0518,PROD-0080,2023-12-14,14,8894.76
ORD-002222,CUST-0927,PROD-0095,2023-06-13,5,2898.36
ORD-002223,CUST-0445,PROD-0071,2023-09-25,12,3729.89
ORD-002224,CUST-0719,PROD-0098,2023-10-12,4,2185.36
ORD-002225,CUST-0035,PROD-0029,2023-02-13,17,6678.35
ORD-002226,CUST-0529,PROD-0030,2023-04-06,10,5980.7
ORD-002227,CUST-0597,PROD-0088,2023-12-15,19,8544.3
ORD-002228,CUST-0668,PROD-0072,2023-11-19,4,2858.92
ORD-002229,CUST-0462,PROD-0084,2023-05-19,12,4911.7
ORD-002230,CUST-0022,PROD-0069,2023-12-31,12,5777.14
ORD-002231,CUST-0934,PROD-0045,2023-06-16,11,5286.05
ORD-002232,CUST-0102,PROD-0035,2023-03-28,16,5809.28
ORD-002233,CUST-0004,PROD-0050,2023-11-19,13,4473.82
ORD-002234,CUST-0106,PROD-0017,2023-07-17,8,7956.56
ORD-002235,CUST-0493,PROD-0043,2023-08-04,8,501.84
ORD-002236,CUST-0279,PROD-0050,2023-08-08,2,688.28
ORD-002237,CUST-0201,PROD-0075,2023-02-06,8,3451.12
ORD-002238,CUST-0282,PROD-0095,2023-01-18,18,10434.1
ORD-002239,CUST-0213,PROD-0074,2023-08-22,19,5901.02
ORD-002240,CUST-0123,PROD-0085,2023-03-17,4,3555.52
ORD-002241,CUST-0362,PROD-0068,2023-02-28,14,6888.84
ORD-002242,CUST-0449,PROD-0097,2023-07-22,3,1592.96
ORD-002243,CUST-0574,PROD-0016,2023-02-17,5,2648.58
ORD-002244,CUST-0056,PROD-0049,2023-11-30,4,3816.04
ORD-002245,CUST-0265,PROD-0100,2023-11-08,13,10807.03
ORD-002246,CUST-0544,PROD-0042,2023-11-01,19,14690.42
ORD-002247,CUST-0108,PROD-0001,2023-12-20,6,5098.38
ORD-002248,CUST-0472,PROD-0086,2023-08-11,11,1484.34
ORD-002249,CUST-0477,PROD-0021,2023-08-09,6,1171.5
ORD-002250,CUST-0162,PROD-0077,2023-03-02,14,8669.92
ORD-002251,CUST-0816,PROD-0024,2023-05-03,2,1453.04
ORD-002252,CUST-0308,PROD-0036,2023-10-30,9,5869.8
ORD-002253,CUST-0733,PROD-0016,2023-07-07,13,6886.31
ORD-002254,CUST-0731,PROD-0025,2023-12-24,17,5472.3
ORD-002255,CUST-0347,PROD-0088,2023-02-05,15,6745.5
ORD-002256,CUST-0850,PROD-0080,2023-07-01,12,7624.08
ORD-002257,CUST-0597,PROD-0068,2023-10-11,1,492.06
ORD-002258,CUST-0116,PROD-0044,2023-09-29,9,8951.94
ORD-002259,CUST-0104,PROD-0098,2023-03-07,7,3824.38
ORD-002260,CUST-0536,PROD-0100,2023-03-16,17,14132.27
ORD-002261,CUST-0788,PROD-0059,2023-09-09,4,1540.92
ORD-002262,CUST-0233,PROD-0052,2023-07-23,17,9874.45
ORD-002263,CUST-0465,PROD-0018,2023-01-25,5,962.05
ORD-002264,CUST-0483,PROD-0007,2023-08-06,15,11844.45
ORD-002265,CUST-0705,PROD-0073,2023-07-24,11,6179.36
ORD-002266,CUST-0090,PROD-0034,2023-06-24,1,445.71
ORD-002267,CUST-0588,PROD-0004,2023-10-08,12,10680.12
ORD-002268,CUST-0538,PROD-0090,2023-05-11,17,5807.03
ORD-002269,CUST-0134,PROD-0082,2023-08-11,19,6012.36
ORD-002270,CUST-0481,PROD-0076,2023-09-28,11,4731.67
ORD-002271,CUST-0737,PROD-0027,2023-01-11,1,545.22
ORD-002272,CUST-0676,PROD-0036,2023-04-13,9,5869.8
ORD-002273,CUST-0359,PROD-0055,2023-10-16,6,2309.98
ORD-002274,CUST-0872,PROD-0034,2023-09-02,8,3565.68
ORD-002275,CUST-0454,PROD-0096,2023-07-07,9,3062.45
ORD-002276,CUST-0194,PROD-0004,2023-01-08,9,8010.09
ORD-002277,CUST-0651,PROD-0093,2023-07-08,6,5052.9
ORD-002278,CUST-0360,PROD-0059,2023-09-04,18,6934.14
ORD-002279,CUST-0208,PROD-0022,2023-01-27,6,2274.84
ORD-002280,CUST-0517,PROD-0020,2023-01-26,10,5040.2
ORD-002281,CUST-0536,PROD-0050,2023-10-19,17,5850.38
ORD-002282,CUST-0960,PROD-0082,2023-11-24,9,2847.96
ORD-002283,CUST-0762,PROD-0010,2023-05-05,15,5772.6
ORD-002284,CUST-0503,PROD-0085,2023-01-14,13,11555.44
ORD-002285,CUST-0167,PROD-0074,2023-12-23,9,2795.22
ORD-002286,CUST-0950,PROD-0021,2023-01-14,4,781.0
ORD-002287,CUST-0626,PROD-0007,2023-06-04,9,7106.67
ORD-002288,CUST-0651,PROD-0026,2023-01-02,9,4965.21
ORD-002289,CUST-0467,PROD-0086,2023-02-05,11,1484.34
ORD-002290,CUST-0462,PROD-0004,2023-09-26,4,3560.04
ORD-002291,CUST-0596,PROD-0061,2023-12-15,10,8473.3
ORD-002292,CUST-0436,PROD-0028,2023-02-07,10,6436.1
ORD-002293,CUST-0885,PROD-0083,2023-09-18,17,8577.79
ORD-002294,CUST-0506,PROD-0014,2023-08-19,5,1820.64
ORD-002295,CUST-0979,PROD-0054,2023-01-01,13,2793.65
ORD-002296,CUST-0427,PROD-0083,2023-02-07,3,1513.73
ORD-002297,CUST-0497,PROD-0081,2023-06-28,3,737.32
ORD-002298,CUST-0757,PROD-0047,2023-07-08,17,15058.94
ORD-002299,CUST-0134,PROD-0013,2023-12-20,3,1699.2
ORD-002300,CUST-0089,PROD-0024,2023-10-15,11,7991.72
ORD-002301,CUST-0030,PROD-0096,2023-08-01,7,2381.9
ORD-002302,CUST-0645,PROD-0029,2023-09-12,19,7464.04
ORD-002303,CUST-0947,PROD-0041,2023-02-17,8,4644.48
ORD-002304,CUST-0379,PROD-0086,2023-09-01,2,269.88
ORD-002305,CUST-0972,PROD-0057,2023-07-24,16,5187.07
ORD-002306,CUST-0262,PROD-0029,2023-02-07,17,6678.35
ORD-002307,CUST-0478,PROD-0037,2023-12-31,13,8782.15
ORD-002308,CUST-0372,PROD-0013,2023-05-26,7,3964.8
ORD-002309,CUST-0159,PROD-0003,2023-07-01,1,416.42
ORD-002310,CUST-0017,PROD-0061,2023-02-14,7,5931.31
ORD-002311,CUST-0785,PROD-0037,2023-01-23,13,8782.15
ORD-002312,CUST-0781,PROD-0062,2023-09-25,13,12108.46
ORD-002313,CUST-0311,PROD-0059,2023-10-26,1,385.23
ORD-002314,CUST-0550,PROD-0067,2023-10-15,10,2690.8
ORD-002315,CUST-0424,PROD-0003,2023-06-06,1,416.42
ORD-002316,CUST-0391,PROD-0060,2023-03-16,16,6508.8
ORD-002317,CUST-0487,PROD-0006,2023-08-03,18,16864.56
ORD-002318,CUST-0821,PROD-0014,2023-06-01,14,5097.79
ORD-002319,CUST-0449,PROD-0048,2023-05-17,14,10538.64
ORD-002320,CUST-0297,PROD-0050,2023-12-21,4,1376.56
ORD-002321,CUST-0574,PROD-0007,2023-12-03,8,6317.04
ORD-002322,CUST-0277,PROD-0031,2023-06-26,5,4896.6
ORD-002323,CUST-0819,PROD-0054,2023-08-11,11,2363.86
ORD-002324,CUST-0334,PROD-0100,2023-01-20,13,10807.03
ORD-002325,CUST-0922,PROD-0065,2023-07-27,13,8810.36
ORD-002326,CUST-0900,PROD-0020,2023-11-01,10,5040.2
ORD-002327,CUST-0180,PROD-0027,2023-10-24,19,10359.18
ORD-002328,CUST-0006,PROD-0070,2023-01-25,19,16182.3
ORD-002329,CUST-0642,PROD-0013,2023-11-06,17,9628.8
ORD-002330,CUST-0686,PROD-0088,2023-06-20,9,4047.3
ORD-002331,CUST-0491,PROD-0083,2023-05-20,3,1513.73
ORD-002332,CUST-0643,PROD-0043,2023-09-29,13,815.49
ORD-002333,CUST-0465,PROD-0014,2023-05-19,11,4005.41
ORD-002334,CUST-0632,PROD-0004,2023-08-25,6,5340.06
ORD-002335,CUST-0862,PROD-0036,2023-02-02,11,7174.2
ORD-002336,CUST-0208,PROD-0004,2023-04-18,19,16910.19
ORD-002337,CUST-0323,PROD-0057,2023-12-10,7,2269.34
ORD-002338,CUST-0871,PROD-0022,2023-09-05,19,7203.66
ORD-002339,CUST-0681,PROD-0080,2023-03-27,2,1270.68
ORD-002340,CUST-0801,PROD-0028,2023-04-28,8,5148.88
ORD-002341,CUST-0446,PROD-0062,2023-07-04,17,15834.14
ORD-002342,CUST-0088,PROD-0053,2023-06-03,5,4903.6
ORD-002343,CUST-0984,PROD-0014,2023-01-11,9,3277.15
ORD-002344,CUST-0198,PROD-0056,2023-10-08,13,5359.38
ORD-002345,CUST-0084,PROD-0063,2023-10-03,16,2470.27
ORD-002346,CUST-0472,PROD-0081,2023-12-14,7,1720.4
ORD-002347,CUST-0239,PROD-0035,2023-05-30,8,2904.64
ORD-002348,CUST-0272,PROD-0008,2023-11-24,4,2702.44
ORD-002349,CUST-0974,PROD-0004,2023-09-30,1,890.01
ORD-002350,CUST-0778,PROD-0005,2023-01-22,15,12808.65
ORD-002351,CUST-0834,PROD-0072,2023-07-01,1,714.73
ORD-002352,CUST-0928,PROD-0070,2023-01-26,1,851.7
ORD-002353,CUST-0043,PROD-0075,2023-01-21,7,3019.73
ORD-002354,CUST-0715,PROD-0055,2023-05-13,5,1924.98
ORD-002355,CUST-0599,PROD-0026,2023-01-29,12,6620.28
ORD-002356,CUST-0743,PROD-0010,2023-03-18,11,4233.24
ORD-002357,CUST-0706,PROD-0012,2023-05-15,2,1948.38
ORD-002358,CUST-0886,PROD-0025,2023-02-19,12,3862.8
ORD-002359,CUST-0778,PROD-0030,2023-01-21,3,1794.21
ORD-002360,CUST-0273,PROD-0018,2023-04-21,15,2886.15
ORD-002361,CUST-0410,PROD-0065,2023-01-02,2,1355.44
ORD-002362,CUST-0235,PROD-0033,2023-03-11,2,1815.96
ORD-002363,CUST-0680,PROD-0054,2023-04-08,5,1074.48
ORD-002364,CUST-0503,PROD-0010,2023-02-03,15,5772.6
ORD-002365,CUST-0480,PROD-0094,2023-03-15,12,10358.4
ORD-002366,CUST-0318,PROD-0010,2023-07-03,4,1539.36
ORD-002367,CUST-0961,PROD-0070,2023-07-31,14,11923.8
ORD-002368,CUST-0190,PROD-0001,2023-09-29,5,4248.65
ORD-002369,CUST-0494,PROD-0032,2023-05-02,6,2982.06
ORD-002370,CUST-0282,PROD-0021,2023-07-27,16,3124.0
ORD-002371,CUST-0310,PROD-0018,2023-09-20,19,3655.79
ORD-002372,CUST-0327,PROD-0062,2023-07-07,2,1862.84
ORD-002373,CUST-0232,PROD-0089,2023-11-21,4,2714.36
ORD-002374,CUST-0167,PROD-0028,2023-11-20,14,9010.54
ORD-002375,CUST-0607,PROD-0054,2023-07-10,1,214.9
ORD-002376,CUST-0640,PROD-0010,2023-09-27,3,1154.52
ORD-002377,CUST-0500,PROD-0065,2023-02-09,10,6777.2
ORD-002378,CUST-0885,PROD-0027,2023-09-21,1,545.22
ORD-002379,CUST-0707,PROD-0013,2023-03-10,14,7929.6
ORD-002380,CUST-0306,PROD-0029,2023-12-31,18,7071.19
ORD-002381,CUST-0728,PROD-0086,2023-07-14,13,1754.22
ORD-002382,CUST-0342,PROD-0017,2023-08-08,9,8951.13
ORD-002383,CUST-0997,PROD-0069,2023-01-30,7,3370.0
ORD-002384,CUST-0321,PROD-0069,2023-12-13,2,962.86
ORD-002385,CUST-0234,PROD-0032,2023-09-24,1,497.01
ORD-002386,CUST-0878,PROD-0031,2023-07-06,5,4896.6
ORD-002387,CUST-0125,PROD-0043,2023-06-19,10,627.3
ORD-002388,CUST-0607,PROD-0055,2023-01-11,19,7314.92
ORD-002389,CUST-0738,PROD-0004,2023-05-21,2,1780.02
ORD-002390,CUST-0480,PROD-0003,2023-07-13,7,2914.94
ORD-002391,CUST-0950,PROD-0097,2023-06-16,3,1592.96
ORD-002392,CUST-0865,PROD-0095,2023-04-12,4,2318.69
ORD-002393,CUST-0485,PROD-0012,2023-05-24,16,15587.04
ORD-002394,CUST-0724,PROD-0082,2023-07-11,2,632.88
ORD-002395,CUST-0511,PROD-0060,2023-05-03,6,2440.8
ORD-002396,CUST-0259,PROD-0079,2023-10-08,7,479.89
ORD-002397,CUST-0147,PROD-0008,2023-07-15,2,1351.22
ORD-002398,CUST-0221,PROD-0087,2023-02-21,11,6460.19
ORD-002399,CUST-0643,PROD-0096,2023-11-21,13,4423.54
ORD-002400,CUST-0064,PROD-0029,2023-04-29,1,392.84
ORD-002401,CUST-0175,PROD-0024,2023-09-27,10,7265.2
ORD-002402,CUST-0638,PROD-0080,2023-09-28,14,8894.76
ORD-002403,CUST-0804,PROD-0069,2023-06-14,6,2888.57
ORD-002404,CUST-0818,PROD-0010,2023-09-26,9,3463.56
ORD-002405,CUST-0869,PROD-0010,2023-07-10,19,7311.96
ORD-002406,CUST-0131,PROD-0029,2023-12-24,17,6678.35
ORD-002407,CUST-0778,PROD-0043,2023-09-10,19,1191.87
ORD-002408,CUST-0533,PROD-0089,2023-07-15,18,12214.62
ORD-002409,CUST-0777,PROD-0033,2023-03-04,13,11803.74
ORD-002410,CUST-0123,PROD-0083,2023-12-29,14,7064.06
ORD-002411,CUST-0192,PROD-0065,2023-03-08,1,677.72
ORD-002412,CUST-0845,PROD-0004,2023-12-21,7,6230.07
ORD-002413,CUST-0009,PROD-0075,2023-10-14,12,5176.68
ORD-002414,CUST-0582,PROD-0097,2023-04-30,16,8495.81
ORD-002415,CUST-0791,PROD-0008,2023-05-21,13,8782.93
ORD-002416,CUST-0151,PROD-0054,2023-11-18,7,1504.27
ORD-002417,CUST-0901,PROD-0049,2023-07-27,11,10494.11
ORD-002418,CUST-0759,PROD-0097,2023-10-17,2,1061.98
ORD-002419,CUST-0646,PROD-0090,2023-12-23,5,1707.95
ORD-002420,CUST-0851,PROD-0003,2023-06-16,9,3747.78
ORD-002421,CUST-0784,PROD-0015,2023-08-03,17,8430.3
ORD-002422,CUST-0228,PROD-0034,2023-12-08,10,4457.1
ORD-002423,CUST-0600,PROD-0043,2023-05-09,16,1003.68
ORD-002424,CUST-0766,PROD-0093,2023-11-22,10,8421.5
ORD-002425,CUST-0286,PROD-0052,2023-01-31,2,1161.7
ORD-002426,CUST-0846,PROD-0089,2023-12-18,6,4071.54
ORD-002427,CUST-0248,PROD-0068,2023-05-26,13,6396.78
ORD-002428,CUST-0639,PROD-0024,2023-05-18,5,3632.6
ORD-002429,CUST-0047,PROD-0084,2023-09-03,12,4911.7
ORD-002430,CUST-0736,PROD-0053,2023-01-31,11,10787.92
ORD-002431,CUST-0187,PROD-0045,2023-09-01,11,5286.05
ORD-002432,CUST-0970,PROD-0015,2023-11-16,7,3471.3
ORD-002433,CUST-0148,PROD-0052,2023-10-18,15,8712.75
ORD-002434,CUST-0120,PROD-0055,2023-05-21,10,3849.96
ORD-002435,CUST-0081,PROD-0094,2023-04-23,19,16400.8
ORD-002436,CUST-0285,PROD-0017,2023-03-02,17,16907.69
ORD-002437,CUST-0967,PROD-0038,2023-03-18,17,14736.96
ORD-002438,CUST-0369,PROD-0004,2023-04-13,6,5340.06
ORD-002439,CUST-0084,PROD-0071,2023-10-28,10,3108.24
ORD-002440,CUST-0515,PROD-0058,2023-09-15,12,5946.84
ORD-002441,CUST-0506,PROD-0095,2023-11-07,7,4057.7
ORD-002442,CUST-0695,PROD-0030,2023-12-08,9,5382.63
ORD-002443,CUST-0794,PROD-0046,2023-04-04,7,2950.0
ORD-002444,CUST-0976,PROD-0045,2023-07-01,6,2883.3
ORD-002445,CUST-0850,PROD-0060,2023-10-27,6,2440.8
ORD-002446,CUST-0322,PROD-0076,2023-01-22,6,2580.91
ORD-002447,CUST-0699,PROD-0100,2023-08-26,11,9144.41
ORD-002448,CUST-0904,PROD-0048,2023-02-14,14,10538.64
ORD-002449,CUST-0894,PROD-0081,2023-05-21,10,2457.72
ORD-002450,CUST-0082,PROD-0049,2023-03-05,7,6678.07
ORD-002451,CUST-0310,PROD-0004,2023-11-12,9,8010.09
ORD-002452,CUST-0802,PROD-0069,2023-01-30,2,962.86
ORD-002453,CUST-0557,PROD-0023,2023-07-04,1,749.29
ORD-002454,CUST-0443,PROD-0070,2023-07-15,14,11923.8
ORD-002455,CUST-0176,PROD-0038,2023-06-05,1,866.88
ORD-002456,CUST-0157,PROD-0017,2023-06-06,6,5967.42
ORD-002457,CUST-0191,PROD-0018,2023-11-05,16,3078.56
ORD-002458,CUST-0482,PROD-0075,2023-02-01,10,4313.9
ORD-002459,CUST-0679,PROD-0011,2023-12-27,5,4706.65
ORD-002460,CUST-0523,PROD-0015,2023-01-18,8,3967.2
ORD-002461,CUST-0630,PROD-0002,2023-06-09,5,4296.0
ORD-002462,CUST-0148,PROD-0067,2023-12-10,17,4574.36
ORD-002463,CUST-0086,PROD-0024,2023-11-25,14,10171.28
ORD-002464,CUST-0223,PROD-0028,2023-01-17,2,1287.22
ORD-002465,CUST-0442,PROD-0031,2023-06-11,17,16648.44
ORD-002466,CUST-0271,PROD-0069,2023-11-20,15,7221.42
ORD-002467,CUST-0357,PROD-0003,2023-10-18,8,3331.36
ORD-002468,CUST-0200,PROD-0014,2023-05-24,7,2548.9
ORD-002469,CUST-0840,PROD-0081,2023-04-20,4,983.09
ORD-002470,CUST-0416,PROD-0070,2023-07-14,9,7665.3
ORD-002471,CUST-0237,PROD-0070,2023-05-16,16,13627.2
ORD-002472,CUST-0247,PROD-0060,2023-02-21,8,3254.4
ORD-002473,CUST-0992,PROD-0054,2023-06-14,5,1074.48
ORD-002474,CUST-0144,PROD-0077,2023-07-19,17,10527.76
ORD-002475,CUST-0062,PROD-0038,2023-03-29,9,7801.92
ORD-002476,CUST-0991,PROD-0017,2023-11-10,18,17902.26
ORD-002477,CUST-0645,PROD-0026,2023-12-11,4,2206.76
ORD-002478,CUST-0543,PROD-0045,2023-07-28,5,2402.75
ORD-002479,CUST-0495,PROD-0011,2023-07-07,16,15061.28
ORD-002480,CUST-0606,PROD-0023,2023-06-07,19,14236.51
ORD-002481,CUST-0204,PROD-0069,2023-01-15,8,3851.42
ORD-002482,CUST-0043,PROD-0074,2023-02-13,19,5901.02
ORD-002483,CUST-0596,PROD-0094,2023-10-03,6,5179.2
ORD-002484,CUST-0950,PROD-0066,2023-10-04,16,9444.1
ORD-002485,CUST-0502,PROD-0040,2023-03-10,19,9674.99
ORD-002486,CUST-0238,PROD-0095,2023-09-14,14,8115.41
ORD-002487,CUST-0690,PROD-0022,2023-11-10,18,6824.52
ORD-002488,CUST-0587,PROD-0094,2023-10-29,2,1726.4
ORD-002489,CUST-0733,PROD-0007,2023-02-10,4,3158.52
ORD-002490,CUST-0496,PROD-0006,2023-05-29,13,12179.96
ORD-002491,CUST-0718,PROD-0062,2023-10-04,8,7451.36
ORD-002492,CUST-0093,PROD-0051,2023-04-12,15,8793.72
ORD-002493,CUST-0759,PROD-0032,2023-11-02,2,994.02
ORD-002494,CUST-0998,PROD-0097,2023-08-03,12,6371.86
ORD-002495,CUST-0680,PROD-0093,2023-05-03,13,10947.95
ORD-002496,CUST-0476,PROD-0090,2023-03-30,10,3415.9
ORD-002497,CUST-0490,PROD-0056,2023-11-16,12,4947.12
ORD-002498,CUST-0952,PROD-0062,2023-09-05,4,3725.68
ORD-002499,CUST-0273,PROD-0027,2023-11-02,6,3271.32
ORD-002500,CUST-0069,PROD-0048,2023-04-27,3,2258.28
ORD-002501,CUST-0811,PROD-0062,2023-03-20,16,14902.72
ORD-002502,CUST-0675,PROD-0073,2023-03-20,6,3370.56
ORD-002503,CUST-0256,PROD-0034,2023-12-01,18,8022.78
ORD-002504,CUST-0649,PROD-0091,2023-08-16,16,9432.19
ORD-002505,CUST-0799,PROD-0011,2023-02-22,1,941.33
ORD-002506,CUST-0057,PROD-0095,2023-09-14,6,3478.03
ORD-002507,CUST-0643,PROD-0017,2023-12-30,14,13923.98
ORD-002508,CUST-0912,PROD-0053,2023-10-06,11,10787.92
ORD-002509,CUST-0451,PROD-0066,2023-01-23,4,2361.02
ORD-002510,CUST-0729,PROD-0032,2023-11-13,13,6461.13
ORD-002511,CUST-0641,PROD-0033,2023-08-09,13,11803.74
ORD-002512,CUST-0473,PROD-0041,2023-06-29,15,8708.4
ORD-002513,CUST-0518,PROD-0055,2023-01-15,8,3079.97
ORD-002514,CUST-0259,PROD-0088,2023-08-22,16,7195.2
ORD-002515,CUST-0709,PROD-0045,2023-10-05,2,961.1
ORD-002516,CUST-0567,PROD-0063,2023-03-27,17,2624.66
ORD-002517,CUST-0869,PROD-0046,2023-02-21,15,6321.42
ORD-002518,CUST-0969,PROD-0063,2023-04-29,11,1698.31
ORD-002519,CUST-0798,PROD-0034,2023-10-05,15,6685.65
ORD-002520,CUST-0350,PROD-0016,2023-11-29,14,7416.02
ORD-002521,CUST-0213,PROD-0050,2023-04-12,14,4817.96
ORD-002522,CUST-0644,PROD-0024,2023-04-14,3,2179.56
ORD-002523,CUST-0576,PROD-0012,2023-07-27,17,16561.23
ORD-002524,CUST-0357,PROD-0054,2023-12-17,12,2578.75
ORD-002525,CUST-0002,PROD-0061,2023-12-18,12,10167.96
ORD-002526,CUST-0396,PROD-0067,2023-07-07,5,1345.4
ORD-002527,CUST-0114,PROD-0073,2023-10-18,19,10673.44
ORD-002528,CUST-0474,PROD-0087,2023-07-11,9,5285.61
ORD-002529,CUST-0486,PROD-0070,2023-10-17,10,8517.0
ORD-002530,CUST-0429,PROD-0078,2023-04-29,18,3906.36
ORD-002531,CUST-0286,PROD-0050,2023-12-03,14,4817.96
ORD-002532,CUST-0906,PROD-0091,2023-06-14,17,10021.7
ORD-002533,CUST-0435,PROD-0063,2023-09-20,12,1852.7
ORD-002534,CUST-0471,PROD-0060,2023-04-01,11,4474.8
ORD-002535,CUST-0156,PROD-0093,2023-10-08,17,14316.55
ORD-002536,CUST-0133,PROD-0072,2023-08-20,3,2144.19
ORD-002537,CUST-0578,PROD-0081,2023-11-02,10,2457.72
ORD-002538,CUST-0599,PROD-0026,2023-11-05,3,1655.07
ORD-002539,CUST-0210,PROD-0002,2023-01-05,10,8592.0
ORD-002540,CUST-0774,PROD-0026,2023-09-09,18,9930.42
ORD-002541,CUST-0325,PROD-0085,2023-03-02,4,3555.52
ORD-002542,CUST-0471,PROD-0036,2023-02-02,17,11087.4
ORD-002543,CUST-0265,PROD-0002,2023-08-22,9,7732.8
ORD-002544,CUST-0357,PROD-0048,2023-01-02,3,2258.28
ORD-002545,CUST-0933,PROD-0078,2023-04-28,3,651.06
ORD-002546,CUST-0172,PROD-0095,2023-11-21,17,9854.42
ORD-002547,CUST-0986,PROD-0024,2023-01-02,1,726.52
ORD-002548,CUST-0926,PROD-0046,2023-06-28,6,2528.57
ORD-002549,CUST-0979,PROD-0084,2023-03-08,13,5321.0
ORD-002550,CUST-0205,PROD-0098,2023-11-29,8,4370.72
ORD-002551,CUST-0172,PROD-0010,2023-02-12,14,5387.76
ORD-002552,CUST-0185,PROD-0008,2023-11-18,13,8782.93
ORD-002553,CUST-0367,PROD-0083,2023-11-18,6,3027.46
ORD-002554,CUST-0501,PROD-0063,2023-11-28,19,2933.45
ORD-002555,CUST-0014,PROD-0028,2023-08-06,12,7723.32
ORD-002556,CUST-0753,PROD-0099,2023-05-16,16,5441.92
ORD-002557,CUST-0449,PROD-0020,2023-10-29,13,6552.26
ORD-002558,CUST-0847,PROD-0005,2023-04-26,6,5123.46
ORD-002559,CUST-0159,PROD-0040,2023-07-26,16,8147.36
ORD-002560,CUST-0964,PROD-0079,2023-03-30,13,891.23
ORD-002561,CUST-0268,PROD-0095,2023-09-12,7,4057.7
ORD-002562,CUST-0483,PROD-0076,2023-02-23,15,6452.28
ORD-002563,CUST-0468,PROD-0038,2023-08-28,16,13870.08
ORD-002564,CUST-0471,PROD-0046,2023-05-09,10,4214.28
ORD-002565,CUST-0807,PROD-0099,2023-01-31,5,1700.6
ORD-002566,CUST-0061,PROD-0033,2023-08-19,14,12711.72
ORD-002567,CUST-0836,PROD-0058,2023-06-04,16,7929.12
ORD-002568,CUST-0281,PROD-0034,2023-02-27,1,445.71
ORD-002569,CUST-0122,PROD-0016,2023-12-11,16,8475.46
ORD-002570,CUST-0886,PROD-0086,2023-05-13,2,269.88
ORD-002571,CUST-0718,PROD-0076,2023-04-04,3,1290.46
ORD-002572,CUST-0046,PROD-0097,2023-06-15,15,7964.82
ORD-002573,CUST-0727,PROD-0063,2023-05-05,8,1235.14
ORD-002574,CUST-0174,PROD-0038,2023-08-08,1,866.88
ORD-002575,CUST-0314,PROD-0018,2023-11-06,11,2116.51
ORD-002576,CUST-0583,PROD-0076,2023-03-07,11,4731.67
ORD-002577,CUST-0887,PROD-0020,2023-02-02,3,1512.06
ORD-002578,CUST-0250,PROD-0027,2023-08-11,10,5452.2
ORD-002579,CUST-0527,PROD-0066,2023-11-13,7,4131.79
ORD-002580,CUST-0131,PROD-0043,2023-06-03,6,376.38
ORD-002581,CUST-0451,PROD-0064,2023-01-29,12,5810.98
ORD-002582,CUST-0127,PROD-0035,2023-08-29,11,3993.88
ORD-002583,CUST-0528,PROD-0030,2023-02-04,5,2990.35
ORD-002584,CUST-0658,PROD-0068,2023-07-27,11,5412.66
ORD-002585,CUST-0651,PROD-0004,2023-08-26,6,5340.06
ORD-002586,CUST-0273,PROD-0081,2023-05-29,10,2457.72
ORD-002587,CUST-0713,PROD-0071,2023-09-02,3,932.47
ORD-002588,CUST-0840,PROD-0044,2023-06-02,14,13925.24
ORD-002589,CUST-0141,PROD-0013,2023-09-06,17,9628.8
ORD-002590,CUST-0384,PROD-0064,2023-02-18,11,5326.73
ORD-002591,CUST-0175,PROD-0083,2023-07-25,15,7568.64
ORD-002592,CUST-0702,PROD-0010,2023-05-04,9,3463.56
ORD-002593,CUST-0765,PROD-0039,2023-08-13,15,3683.7
ORD-002594,CUST-0985,PROD-0006,2023-02-24,8,7495.36
ORD-002595,CUST-0020,PROD-0060,2023-01-10,7,2847.6
ORD-002596,CUST-0273,PROD-0039,2023-10-26,8,1964.64
ORD-002597,CUST-0288,PROD-0048,2023-04-29,7,5269.32
ORD-002598,CUST-0746,PROD-0092,2023-01-11,7,6875.4
ORD-002599,CUST-0327,PROD-0060,2023-01-24,1,406.8
ORD-002600,CUST-0144,PROD-0064,2023-05-26,19,9200.71
ORD-002601,CUST-0175,PROD-0026,2023-02-25,7,3861.83
ORD-002602,CUST-0849,PROD-0082,2023-06-25,10,3164.4
ORD-002603,CUST-0390,PROD-0074,2023-03-16,8,2484.64
ORD-002604,CUST-0917,PROD-0058,2023-02-20,1,495.57
ORD-002605,CUST-0451,PROD-0040,2023-07-15,6,3055.26
ORD-002606,CUST-0315,PROD-0048,2023-12-15,14,10538.64
ORD-002607,CUST-0211,PROD-0012,2023-04-24,8,7793.52
ORD-002608,CUST-0600,PROD-0095,2023-11-25,13,7535.74
ORD-002609,CUST-0489,PROD-0045,2023-08-18,9,4324.95
ORD-002610,CUST-0996,PROD-0005,2023-06-25,16,13662.56
ORD-002611,CUST-0686,PROD-0030,2023-06-28,1,598.07
ORD-002612,CUST-0393,PROD-0024,2023-12-19,17,12350.84
ORD-002613,CUST-0026,PROD-0009,2023-09-08,7,4123.49
ORD-002614,CUST-0026,PROD-0090,2023-12-29,2,683.18
ORD-002615,CUST-0432,PROD-0042,2023-10-01,5,3865.9
ORD-002616,CUST-0569,PROD-0016,2023-05-09,19,10064.6
ORD-002617,CUST-0911,PROD-0071,2023-12-10,11,3419.06
ORD-002618,CUST-0132,PROD-0098,2023-03-12,12,6556.08
ORD-002619,CUST-0437,PROD-0086,2023-12-12,10,1349.4
ORD-002620,CUST-0388,PROD-0085,2023-07-23,6,5333.28
ORD-002621,CUST-0005,PROD-0007,2023-10-28,10,7896.3
ORD-002622,CUST-0862,PROD-0014,2023-05-12,13,4733.66
ORD-002623,CUST-0118,PROD-0024,2023-08-11,6,4359.12
ORD-002624,CUST-0970,PROD-0090,2023-09-15,14,4782.26
ORD-002625,CUST-0886,PROD-0015,2023-02-26,10,4959.0
ORD-002626,CUST-0790,PROD-0011,2023-11-14,14,13178.62
ORD-002627,CUST-0064,PROD-0091,2023-11-19,14,8253.17
ORD-002628,CUST-0402,PROD-0053,2023-09-20,2,1961.44
ORD-002629,CUST-0500,PROD-0052,2023-07-12,12,6970.2
ORD-002630,CUST-0535,PROD-0099,2023-10-10,8,2720.96
ORD-002631,CUST-0565,PROD-0012,2023-09-23,13,12664.47
ORD-002632,CUST-0058,PROD-0054,2023-08-27,16,3438.34
ORD-002633,CUST-0044,PROD-0018,2023-11-19,14,2693.74
ORD-002634,CUST-0516,PROD-0029,2023-07-03,14,5499.82
ORD-002635,CUST-0897,PROD-0086,2023-10-09,7,944.58
ORD-002636,CUST-0421,PROD-0073,2023-03-24,10,5617.6
ORD-002637,CUST-0166,PROD-0029,2023-03-10,5,1964.22
ORD-002638,CUST-0202,PROD-0093,2023-12-18,3,2526.45
ORD-002639,CUST-0615,PROD-0079,2023-12-25,10,685.56
ORD-002640,CUST-0213,PROD-0086,2023-09-13,13,1754.22
ORD-002641,CUST-0198,PROD-0044,2023-09-02,6,5967.96
ORD-002642,CUST-0932,PROD-0078,2023-01-20,6,1302.12
ORD-002643,CUST-0509,PROD-0024,2023-02-07,12,8718.24
ORD-002644,CUST-0844,PROD-0039,2023-10-17,10,2455.8
ORD-002645,CUST-0964,PROD-0093,2023-08-18,2,1684.3
ORD-002646,CUST-0083,PROD-0070,2023-11-04,19,16182.3
ORD-002647,CUST-0074,PROD-0028,2023-09-01,19,12228.59
ORD-002648,CUST-0694,PROD-0004,2023-05-01,9,8010.09
ORD-002649,CUST-0190,PROD-0018,2023-01-01,14,2693.74
ORD-002650,CUST-0326,PROD-0026,2023-08-12,4,2206.76
ORD-002651,CUST-0788,PROD-0082,2023-01-17,11,3480.84
ORD-002652,CUST-0436,PROD-0099,2023-05-17,18,6122.16
ORD-002653,CUST-0086,PROD-0023,2023-06-11,12,8991.48
ORD-002654,CUST-0678,PROD-0007,2023-07-15,15,11844.45
ORD-002655,CUST-0999,PROD-0044,2023-05-18,16,15914.56
ORD-002656,CUST-0802,PROD-0092,2023-03-14,18,17679.6
ORD-002657,CUST-0277,PROD-0029,2023-09-27,17,6678.35
ORD-002658,CUST-0626,PROD-0083,2023-09-25,9,4541.18
ORD-002659,CUST-0795,PROD-0020,2023-09-18,17,8568.34
ORD-002660,CUST-0367,PROD-0053,2023-08-24,11,10787.92
ORD-002661,CUST-0530,PROD-0063,2023-08-16,3,463.18
ORD-002662,CUST-0115,PROD-0078,2023-11-15,3,651.06
ORD-002663,CUST-0484,PROD-0027,2023-07-09,16,8723.52
ORD-002664,CUST-0603,PROD-0051,2023-01-02,12,7034.98
ORD-002665,CUST-0089,PROD-0070,2023-11-08,17,14478.9
ORD-002666,CUST-0341,PROD-0070,2023-05-05,13,11072.1
ORD-002667,CUST-0477,PROD-0065,2023-05-04,10,6777.2
ORD-002668,CUST-0923,PROD-0030,2023-03-26,15,8971.05
ORD-002669,CUST-0656,PROD-0006,2023-08-10,5,4684.6
ORD-002670,CUST-0646,PROD-0016,2023-10-10,14,7416.02
ORD-002671,CUST-0174,PROD-0047,2023-06-21,13,11515.66
ORD-002672,CUST-0999,PROD-0005,2023-11-20,18,15370.38
ORD-002673,CUST-0569,PROD-0024,2023-08-05,16,11624.32
ORD-002674,CUST-0920,PROD-0086,2023-03-15,16,2159.04
ORD-002675,CUST-0149,PROD-0042,2023-05-03,9,6958.62
ORD-002676,CUST-0229,PROD-0090,2023-08-02,17,5807.03
ORD-002677,CUST-0773,PROD-0085,2023-05-26,13,11555.44
ORD-002678,CUST-0745,PROD-0088,2023-03-05,19,8544.3
ORD-002679,CUST-0794,PROD-0026,2023-12-31,11,6068.59
ORD-002680,CUST-0827,PROD-0037,2023-05-22,13,8782.15
ORD-002681,CUST-0903,PROD-0027,2023-04-20,19,10359.18
ORD-002682,CUST-0181,PROD-0040,2023-09-03,10,5092.1
ORD-002683,CUST-0555,PROD-0040,2023-01-11,15,7638.15
ORD-002684,CUST-0931,PROD-0050,2023-11-03,13,4473.82
ORD-002685,CUST-0928,PROD-0044,2023-06-24,10,9946.6
ORD-002686,CUST-0983,PROD-0089,2023-02-27,9,6107.31
ORD-002687,CUST-0392,PROD-0094,2023-11-25,4,3452.8
ORD-002688,CUST-0491,PROD-0061,2023-10-03,3,2541.99
ORD-002689,CUST-0254,PROD-0062,2023-05-25,4,3725.68
ORD-002690,CUST-0304,PROD-0006,2023-01-27,3,2810.76
ORD-002691,CUST-0138,PROD-0072,2023-10-09,3,2144.19
ORD-002692,CUST-0505,PROD-0068,2023-06-21,2,984.12
ORD-002693,CUST-0893,PROD-0078,2023-09-15,5,1085.1
ORD-002694,CUST-0302,PROD-0013,2023-02-14,9,5097.6
ORD-002695,CUST-0739,PROD-0006,2023-09-22,14,13116.88
ORD-002696,CUST-0939,PROD-0052,2023-06-16,8,4646.8
ORD-002697,CUST-0688,PROD-0057,2023-12-06,1,324.19
ORD-002698,CUST-0283,PROD-0019,2023-10-05,16,1184.45
ORD-002699,CUST-0382,PROD-0055,2023-11-14,10,3849.96
ORD-002700,CUST-0289,PROD-0094,2023-08-16,3,2589.6
ORD-002701,CUST-0425,PROD-0081,2023-01-20,3,737.32
ORD-002702,CUST-0577,PROD-0020,2023-05-20,3,1512.06
ORD-002703,CUST-0217,PROD-0097,2023-01-27,18,9557.78
ORD-002704,CUST-0874,PROD-0068,2023-06-24,18,8857.08
ORD-002705,CUST-0161,PROD-0014,2023-10-17,10,3641.28
ORD-002706,CUST-0883,PROD-0044,2023-10-03,15,14919.9
ORD-002707,CUST-0313,PROD-0048,2023-02-24,16,12044.16
ORD-002708,CUST-0540,PROD-0030,2023-01-29,3,1794.21
ORD-002709,CUST-0087,PROD-0022,2023-05-11,9,3412.26
ORD-002710,CUST-0010,PROD-0074,2023-07-23,6,1863.48
ORD-002711,CUST-0472,PROD-0037,2023-02-17,18,12159.9
ORD-002712,CUST-0939,PROD-0070,2023-08-06,19,16182.3
ORD-002713,CUST-0625,PROD-0001,2023-05-20,1,849.73
ORD-002714,CUST-0556,PROD-0052,2023-12-01,10,5808.5
ORD-002715,CUST-0610,PROD-0007,2023-05-29,4,3158.52
ORD-002716,CUST-0167,PROD-0088,2023-10-18,8,3597.6
ORD-002717,CUST-0970,PROD-0018,2023-11-06,13,2501.33
ORD-002718,CUST-0654,PROD-0008,2023-02-14,5,3378.05
ORD-002719,CUST-0740,PROD-0043,2023-04-27,8,501.84
ORD-002720,CUST-0900,PROD-0050,2023-10-29,4,1376.56
ORD-002721,CUST-0260,PROD-0049,2023-10-13,7,6678.07
ORD-002722,CUST-0961,PROD-0018,2023-07-15,13,2501.33
ORD-002723,CUST-0562,PROD-0012,2023-03-31,13,12664.47
ORD-002724,CUST-0595,PROD-0042,2023-08-26,4,3092.72
ORD-002725,CUST-0422,PROD-0061,2023-08-03,11,9320.63
ORD-002726,CUST-0450,PROD-0058,2023-12-07,18,8920.26
ORD-002727,CUST-0428,PROD-0057,2023-10-27,11,3566.11
ORD-002728,CUST-0680,PROD-0061,2023-02-01,8,6778.64
ORD-002729,CUST-0799,PROD-0027,2023-11-26,1,545.22
ORD-002730,CUST-0963,PROD-0048,2023-03-10,9,6774.84
ORD-002731,CUST-0195,PROD-0061,2023-03-28,16,13557.28
ORD-002732,CUST-0056,PROD-0048,2023-11-07,2,1505.52
ORD-002733,CUST-0599,PROD-0001,2023-01-26,17,14445.41
ORD-002734,CUST-0042,PROD-0069,2023-02-11,1,481.43
ORD-002735,CUST-0588,PROD-0026,2023-12-20,8,4413.52
ORD-002736,CUST-0780,PROD-0069,2023-06-01,5,2407.14
ORD-002737,CUST-0213,PROD-0056,2023-11-14,17,7008.42
ORD-002738,CUST-0881,PROD-0040,2023-01-16,10,5092.1
ORD-002739,CUST-0097,PROD-0016,2023-01-08,18,9534.89
ORD-002740,CUST-0575,PROD-0039,2023-11-30,16,3929.28
ORD-002741,CUST-0527,PROD-0039,2023-07-03,16,3929.28
ORD-002742,CUST-0669,PROD-0041,2023-02-03,16,9288.96
ORD-002743,CUST-0922,PROD-0009,2023-03-02,16,9425.12
ORD-002744,CUST-0055,PROD-0012,2023-03-26,16,15587.04
ORD-002745,CUST-0170,PROD-0002,2023-10-04,17,14606.4
ORD-002746,CUST-0188,PROD-0081,2023-04-03,17,4178.12
ORD-002747,CUST-0041,PROD-0011,2023-06-06,15,14119.95
ORD-002748,CUST-0952,PROD-0011,2023-03-17,3,2823.99
ORD-002749,CUST-0342,PROD-0091,2023-05-05,18,10611.22
ORD-002750,CUST-0009,PROD-0067,2023-07-31,5,1345.4
ORD-002751,CUST-0827,PROD-0038,2023-11-16,1,866.88
ORD-002752,CUST-0307,PROD-0031,2023-08-20,9,8813.88
ORD-002753,CUST-0147,PROD-0024,2023-03-05,15,10897.8
ORD-002754,CUST-0110,PROD-0093,2023-02-10,19,16000.85
ORD-002755,CUST-0298,PROD-0074,2023-08-16,5,1552.9
ORD-002756,CUST-0868,PROD-0054,2023-11-26,8,1719.17
ORD-002757,CUST-0422,PROD-0009,2023-11-19,16,9425.12
ORD-002758,CUST-0735,PROD-0055,2023-05-18,6,2309.98
ORD-002759,CUST-0525,PROD-0064,2023-08-21,9,4358.23
ORD-002760,CUST-0229,PROD-0019,2023-02-18,11,814.31
ORD-002761,CUST-0935,PROD-0012,2023-03-10,15,14612.85
ORD-002762,CUST-0828,PROD-0022,2023-01-10,3,1137.42
ORD-002763,CUST-0275,PROD-0013,2023-06-06,17,9628.8
ORD-002764,CUST-0579,PROD-0041,2023-03-31,1,580.56
ORD-002765,CUST-0085,PROD-0001,2023-08-28,11,9347.03
ORD-002766,CUST-0388,PROD-0002,2023-09-13,9,7732.8
ORD-002767,CUST-0959,PROD-0012,2023-10-06,9,8767.71
ORD-002768,CUST-0500,PROD-0041,2023-07-21,16,9288.96
ORD-002769,CUST-0601,PROD-0027,2023-04-02,3,1635.66
ORD-002770,CUST-0832,PROD-0054,2023-11-24,1,214.9
ORD-002771,CUST-0333,PROD-0095,2023-02-10,12,6956.06
ORD-002772,CUST-0641,PROD-0094,2023-08-10,17,14674.4
ORD-002773,CUST-0915,PROD-0070,2023-12-26,1,851.7
ORD-002774,CUST-0422,PROD-0091,2023-07-08,15,8842.68
ORD-002775,CUST-0441,PROD-0035,2023-08-08,8,2904.64
ORD-002776,CUST-0752,PROD-0007,2023-02-06,17,13423.71
ORD-002777,CUST-0712,PROD-0023,2023-10-28,2,1498.58
ORD-002778,CUST-0280,PROD-0026,2023-07-02,1,551.69
ORD-002779,CUST-0023,PROD-0066,2023-05-07,10,5902.56
ORD-002780,CUST-0470,PROD-0070,2023-02-28,12,10220.4
ORD-002781,CUST-0833,PROD-0093,2023-06-23,5,4210.75
ORD-002782,CUST-0944,PROD-0003,2023-05-17,19,7911.98
ORD-002783,CUST-0499,PROD-0065,2023-05-18,17,11521.24
ORD-002784,CUST-0254,PROD-0077,2023-12-08,7,4334.96
ORD-002785,CUST-0724,PROD-0062,2023-10-19,2,1862.84
ORD-002786,CUST-0151,PROD-0023,2023-12-10,4,2997.16
ORD-002787,CUST-0941,PROD-0012,2023-06-22,3,2922.57
ORD-002788,CUST-0613,PROD-0043,2023-11-03,15,940.95
ORD-002789,CUST-0481,PROD-0037,2023-07-13,13,8782.15
ORD-002790,CUST-0870,PROD-0040,2023-12-13,4,2036.84
ORD-002791,CUST-0111,PROD-0031,2023-07-29,9,8813.88
ORD-002792,CUST-0171,PROD-0095,2023-11-27,3,1739.02
ORD-002793,CUST-0020,PROD-0087,2023-12-24,12,7047.48
ORD-002794,CUST-0769,PROD-0065,2023-08-14,13,8810.36
ORD-002795,CUST-0259,PROD-0050,2023-03-29,5,1720.7
ORD-002796,CUST-0949,PROD-0051,2023-08-12,2,1172.5
ORD-002797,CUST-0597,PROD-0098,2023-12-27,4,2185.36
ORD-002798,CUST-0732,PROD-0061,2023-10-08,15,12709.95
ORD-002799,CUST-0231,PROD-0006,2023-02-05,12,11243.04
ORD-002800,CUST-0591,PROD-0016,2023-05-22,2,1059.43
ORD-002801,CUST-0169,PROD-0063,2023-05-04,3,463.18
ORD-002802,CUST-0527,PROD-0078,2023-10-27,9,1953.18
ORD-002803,CUST-0678,PROD-0037,2023-08-20,9,6079.95
ORD-002804,CUST-0528,PROD-0037,2023-12-06,9,6079.95
ORD-002805,CUST-0648,PROD-0088,2023-10-03,16,7195.2
ORD-002806,CUST-0414,PROD-0070,2023-09-05,2,1703.4
ORD-002807,CUST-0113,PROD-0018,2023-09-30,2,384.82
ORD-002808,CUST-0901,PROD-0005,2023-03-17,8,6831.28
ORD-002809,CUST-0354,PROD-0008,2023-03-14,8,5404.88
ORD-002810,CUST-0030,PROD-0049,2023-09-24,8,7632.08
ORD-002811,CUST-0775,PROD-0040,2023-06-24,2,1018.42
ORD-002812,CUST-0560,PROD-0013,2023-08-23,11,6230.4
ORD-002813,CUST-0972,PROD-0079,2023-02-24,7,479.89
ORD-002814,CUST-0326,PROD-0090,2023-01-22,17,5807.03
ORD-002815,CUST-0290,PROD-0049,2023-11-26,8,7632.08
ORD-002816,CUST-0194,PROD-0047,2023-03-16,8,7086.56
ORD-002817,CUST-0850,PROD-0087,2023-11-18,19,11158.51
ORD-002818,CUST-0382,PROD-0081,2023-02-19,11,2703.49
ORD-002819,CUST-0764,PROD-0038,2023-02-26,11,9535.68
ORD-002820,CUST-0181,PROD-0085,2023-11-22,11,9777.68
ORD-002821,CUST-0280,PROD-0013,2023-07-14,8,4531.2
ORD-002822,CUST-0076,PROD-0049,2023-02-12,7,6678.07
ORD-002823,CUST-0178,PROD-0062,2023-10-06,2,1862.84
ORD-002824,CUST-0689,PROD-0082,2023-11-12,10,3164.4
ORD-002825,CUST-0661,PROD-0022,2023-10-08,18,6824.52
ORD-002826,CUST-0622,PROD-0003,2023-01-01,18,7495.56
ORD-002827,CUST-0120,PROD-0032,2023-03-20,18,8946.18
ORD-002828,CUST-0292,PROD-0061,2023-02-11,11,9320.63
ORD-002829,CUST-0454,PROD-0022,2023-01-11,9,3412.26
ORD-002830,CUST-0509,PROD-0019,2023-02-23,13,962.36
ORD-002831,CUST-0190,PROD-0057,2023-07-27,8,2593.54
ORD-002832,CUST-0098,PROD-0015,2023-06-01,8,3967.2
ORD-002833,CUST-0382,PROD-0090,2023-03-14,18,6148.62
ORD-002834,CUST-0086,PROD-0015,2023-07-08,10,4959.0
ORD-002835,CUST-0763,PROD-0061,2023-04-14,11,9320.63
ORD-002836,CUST-0246,PROD-0091,2023-07-01,12,7074.14
ORD-002837,CUST-0936,PROD-0040,2023-05-16,6,3055.26
ORD-002838,CUST-0932,PROD-0027,2023-05-08,14,7633.08
ORD-002839,CUST-0189,PROD-0037,2023-09-16,9,6079.95
ORD-002840,CUST-0219,PROD-0095,2023-04-26,19,11013.77
ORD-002841,CUST-0369,PROD-0057,2023-06-07,18,5835.46
ORD-002842,CUST-0548,PROD-0069,2023-09-14,6,2888.57
ORD-002843,CUST-0069,PROD-0035,2023-11-20,8,2904.64
ORD-002844,CUST-0311,PROD-0071,2023-03-01,11,3419.06
ORD-002845,CUST-0910,PROD-0014,2023-06-10,8,2913.02
ORD-002846,CUST-0911,PROD-0046,2023-05-28,16,6742.85
ORD-002847,CUST-0802,PROD-0042,2023-09-25,3,2319.54
ORD-002848,CUST-0345,PROD-0061,2023-04-10,2,1694.66
ORD-002849,CUST-0128,PROD-0095,2023-10-10,18,10434.1
ORD-002850,CUST-0603,PROD-0012,2023-01-31,6,5845.14
ORD-002851,CUST-0073,PROD-0010,2023-05-16,2,769.68
ORD-002852,CUST-0994,PROD-0100,2023-02-22,13,10807.03
ORD-002853,CUST-0123,PROD-0013,2023-08-23,12,6796.8
ORD-002854,CUST-0563,PROD-0058,2023-04-30,2,991.14
ORD-002855,CUST-0837,PROD-0063,2023-10-20,12,1852.7
ORD-002856,CUST-0366,PROD-0023,2023-04-13,8,5994.32
ORD-002857,CUST-0457,PROD-0008,2023-05-06,2,1351.22
ORD-002858,CUST-0227,PROD-0053,2023-06-10,14,13730.08
ORD-002859,CUST-0513,PROD-0006,2023-07-20,10,9369.2
ORD-002860,CUST-0757,PROD-0063,2023-04-14,18,2779.06
ORD-002861,CUST-0060,PROD-0022,2023-03-07,10,3791.4
ORD-002862,CUST-0118,PROD-0020,2023-01-14,6,3024.12
ORD-002863,CUST-0818,PROD-0080,2023-03-12,12,7624.08
ORD-002864,CUST-0454,PROD-0096,2023-09-18,19,6465.17
ORD-002865,CUST-0644,PROD-0071,2023-08-03,2,621.65
ORD-002866,CUST-0516,PROD-0012,2023-04-11,13,12664.47
ORD-002867,CUST-0670,PROD-0035,2023-09-24,15,5446.2
ORD-002868,CUST-0525,PROD-0077,2023-10-12,5,3096.4
ORD-002869,CUST-0084,PROD-0095,2023-07-20,16,9274.75
ORD-002870,CUST-0867,PROD-0065,2023-01-24,16,10843.52
ORD-002871,CUST-0406,PROD-0100,2023-01-27,4,3325.24
ORD-002872,CUST-0308,PROD-0076,2023-10-02,4,1720.61
ORD-002873,CUST-0346,PROD-0041,2023-12-25,4,2322.24
ORD-002874,CUST-0202,PROD-0063,2023-08-17,16,2470.27
ORD-002875,CUST-0441,PROD-0054,2023-08-11,12,2578.75
ORD-002876,CUST-0459,PROD-0014,2023-02-20,14,5097.79
ORD-002877,CUST-0995,PROD-0032,2023-04-06,17,8449.17
ORD-002878,CUST-0803,PROD-0038,2023-12-01,18,15603.84
ORD-002879,CUST-0376,PROD-0076,2023-04-02,3,1290.46
ORD-002880,CUST-0157,PROD-0035,2023-09-26,12,4356.96
ORD-002881,CUST-0201,PROD-0092,2023-03-10,10,9822.0
ORD-002882,CUST-0576,PROD-0078,2023-10-09,13,2821.26
ORD-002883,CUST-0177,PROD-0057,2023-07-05,15,4862.88
ORD-002884,CUST-0659,PROD-0092,2023-07-11,4,3928.8
ORD-002885,CUST-0835,PROD-0018,2023-05-05,16,3078.56
ORD-002886,CUST-0193,PROD-0059,2023-07-03,14,5393.22
ORD-002887,CUST-0785,PROD-0050,2023-10-24,15,5162.1
ORD-002888,CUST-0264,PROD-0060,2023-11-22,8,3254.4
ORD-002889,CUST-0383,PROD-0053,2023-11-12,3,2942.16
ORD-002890,CUST-0231,PROD-0045,2023-05-04,12,5766.6
ORD-002891,CUST-0050,PROD-0018,2023-07-18,18,3463.38
ORD-002892,CUST-0919,PROD-0057,2023-06-18,16,5187.07
ORD-002893,CUST-0153,PROD-0100,2023-05-21,19,15794.89
ORD-002894,CUST-0551,PROD-0001,2023-05-27,1,849.73
ORD-002895,CUST-0080,PROD-0036,2023-08-18,1,652.2
ORD-002896,CUST-0560,PROD-0036,2023-10-01,7,4565.4
ORD-002897,CUST-0411,PROD-0006,2023-11-04,19,17801.48
ORD-002898,CUST-0315,PROD-0084,2023-11-23,12,4911.7
ORD-002899,CUST-0201,PROD-0095,2023-02-26,7,4057.7
ORD-002900,CUST-0661,PROD-0062,2023-12-31,17,15834.14
ORD-002901,CUST-0850,PROD-0090,2023-06-09,3,1024.77
ORD-002902,CUST-0831,PROD-0020,2023-10-05,15,7560.3
ORD-002903,CUST-0635,PROD-0042,2023-07-07,19,14690.42
ORD-002904,CUST-0832,PROD-0068,2023-11-19,16,7872.96
ORD-002905,CUST-0517,PROD-0031,2023-07-21,7,6855.24
ORD-002906,CUST-0135,PROD-0001,2023-12-11,19,16144.87
ORD-002907,CUST-0528,PROD-0075,2023-04-19,17,7333.63
ORD-002908,CUST-0173,PROD-0031,2023-04-09,17,16648.44
ORD-002909,CUST-0175,PROD-0048,2023-05-21,18,13549.68
ORD-002910,CUST-0587,PROD-0024,2023-10-15,19,13803.88
ORD-002911,CUST-0716,PROD-0057,2023-04-23,4,1296.77
ORD-002912,CUST-0021,PROD-0100,2023-04-14,15,12469.65
ORD-002913,CUST-0764,PROD-0053,2023-08-24,6,5884.32
ORD-002914,CUST-0960,PROD-0047,2023-08-05,14,12401.48
ORD-002915,CUST-0828,PROD-0004,2023-12-27,10,8900.1
ORD-002916,CUST-0596,PROD-0083,2023-04-28,19,9586.94
ORD-002917,CUST-0697,PROD-0072,2023-10-22,16,11435.68
ORD-002918,CUST-0639,PROD-0050,2023-08-16,10,3441.4
ORD-002919,CUST-0418,PROD-0043,2023-09-15,3,188.19
ORD-002920,CUST-0191,PROD-0032,2023-02-27,13,6461.13
ORD-002921,CUST-0831,PROD-0012,2023-05-16,15,14612.85
ORD-002922,CUST-0694,PROD-0008,2023-01-20,12,8107.32
ORD-002923,CUST-0028,PROD-0070,2023-08-10,2,1703.4
ORD-002924,CUST-0844,PROD-0080,2023-07-27,9,5718.06
ORD-002925,CUST-0204,PROD-0013,2023-11-08,5,2832.0
ORD-002926,CUST-0366,PROD-0013,2023-02-21,4,2265.6
ORD-002927,CUST-0613,PROD-0091,2023-09-11,10,5895.12
ORD-002928,CUST-0197,PROD-0076,2023-05-16,6,2580.91
ORD-002929,CUST-0656,PROD-0024,2023-08-21,11,7991.72
ORD-002930,CUST-0184,PROD-0046,2023-06-02,9,3792.85
ORD-002931,CUST-0655,PROD-0016,2023-03-26,12,6356.59
ORD-002932,CUST-0271,PROD-0043,2023-03-13,2,125.46
ORD-002933,CUST-0159,PROD-0004,2023-02-13,10,8900.1
ORD-002934,CUST-0977,PROD-0055,2023-10-28,19,7314.92
ORD-002935,CUST-0727,PROD-0050,2023-10-20,12,4129.68
ORD-002936,CUST-0663,PROD-0048,2023-03-05,9,6774.84
ORD-002937,CUST-0378,PROD-0007,2023-07-11,17,13423.71
ORD-002938,CUST-0433,PROD-0002,2023-10-08,15,12888.0
ORD-002939,CUST-0089,PROD-0021,2023-04-13,6,1171.5
ORD-002940,CUST-0251,PROD-0062,2023-09-07,9,8382.78
ORD-002941,CUST-0948,PROD-0012,2023-04-07,11,10716.09
ORD-002942,CUST-0759,PROD-0017,2023-11-12,3,2983.71
ORD-002943,CUST-0352,PROD-0019,2023-10-21,5,370.14
ORD-002944,CUST-0483,PROD-0005,2023-09-30,9,7685.19
ORD-002945,CUST-0675,PROD-0071,2023-06-01,13,4040.71
ORD-002946,CUST-0229,PROD-0058,2023-01-06,6,2973.42
ORD-002947,CUST-0948,PROD-0026,2023-03-02,19,10482.11
ORD-002948,CUST-0915,PROD-0054,2023-12-11,14,3008.54
ORD-002949,CUST-0424,PROD-0028,2023-06-30,13,8366.93
ORD-002950,CUST-0844,PROD-0029,2023-09-05,17,6678.35
ORD-002951,CUST-0250,PROD-0095,2023-07-10,15,8695.08
ORD-002952,CUST-0296,PROD-0068,2023-09-24,12,5904.72
ORD-002953,CUST-0148,PROD-0003,2023-05-24,12,4997.04
ORD-002954,CUST-0388,PROD-0096,2023-02-17,11,3742.99
ORD-002955,CUST-0130,PROD-0071,2023-03-17,14,4351.54
ORD-002956,CUST-0603,PROD-0006,2023-12-09,16,14990.72
ORD-002957,CUST-0283,PROD-0055,2023-11-08,2,769.99
ORD-002958,CUST-0434,PROD-0014,2023-07-07,19,6918.43
ORD-002959,CUST-0297,PROD-0023,2023-11-04,1,749.29
ORD-002960,CUST-0539,PROD-0050,2023-05-21,1,344.14
ORD-002961,CUST-0217,PROD-0054,2023-11-25,16,3438.34
ORD-002962,CUST-0848,PROD-0020,2023-01-24,6,3024.12
ORD-002963,CUST-0122,PROD-0043,2023-01-30,1,62.73
ORD-002964,CUST-0265,PROD-0097,2023-11-12,9,4778.89
ORD-002965,CUST-0102,PROD-0017,2023-12-12,17,16907.69
ORD-002966,CUST-0577,PROD-0018,2023-07-24,1,192.41
ORD-002967,CUST-0178,PROD-0035,2023-08-05,12,4356.96
ORD-002968,CUST-0539,PROD-0091,2023-09-11,9,5305.61
ORD-002969,CUST-0393,PROD-0085,2023-03-25,14,12444.32
ORD-002970,CUST-0761,PROD-0094,2023-10-06,8,6905.6
ORD-002971,CUST-0835,PROD-0089,2023-03-24,4,2714.36
ORD-002972,CUST-0854,PROD-0018,2023-08-13,13,2501.33
ORD-002973,CUST-0340,PROD-0095,2023-04-05,13,7535.74
ORD-002974,CUST-0516,PROD-0019,2023-10-08,3,222.08
ORD-002975,CUST-0373,PROD-0084,2023-07-19,19,7776.85
ORD-002976,CUST-0362,PROD-0056,2023-02-14,1,412.26
ORD-002977,CUST-0740,PROD-0069,2023-07-22,1,481.43
ORD-002978,CUST-0137,PROD-0085,2023-02-14,9,7999.92
ORD-002979,CUST-0122,PROD-0048,2023-03-04,18,13549.68
ORD-002980,CUST-0582,PROD-0095,2023-11-11,3,1739.02
ORD-002981,CUST-0125,PROD-0010,2023-06-15,16,6157.44
ORD-002982,CUST-0558,PROD-0028,2023-06-08,19,12228.59
ORD-002983,CUST-0031,PROD-0092,2023-06-01,3,2946.6
ORD-002984,CUST-0126,PROD-0067,2023-03-23,1,269.08
ORD-002985,CUST-0683,PROD-0034,2023-04-02,5,2228.55
ORD-002986,CUST-0536,PROD-0048,2023-01-24,7,5269.32
ORD-002987,CUST-0944,PROD-0012,2023-11-24,9,8767.71
ORD-002988,CUST-0800,PROD-0016,2023-06-01,2,1059.43
ORD-002989,CUST-0017,PROD-0073,2023-04-22,2,1123.52
ORD-002990,CUST-0378,PROD-0004,2023-03-29,9,8010.09
ORD-002991,CUST-0192,PROD-0063,2023-12-09,1,154.39
ORD-002992,CUST-0066,PROD-0012,2023-02-12,5,4870.95
ORD-002993,CUST-0244,PROD-0003,2023-11-24,17,7079.14
ORD-002994,CUST-0460,PROD-0070,2023-12-29,10,8517.0
ORD-002995,CUST-0686,PROD-0079,2023-07-29,14,959.78
ORD-002996,CUST-0618,PROD-0028,2023-07-06,5,3218.05
ORD-002997,CUST-0724,PROD-0076,2023-01-05,6,2580.91
ORD-002998,CUST-0630,PROD-0066,2023-12-04,7,4131.79
ORD-002999,CUST-0149,PROD-0073,2023-07-11,17,9549.92
ORD-003000,CUST-0709,PROD-0064,2023-03-15,3,1452.74
ORD-003001,CUST-0372,PROD-0037,2023-11-20,10,6755.5
ORD-003002,CUST-0088,PROD-0021,2023-03-20,17,3319.25
ORD-003003,CUST-0518,PROD-0042,2023-12-14,9,6958.62
ORD-003004,CUST-0601,PROD-0059,2023-12-11,9,3467.07
ORD-003005,CUST-0677,PROD-0011,2023-09-12,18,16943.94
ORD-003006,CUST-0897,PROD-0026,2023-02-19,16,8827.04
ORD-003007,CUST-0812,PROD-0078,2023-05-06,15,3255.3
ORD-003008,CUST-0883,PROD-0090,2023-06-29,11,3757.49
ORD-003009,CUST-0958,PROD-0052,2023-03-05,1,580.85
ORD-003010,CUST-0800,PROD-0100,2023-08-11,13,10807.03
ORD-003011,CUST-0969,PROD-0025,2023-04-04,16,5150.4
ORD-003012,CUST-0834,PROD-0062,2023-01-29,11,10245.62
ORD-003013,CUST-0948,PROD-0040,2023-06-11,1,509.21
ORD-003014,CUST-0321,PROD-0037,2023-08-23,9,6079.95
ORD-003015,CUST-0514,PROD-0097,2023-11-14,14,7433.83
ORD-003016,CUST-0473,PROD-0034,2023-02-09,8,3565.68
ORD-003017,CUST-0790,PROD-0100,2023-12-07,1,831.31
ORD-003018,CUST-0144,PROD-0049,2023-04-10,16,15264.16
ORD-003019,CUST-0885,PROD-0002,2023-09-21,3,2577.6
ORD-003020,CUST-0193,PROD-0022,2023-05-15,16,6066.24
ORD-003021,CUST-0681,PROD-0094,2023-04-11,13,11221.6
ORD-003022,CUST-0331,PROD-0060,2023-12-28,9,3661.2
ORD-003023,CUST-0625,PROD-0037,2023-08-25,6,4053.3
ORD-003024,CUST-0587,PROD-0077,2023-06-11,3,1857.84
ORD-003025,CUST-0677,PROD-0053,2023-09-12,4,3922.88
ORD-003026,CUST-0217,PROD-0071,2023-04-27,18,5594.83
ORD-003027,CUST-0445,PROD-0093,2023-02-03,10,8421.5
ORD-003028,CUST-0957,PROD-0065,2023-04-15,7,4744.04
ORD-003029,CUST-0102,PROD-0044,2023-06-05,5,4973.3
ORD-003030,CUST-0358,PROD-0090,2023-12-31,15,5123.85
ORD-003031,CUST-0038,PROD-0057,2023-05-11,2,648.38
ORD-003032,CUST-0467,PROD-0021,2023-03-19,13,2538.25
ORD-003033,CUST-0093,PROD-0059,2023-07-15,3,1155.69
ORD-003034,CUST-0459,PROD-0012,2023-01-27,1,974.19
ORD-003035,CUST-0502,PROD-0032,2023-06-25,14,6958.14
ORD-003036,CUST-0809,PROD-0008,2023-02-08,18,12160.98
ORD-003037,CUST-0851,PROD-0081,2023-12-02,19,4669.67
ORD-003038,CUST-0455,PROD-0069,2023-08-12,5,2407.14
ORD-003039,CUST-0773,PROD-0067,2023-06-26,16,4305.28
ORD-003040,CUST-0511,PROD-0044,2023-12-09,16,15914.56
ORD-003041,CUST-0529,PROD-0079,2023-10-14,19,1302.56
ORD-003042,CUST-0507,PROD-0029,2023-08-01,7,2749.91
ORD-003043,CUST-0488,PROD-0034,2023-08-02,15,6685.65
ORD-003044,CUST-0857,PROD-0079,2023-06-13,13,891.23
ORD-003045,CUST-0506,PROD-0062,2023-09-08,11,10245.62
ORD-003046,CUST-0943,PROD-0069,2023-01-06,14,6739.99
ORD-003047,CUST-0873,PROD-0073,2023-07-14,19,10673.44
ORD-003048,CUST-0972,PROD-0095,2023-04-25,12,6956.06
ORD-003049,CUST-0414,PROD-0039,2023-04-03,9,2210.22
ORD-003050,CUST-0113,PROD-0051,2023-02-25,15,8793.72
ORD-003051,CUST-0091,PROD-0055,2023-02-16,5,1924.98
ORD-003052,CUST-0494,PROD-0020,2023-01-23,18,9072.36
ORD-003053,CUST-0512,PROD-0093,2023-04-10,12,10105.8
ORD-003054,CUST-0426,PROD-0025,2023-03-01,10,3219.0
ORD-003055,CUST-0253,PROD-0018,2023-04-08,8,1539.28
ORD-003056,CUST-0627,PROD-0082,2023-11-18,19,6012.36
ORD-003057,CUST-0095,PROD-0030,2023-04-21,12,7176.84
ORD-003058,CUST-0044,PROD-0036,2023-12-19,12,7826.4
ORD-003059,CUST-0440,PROD-0073,2023-08-12,1,561.76
ORD-003060,CUST-0019,PROD-0009,2023-01-04,10,5890.7
ORD-003061,CUST-0068,PROD-0007,2023-12-29,8,6317.04
ORD-003062,CUST-0649,PROD-0051,2023-05-26,10,5862.48
ORD-003063,CUST-0225,PROD-0072,2023-02-22,9,6432.57
ORD-003064,CUST-0611,PROD-0005,2023-02-20,1,853.91
ORD-003065,CUST-0587,PROD-0036,2023-06-04,11,7174.2
ORD-003066,CUST-0662,PROD-0008,2023-04-24,2,1351.22
ORD-003067,CUST-0306,PROD-0050,2023-08-30,11,3785.54
ORD-003068,CUST-0153,PROD-0025,2023-06-05,3,965.7
ORD-003069,CUST-0830,PROD-0040,2023-04-12,3,1527.63
ORD-003070,CUST-0931,PROD-0018,2023-07-21,13,2501.33
ORD-003071,CUST-0770,PROD-0085,2023-11-17,7,6222.16
ORD-003072,CUST-0185,PROD-0058,2023-05-21,6,2973.42
ORD-003073,CUST-0293,PROD-0031,2023-06-17,9,8813.88
ORD-003074,CUST-0693,PROD-0042,2023-04-13,10,7731.8
ORD-003075,CUST-0261,PROD-0031,2023-10-24,3,2937.96
ORD-003076,CUST-0259,PROD-0050,2023-06-03,10,3441.4
ORD-003077,CUST-0795,PROD-0063,2023-01-03,16,2470.27
ORD-003078,CUST-0103,PROD-0031,2023-05-03,12,11751.84
ORD-003079,CUST-0624,PROD-0090,2023-10-14,17,5807.03
ORD-003080,CUST-0089,PROD-0033,2023-11-07,8,7263.84
ORD-003081,CUST-0429,PROD-0013,2023-11-15,3,1699.2
ORD-003082,CUST-0333,PROD-0037,2023-12-08,6,4053.3
ORD-003083,CUST-0142,PROD-0046,2023-03-01,7,2950.0
ORD-003084,CUST-0730,PROD-0065,2023-10-24,4,2710.88
ORD-003085,CUST-0488,PROD-0029,2023-06-29,14,5499.82
ORD-003086,CUST-0124,PROD-0059,2023-03-15,18,6934.14
ORD-003087,CUST-0462,PROD-0082,2023-09-07,17,5379.48
ORD-003088,CUST-0015,PROD-0088,2023-07-05,13,5846.1
ORD-003089,CUST-0904,PROD-0014,2023-10-16,4,1456.51
ORD-003090,CUST-0665,PROD-0021,2023-05-19,4,781.0
ORD-003091,CUST-0003,PROD-0080,2023-03-14,11,6988.74
ORD-003092,CUST-0455,PROD-0033,2023-10-24,18,16343.64
ORD-003093,CUST-0526,PROD-0078,2023-02-21,6,1302.12
ORD-003094,CUST-0666,PROD-0004,2023-11-07,16,14240.16
ORD-003095,CUST-0703,PROD-0013,2023-04-26,9,5097.6
ORD-003096,CUST-0408,PROD-0068,2023-01-21,15,7380.9
ORD-003097,CUST-0766,PROD-0028,2023-12-16,16,10297.76
ORD-003098,CUST-0374,PROD-0012,2023-10-17,15,14612.85
ORD-003099,CUST-0542,PROD-0055,2023-12-21,18,6929.93
ORD-003100,CUST-0410,PROD-0067,2023-12-01,2,538.16
ORD-003101,CUST-0200,PROD-0009,2023-11-08,17,10014.19
ORD-003102,CUST-0741,PROD-0052,2023-10-24,19,11036.15
ORD-003103,CUST-0878,PROD-0026,2023-12-17,18,9930.42
ORD-003104,CUST-0188,PROD-0100,2023-07-22,15,12469.65
ORD-003105,CUST-0552,PROD-0063,2023-04-10,11,1698.31
ORD-003106,CUST-0465,PROD-0020,2023-04-05,7,3528.14
ORD-003107,CUST-0987,PROD-0063,2023-11-17,16,2470.27
ORD-003108,CUST-0651,PROD-0010,2023-11-19,17,6542.28
ORD-003109,CUST-0915,PROD-0034,2023-05-06,15,6685.65
ORD-003110,CUST-0130,PROD-0077,2023-03-15,14,8669.92
ORD-003111,CUST-0815,PROD-0079,2023-07-04,18,1234.01
ORD-003112,CUST-0479,PROD-0011,2023-04-09,6,5647.98
ORD-003113,CUST-0483,PROD-0052,2023-07-28,2,1161.7
ORD-003114,CUST-0706,PROD-0018,2023-07-24,3,577.23
ORD-003115,CUST-0648,PROD-0006,2023-10-09,9,8432.28
ORD-003116,CUST-0234,PROD-0025,2023-08-22,14,4506.6
ORD-003117,CUST-0398,PROD-0096,2023-07-13,15,5104.08
ORD-003118,CUST-0989,PROD-0018,2023-05-18,13,2501.33
ORD-003119,CUST-0848,PROD-0082,2023-01-07,16,5063.04
ORD-003120,CUST-0523,PROD-0084,2023-05-23,3,1227.92
ORD-003121,CUST-0042,PROD-0037,2023-04-03,2,1351.1
ORD-003122,CUST-0867,PROD-0084,2023-04-08,7,2865.16
ORD-003123,CUST-0626,PROD-0026,2023-05-23,10,5516.9
ORD-003124,CUST-0411,PROD-0022,2023-02-06,1,379.14
ORD-003125,CUST-0643,PROD-0016,2023-12-16,12,6356.59
ORD-003126,CUST-0344,PROD-0096,2023-01-05,10,3402.72
ORD-003127,CUST-0935,PROD-0018,2023-02-15,9,1731.69
ORD-003128,CUST-0257,PROD-0013,2023-10-30,19,10761.6
ORD-003129,CUST-0577,PROD-0009,2023-06-19,16,9425.12
ORD-003130,CUST-0044,PROD-0094,2023-05-18,6,5179.2
ORD-003131,CUST-0222,PROD-0083,2023-02-22,15,7568.64
ORD-003132,CUST-0224,PROD-0100,2023-02-05,1,831.31
ORD-003133,CUST-0746,PROD-0057,2023-09-12,5,1620.96
ORD-003134,CUST-0257,PROD-0078,2023-01-25,18,3906.36
ORD-003135,CUST-0297,PROD-0019,2023-02-04,1,74.03
ORD-003136,CUST-0707,PROD-0090,2023-09-01,12,4099.08
ORD-003137,CUST-0375,PROD-0055,2023-06-22,8,3079.97
ORD-003138,CUST-0628,PROD-0032,2023-11-07,12,5964.12
ORD-003139,CUST-0588,PROD-0003,2023-05-17,15,6246.3
ORD-003140,CUST-0267,PROD-0022,2023-08-01,2,758.28
ORD-003141,CUST-0877,PROD-0002,2023-05-19,14,12028.8
ORD-003142,CUST-0044,PROD-0064,2023-02-23,1,484.25
ORD-003143,CUST-0961,PROD-0099,2023-11-16,9,3061.08
ORD-003144,CUST-0515,PROD-0078,2023-08-01,12,2604.24
ORD-003145,CUST-0293,PROD-0074,2023-10-10,7,2174.06
ORD-003146,CUST-0240,PROD-0099,2023-02-27,12,4081.44
ORD-003147,CUST-0497,PROD-0009,2023-12-07,4,2356.28
ORD-003148,CUST-0211,PROD-0059,2023-11-24,2,770.46
ORD-003149,CUST-0936,PROD-0071,2023-08-29,11,3419.06
ORD-003150,CUST-0967,PROD-0039,2023-04-10,1,245.58
ORD-003151,CUST-0183,PROD-0073,2023-10-12,6,3370.56
ORD-003152,CUST-0034,PROD-0072,2023-11-01,11,7862.03
ORD-003153,CUST-0417,PROD-0064,2023-08-18,12,5810.98
ORD-003154,CUST-0817,PROD-0052,2023-09-27,19,11036.15
ORD-003155,CUST-0312,PROD-0082,2023-02-24,14,4430.16
ORD-003156,CUST-0472,PROD-0034,2023-08-08,17,7577.07
ORD-003157,CUST-0921,PROD-0030,2023-08-31,5,2990.35
ORD-003158,CUST-0175,PROD-0095,2023-12-12,9,5217.05
ORD-003159,CUST-0252,PROD-0089,2023-02-08,4,2714.36
ORD-003160,CUST-0193,PROD-0034,2023-09-23,14,6239.94
ORD-003161,CUST-0868,PROD-0010,2023-03-08,13,5002.92
ORD-003162,CUST-0923,PROD-0021,2023-06-22,6,1171.5
ORD-003163,CUST-0846,PROD-0090,2023-08-17,16,5465.44
ORD-003164,CUST-0197,PROD-0073,2023-10-03,4,2247.04
ORD-003165,CUST-0195,PROD-0043,2023-12-11,4,250.92
ORD-003166,CUST-0687,PROD-0084,2023-12-20,2,818.62
ORD-003167,CUST-0710,PROD-0099,2023-04-07,3,1020.36
ORD-003168,CUST-0974,PROD-0019,2023-05-31,8,592.22
ORD-003169,CUST-0014,PROD-0049,2023-12-23,14,13356.14
ORD-003170,CUST-0792,PROD-0067,2023-12-28,16,4305.28
ORD-003171,CUST-0625,PROD-0050,2023-10-08,15,5162.1
ORD-003172,CUST-0413,PROD-0004,2023-03-31,8,7120.08
ORD-003173,CUST-0498,PROD-0056,2023-05-26,14,5771.64
ORD-003174,CUST-0665,PROD-0048,2023-10-15,9,6774.84
ORD-003175,CUST-0324,PROD-0069,2023-03-21,16,7702.85
ORD-003176,CUST-0118,PROD-0096,2023-12-07,5,1701.36
ORD-003177,CUST-0744,PROD-0071,2023-05-02,10,3108.24
ORD-003178,CUST-0823,PROD-0097,2023-06-04,14,7433.83
ORD-003179,CUST-0926,PROD-0055,2023-12-25,15,5774.94
ORD-003180,CUST-0451,PROD-0062,2023-04-06,6,5588.52
ORD-003181,CUST-0633,PROD-0004,2023-11-05,12,10680.12
ORD-003182,CUST-0051,PROD-0085,2023-09-21,14,12444.32
ORD-003183,CUST-0239,PROD-0069,2023-10-01,19,9147.13
ORD-003184,CUST-0671,PROD-0018,2023-02-15,19,3655.79
ORD-003185,CUST-0959,PROD-0047,2023-11-22,8,7086.56
ORD-003186,CUST-0592,PROD-0054,2023-09-23,15,3223.44
ORD-003187,CUST-0395,PROD-0073,2023-02-23,17,9549.92
ORD-003188,CUST-0052,PROD-0030,2023-11-10,16,9569.12
ORD-003189,CUST-0562,PROD-0081,2023-10-26,8,1966.18
ORD-003190,CUST-0933,PROD-0055,2023-03-31,6,2309.98
ORD-003191,CUST-0745,PROD-0018,2023-09-11,5,962.05
ORD-003192,CUST-0746,PROD-0009,2023-01-05,9,5301.63
ORD-003193,CUST-0253,PROD-0097,2023-03-24,13,6902.84
ORD-003194,CUST-0729,PROD-0051,2023-01-06,3,1758.74
ORD-003195,CUST-0972,PROD-0020,2023-11-26,3,1512.06
ORD-003196,CUST-0076,PROD-0065,2023-11-15,3,2033.16
ORD-003197,CUST-0258,PROD-0048,2023-08-23,17,12796.92
ORD-003198,CUST-0242,PROD-0013,2023-11-09,6,3398.4
ORD-003199,CUST-0024,PROD-0007,2023-01-29,18,14213.34
ORD-003200,CUST-0245,PROD-0061,2023-08-21,8,6778.64
ORD-003201,CUST-0434,PROD-0100,2023-03-16,4,3325.24
ORD-003202,CUST-0733,PROD-0068,2023-12-03,10,4920.6
ORD-003203,CUST-0163,PROD-0040,2023-08-02,4,2036.84
ORD-003204,CUST-0350,PROD-0035,2023-09-21,13,4720.04
ORD-003205,CUST-0687,PROD-0084,2023-11-27,6,2455.85
ORD-003206,CUST-0949,PROD-0040,2023-05-12,4,2036.84
ORD-003207,CUST-0527,PROD-0021,2023-04-22,14,2733.5
ORD-003208,CUST-0944,PROD-0072,2023-01-11,11,7862.03
ORD-003209,CUST-0139,PROD-0017,2023-10-03,11,10940.27
ORD-003210,CUST-0543,PROD-0007,2023-04-11,9,7106.67
ORD-003211,CUST-0130,PROD-0098,2023-02-11,8,4370.72
ORD-003212,CUST-0807,PROD-0044,2023-10-03,4,3978.64
ORD-003213,CUST-0312,PROD-0051,2023-06-17,14,8207.47
ORD-003214,CUST-0050,PROD-0067,2023-05-20,16,4305.28
ORD-003215,CUST-0402,PROD-0062,2023-12-27,5,4657.1
ORD-003216,CUST-0203,PROD-0021,2023-01-14,9,1757.25
ORD-003217,CUST-0002,PROD-0004,2023-08-23,19,16910.19
ORD-003218,CUST-0495,PROD-0080,2023-11-15,18,11436.12
ORD-003219,CUST-0536,PROD-0032,2023-12-27,17,8449.17
ORD-003220,CUST-0050,PROD-0012,2023-04-01,15,14612.85
ORD-003221,CUST-0449,PROD-0041,2023-05-15,7,4063.92
ORD-003222,CUST-0584,PROD-0091,2023-09-22,4,2358.05
ORD-003223,CUST-0910,PROD-0017,2023-01-09,15,14918.55
ORD-003224,CUST-0528,PROD-0060,2023-01-18,2,813.6
ORD-003225,CUST-0677,PROD-0012,2023-07-06,4,3896.76
ORD-003226,CUST-0370,PROD-0059,2023-09-08,14,5393.22
ORD-003227,CUST-0098,PROD-0087,2023-12-20,17,9983.93
ORD-003228,CUST-0650,PROD-0048,2023-04-26,13,9785.88
ORD-003229,CUST-0148,PROD-0003,2023-11-23,13,5413.46
ORD-003230,CUST-0117,PROD-0006,2023-07-09,17,15927.64
ORD-003231,CUST-0636,PROD-0015,2023-04-30,9,4463.1
ORD-003232,CUST-0790,PROD-0086,2023-12-12,12,1619.28
ORD-003233,CUST-0940,PROD-0092,2023-04-23,17,16697.4
ORD-003234,CUST-0317,PROD-0099,2023-10-03,3,1020.36
ORD-003235,CUST-0911,PROD-0001,2023-08-12,6,5098.38
ORD-003236,CUST-0722,PROD-0056,2023-11-18,1,412.26
ORD-003237,CUST-0067,PROD-0014,2023-01-02,7,2548.9
ORD-003238,CUST-0702,PROD-0018,2023-06-15,5,962.05
ORD-003239,CUST-0162,PROD-0046,2023-03-25,14,5899.99
ORD-003240,CUST-0697,PROD-0100,2023-01-08,8,6650.48
ORD-003241,CUST-0354,PROD-0028,2023-05-06,3,1930.83
ORD-003242,CUST-0339,PROD-0091,2023-02-06,3,1768.54
ORD-003243,CUST-0607,PROD-0052,2023-05-14,10,5808.5
ORD-003244,CUST-0426,PROD-0071,2023-10-21,6,1864.94
ORD-003245,CUST-0138,PROD-0047,2023-02-02,12,10629.84
ORD-003246,CUST-0093,PROD-0051,2023-08-28,2,1172.5
ORD-003247,CUST-0344,PROD-0053,2023-03-10,4,3922.88
ORD-003248,CUST-0548,PROD-0075,2023-05-25,4,1725.56
ORD-003249,CUST-0450,PROD-0092,2023-10-05,17,16697.4
ORD-003250,CUST-0465,PROD-0017,2023-07-22,18,17902.26
ORD-003251,CUST-0090,PROD-0011,2023-10-24,14,13178.62
ORD-003252,CUST-0854,PROD-0090,2023-10-26,7,2391.13
ORD-003253,CUST-0173,PROD-0046,2023-11-04,7,2950.0
ORD-003254,CUST-0231,PROD-0048,2023-09-29,13,9785.88
ORD-003255,CUST-0189,PROD-0099,2023-03-18,3,1020.36
ORD-003256,CUST-0347,PROD-0091,2023-08-29,14,8253.17
ORD-003257,CUST-0039,PROD-0031,2023-05-31,13,12731.16
ORD-003258,CUST-0126,PROD-0064,2023-10-23,13,6295.22
ORD-003259,CUST-0043,PROD-0011,2023-12-22,3,2823.99
ORD-003260,CUST-0217,PROD-0028,2023-05-31,8,5148.88
ORD-003261,CUST-0539,PROD-0099,2023-08-30,13,4421.56
ORD-003262,CUST-0050,PROD-0084,2023-07-03,16,6548.93
ORD-003263,CUST-0404,PROD-0066,2023-10-27,5,2951.28
ORD-003264,CUST-0863,PROD-0013,2023-05-05,1,566.4
ORD-003265,CUST-0051,PROD-0029,2023-05-13,11,4321.28
ORD-003266,CUST-0868,PROD-0054,2023-01-16,15,3223.44
ORD-003267,CUST-0139,PROD-0100,2023-10-29,8,6650.48
ORD-003268,CUST-0235,PROD-0013,2023-08-13,11,6230.4
ORD-003269,CUST-0593,PROD-0087,2023-04-10,19,11158.51
ORD-003270,CUST-0253,PROD-0066,2023-09-04,18,10624.61
ORD-003271,CUST-0001,PROD-0026,2023-05-19,15,8275.35
ORD-003272,CUST-0602,PROD-0032,2023-06-19,18,8946.18
ORD-003273,CUST-0168,PROD-0039,2023-05-30,8,1964.64
ORD-003274,CUST-0936,PROD-0042,2023-01-05,7,5412.26
ORD-003275,CUST-0582,PROD-0078,2023-06-08,8,1736.16
ORD-003276,CUST-0843,PROD-0074,2023-05-26,6,1863.48
ORD-003277,CUST-0468,PROD-0059,2023-09-10,8,3081.84
ORD-003278,CUST-0451,PROD-0074,2023-04-01,6,1863.48
ORD-003279,CUST-0420,PROD-0071,2023-04-22,15,4662.36
ORD-003280,CUST-0980,PROD-0014,2023-12-28,5,1820.64
ORD-003281,CUST-0028,PROD-0098,2023-04-03,16,8741.44
ORD-003282,CUST-0168,PROD-0020,2023-01-26,15,7560.3
ORD-003283,CUST-0898,PROD-0053,2023-10-22,5,4903.6
ORD-003284,CUST-0940,PROD-0017,2023-01-12,14,13923.98
ORD-003285,CUST-0877,PROD-0017,2023-08-30,14,13923.98
ORD-003286,CUST-0228,PROD-0040,2023-06-27,14,7128.94
ORD-003287,CUST-0683,PROD-0071,2023-03-13,8,2486.59
ORD-003288,CUST-0112,PROD-0095,2023-12-23,8,4637.38
ORD-003289,CUST-0165,PROD-0016,2023-05-01,5,2648.58
ORD-003290,CUST-0871,PROD-0093,2023-06-24,12,10105.8
ORD-003291,CUST-0766,PROD-0027,2023-07-23,10,5452.2
ORD-003292,CUST-0204,PROD-0059,2023-09-24,7,2696.61
ORD-003293,CUST-0719,PROD-0053,2023-08-19,2,1961.44
ORD-003294,CUST-0826,PROD-0023,2023-05-10,16,11988.64
ORD-003295,CUST-0799,PROD-0052,2023-06-20,2,1161.7
ORD-003296,CUST-0528,PROD-0074,2023-10-18,15,4658.7
ORD-003297,CUST-0174,PROD-0060,2023-06-08,15,6102.0
ORD-003298,CUST-0455,PROD-0087,2023-11-29,3,1761.87
ORD-003299,CUST-0199,PROD-0013,2023-04-25,9,5097.6
ORD-003300,CUST-0545,PROD-0074,2023-11-23,6,1863.48
ORD-003301,CUST-0503,PROD-0092,2023-04-29,9,8839.8
ORD-003302,CUST-0259,PROD-0061,2023-02-10,16,13557.28
ORD-003303,CUST-0921,PROD-0023,2023-08-08,5,3746.45
ORD-003304,CUST-0147,PROD-0061,2023-02-20,14,11862.62
ORD-003305,CUST-0074,PROD-0011,2023-05-02,12,11295.96
ORD-003306,CUST-0336,PROD-0095,2023-03-15,8,4637.38
ORD-003307,CUST-0378,PROD-0008,2023-09-25,4,2702.44
ORD-003308,CUST-0339,PROD-0073,2023-10-10,4,2247.04
ORD-003309,CUST-0440,PROD-0006,2023-07-08,15,14053.8
ORD-003310,CUST-0957,PROD-0083,2023-02-07,18,9082.37
ORD-003311,CUST-0601,PROD-0046,2023-07-18,11,4635.71
ORD-003312,CUST-0984,PROD-0002,2023-06-01,12,10310.4
ORD-003313,CUST-0912,PROD-0076,2023-12-20,13,5591.98
ORD-003314,CUST-0517,PROD-0010,2023-07-09,11,4233.24
ORD-003315,CUST-0454,PROD-0010,2023-04-20,7,2693.88
ORD-003316,CUST-0759,PROD-0079,2023-09-15,19,1302.56
ORD-003317,CUST-0509,PROD-0018,2023-01-01,2,384.82
ORD-003318,CUST-0972,PROD-0056,2023-10-15,10,4122.6
ORD-003319,CUST-0662,PROD-0031,2023-01-08,12,11751.84
ORD-003320,CUST-0006,PROD-0071,2023-06-30,19,5905.66
ORD-003321,CUST-0473,PROD-0040,2023-06-22,11,5601.31
ORD-003322,CUST-0340,PROD-0014,2023-07-09,11,4005.41
ORD-003323,CUST-0476,PROD-0086,2023-08-12,18,2428.92
ORD-003324,CUST-0427,PROD-0094,2023-02-16,17,14674.4
ORD-003325,CUST-0805,PROD-0052,2023-07-08,17,9874.45
ORD-003326,CUST-0596,PROD-0024,2023-04-26,12,8718.24
ORD-003327,CUST-0311,PROD-0019,2023-09-27,13,962.36
ORD-003328,CUST-0355,PROD-0012,2023-10-14,12,11690.28
ORD-003329,CUST-0124,PROD-0079,2023-05-23,18,1234.01
ORD-003330,CUST-0178,PROD-0039,2023-05-12,18,4420.44
ORD-003331,CUST-0167,PROD-0089,2023-11-29,4,2714.36
ORD-003332,CUST-0189,PROD-0079,2023-11-22,17,1165.45
ORD-003333,CUST-0921,PROD-0071,2023-09-03,3,932.47
ORD-003334,CUST-0694,PROD-0060,2023-12-01,5,2034.0
ORD-003335,CUST-0927,PROD-0050,2023-01-26,8,2753.12
ORD-003336,CUST-0391,PROD-0022,2023-01-10,12,4549.68
ORD-003337,CUST-0167,PROD-0011,2023-10-27,15,14119.95
ORD-003338,CUST-0196,PROD-0009,2023-03-18,13,7657.91
ORD-003339,CUST-0117,PROD-0015,2023-10-06,19,9422.1
ORD-003340,CUST-0989,PROD-0039,2023-01-21,9,2210.22
ORD-003341,CUST-0564,PROD-0066,2023-01-19,8,4722.05
ORD-003342,CUST-0928,PROD-0039,2023-03-05,16,3929.28
ORD-003343,CUST-0857,PROD-0076,2023-02-07,18,7742.74
ORD-003344,CUST-0681,PROD-0094,2023-04-13,7,6042.4
ORD-003345,CUST-0232,PROD-0020,2023-06-08,2,1008.04
ORD-003346,CUST-0688,PROD-0094,2023-06-07,13,11221.6
ORD-003347,CUST-0944,PROD-0099,2023-02-16,8,2720.96
ORD-003348,CUST-0118,PROD-0045,2023-02-21,14,6727.7
ORD-003349,CUST-0948,PROD-0012,2023-07-30,19,18509.61
ORD-003350,CUST-0610,PROD-0092,2023-09-12,16,15715.2
ORD-003351,CUST-0452,PROD-0026,2023-04-05,3,1655.07
ORD-003352,CUST-0884,PROD-0087,2023-11-21,15,8809.35
ORD-003353,CUST-0984,PROD-0049,2023-09-06,12,11448.12
ORD-003354,CUST-0647,PROD-0058,2023-02-28,2,991.14
ORD-003355,CUST-0385,PROD-0091,2023-07-03,1,589.51
ORD-003356,CUST-0737,PROD-0075,2023-02-10,5,2156.95
ORD-003357,CUST-0267,PROD-0039,2023-11-09,1,245.58
ORD-003358,CUST-0042,PROD-0035,2023-10-09,14,5083.12
ORD-003359,CUST-0520,PROD-0008,2023-10-19,6,4053.66
ORD-003360,CUST-0458,PROD-0082,2023-07-10,19,6012.36
ORD-003361,CUST-0925,PROD-0066,2023-02-22,9,5312.3
ORD-003362,CUST-0552,PROD-0075,2023-05-06,2,862.78
ORD-003363,CUST-0999,PROD-0023,2023-01-10,8,5994.32
ORD-003364,CUST-0518,PROD-0027,2023-05-06,2,1090.44
ORD-003365,CUST-0378,PROD-0018,2023-09-09,18,3463.38
ORD-003366,CUST-0577,PROD-0078,2023-11-22,3,651.06
ORD-003367,CUST-0719,PROD-0097,2023-11-07,5,2654.94
ORD-003368,CUST-0195,PROD-0029,2023-09-24,19,7464.04
ORD-003369,CUST-0656,PROD-0097,2023-03-16,1,530.99
ORD-003370,CUST-0395,PROD-0028,2023-08-15,15,9654.15
ORD-003371,CUST-0340,PROD-0014,2023-08-25,9,3277.15
ORD-003372,CUST-0924,PROD-0041,2023-05-11,11,6386.16
ORD-003373,CUST-0525,PROD-0087,2023-03-11,2,1174.58
ORD-003374,CUST-0448,PROD-0049,2023-11-20,6,5724.06
ORD-003375,CUST-0671,PROD-0085,2023-05-10,13,11555.44
ORD-003376,CUST-0062,PROD-0065,2023-11-09,9,6099.48
ORD-003377,CUST-0281,PROD-0084,2023-11-12,14,5730.31
ORD-003378,CUST-0959,PROD-0083,2023-10-31,1,504.58
ORD-003379,CUST-0748,PROD-0007,2023-07-06,1,789.63
ORD-003380,CUST-0135,PROD-0082,2023-04-17,11,3480.84
ORD-003381,CUST-0395,PROD-0032,2023-04-13,16,7952.16
ORD-003382,CUST-0448,PROD-0053,2023-03-11,8,7845.76
ORD-003383,CUST-0300,PROD-0017,2023-10-22,8,7956.56
ORD-003384,CUST-0131,PROD-0016,2023-09-17,5,2648.58
ORD-003385,CUST-0660,PROD-0044,2023-06-14,1,994.66
ORD-003386,CUST-0205,PROD-0021,2023-06-01,2,390.5
ORD-003387,CUST-0663,PROD-0068,2023-02-03,13,6396.78
ORD-003388,CUST-0498,PROD-0096,2023-06-12,15,5104.08
ORD-003389,CUST-0777,PROD-0013,2023-04-21,3,1699.2
ORD-003390,CUST-0597,PROD-0010,2023-12-08,13,5002.92
ORD-003391,CUST-0331,PROD-0011,2023-07-30,2,1882.66
ORD-003392,CUST-0121,PROD-0067,2023-06-14,16,4305.28
ORD-003393,CUST-0726,PROD-0011,2023-07-26,19,17885.27
ORD-003394,CUST-0997,PROD-0079,2023-05-02,16,1096.9
ORD-003395,CUST-0720,PROD-0033,2023-03-21,13,11803.74
ORD-003396,CUST-0807,PROD-0007,2023-05-19,12,9475.56
ORD-003397,CUST-0159,PROD-0025,2023-10-14,13,4184.7
ORD-003398,CUST-0173,PROD-0014,2023-06-14,2,728.26
ORD-003399,CUST-0916,PROD-0019,2023-07-06,5,370.14
ORD-003400,CUST-0683,PROD-0094,2023-03-13,9,7768.8
ORD-003401,CUST-0477,PROD-0024,2023-03-06,4,2906.08
ORD-003402,CUST-0863,PROD-0048,2023-12-26,19,14302.44
ORD-003403,CUST-0835,PROD-0009,2023-02-13,4,2356.28
ORD-003404,CUST-0138,PROD-0089,2023-03-24,4,2714.36
ORD-003405,CUST-0248,PROD-0091,2023-10-14,18,10611.22
ORD-003406,CUST-0677,PROD-0030,2023-03-28,3,1794.21
ORD-003407,CUST-0514,PROD-0069,2023-06-02,14,6739.99
ORD-003408,CUST-0209,PROD-0021,2023-09-30,5,976.25
ORD-003409,CUST-0765,PROD-0021,2023-12-19,10,1952.5
ORD-003410,CUST-0700,PROD-0076,2023-05-17,5,2150.76
ORD-003411,CUST-0972,PROD-0009,2023-02-18,9,5301.63
ORD-003412,CUST-0213,PROD-0073,2023-03-18,18,10111.68
ORD-003413,CUST-0290,PROD-0030,2023-06-25,3,1794.21
ORD-003414,CUST-0388,PROD-0027,2023-05-22,12,6542.64
ORD-003415,CUST-0172,PROD-0097,2023-04-17,9,4778.89
ORD-003416,CUST-0869,PROD-0055,2023-10-19,13,5004.95
ORD-003417,CUST-0611,PROD-0002,2023-01-03,7,6014.4
ORD-003418,CUST-0419,PROD-0002,2023-10-20,7,6014.4
ORD-003419,CUST-0278,PROD-0042,2023-08-09,10,7731.8
ORD-003420,CUST-0519,PROD-0073,2023-11-08,8,4494.08
ORD-003421,CUST-0718,PROD-0015,2023-05-05,1,495.9
ORD-003422,CUST-0010,PROD-0073,2023-01-13,14,7864.64
ORD-003423,CUST-0541,PROD-0091,2023-06-02,6,3537.07
ORD-003424,CUST-0821,PROD-0094,2023-09-16,13,11221.6
ORD-003425,CUST-0664,PROD-0050,2023-02-21,7,2408.98
ORD-003426,CUST-0986,PROD-0008,2023-04-08,4,2702.44
ORD-003427,CUST-0933,PROD-0090,2023-08-01,9,3074.31
ORD-003428,CUST-0953,PROD-0029,2023-10-11,8,3142.75
ORD-003429,CUST-0838,PROD-0077,2023-07-24,1,619.28
ORD-003430,CUST-0020,PROD-0051,2023-06-07,2,1172.5
ORD-003431,CUST-0556,PROD-0049,2023-02-24,6,5724.06
ORD-003432,CUST-0873,PROD-0012,2023-07-04,16,15587.04
ORD-003433,CUST-0911,PROD-0002,2023-11-07,6,5155.2
ORD-003434,CUST-0310,PROD-0022,2023-02-06,17,6445.38
ORD-003435,CUST-0930,PROD-0064,2023-11-07,5,2421.24
ORD-003436,CUST-0380,PROD-0083,2023-08-02,2,1009.15
ORD-003437,CUST-0323,PROD-0044,2023-11-12,13,12930.58
ORD-003438,CUST-0402,PROD-0003,2023-06-15,8,3331.36
ORD-003439,CUST-0217,PROD-0007,2023-08-23,12,9475.56
ORD-003440,CUST-0391,PROD-0056,2023-12-22,14,5771.64
ORD-003441,CUST-0751,PROD-0030,2023-06-02,19,11363.33
ORD-003442,CUST-0473,PROD-0089,2023-06-20,1,678.59
ORD-003443,CUST-0650,PROD-0007,2023-12-15,15,11844.45
ORD-003444,CUST-0738,PROD-0012,2023-11-25,4,3896.76
ORD-003445,CUST-0082,PROD-0089,2023-03-23,16,10857.44
ORD-003446,CUST-0114,PROD-0069,2023-01-07,3,1444.28
ORD-003447,CUST-0539,PROD-0042,2023-06-13,15,11597.7
ORD-003448,CUST-0127,PROD-0089,2023-06-10,18,12214.62
ORD-003449,CUST-0853,PROD-0098,2023-05-27,1,546.34
ORD-003450,CUST-0772,PROD-0065,2023-04-11,3,2033.16
ORD-003451,CUST-0573,PROD-0052,2023-06-16,4,2323.4
ORD-003452,CUST-0024,PROD-0037,2023-04-19,19,12835.45
ORD-003453,CUST-0455,PROD-0042,2023-03-09,12,9278.16
ORD-003454,CUST-0836,PROD-0081,2023-09-28,8,1966.18
ORD-003455,CUST-0570,PROD-0054,2023-09-19,10,2148.96
ORD-003456,CUST-0618,PROD-0020,2023-08-05,17,8568.34
ORD-003457,CUST-0769,PROD-0043,2023-05-26,17,1066.41
ORD-003458,CUST-0188,PROD-0068,2023-07-30,5,2460.3
ORD-003459,CUST-0271,PROD-0040,2023-10-09,18,9165.78
ORD-003460,CUST-0633,PROD-0069,2023-06-17,3,1444.28
ORD-003461,CUST-0925,PROD-0075,2023-05-16,7,3019.73
ORD-003462,CUST-0848,PROD-0070,2023-02-20,14,11923.8
ORD-003463,CUST-0319,PROD-0067,2023-09-18,10,2690.8
ORD-003464,CUST-0289,PROD-0097,2023-11-16,16,8495.81
ORD-003465,CUST-0013,PROD-0099,2023-11-06,17,5782.04
ORD-003466,CUST-0567,PROD-0049,2023-06-29,4,3816.04
ORD-003467,CUST-0999,PROD-0052,2023-05-28,9,5227.65
ORD-003468,CUST-0934,PROD-0078,2023-11-09,12,2604.24
ORD-003469,CUST-0438,PROD-0030,2023-03-10,15,8971.05
ORD-003470,CUST-0970,PROD-0095,2023-03-12,1,579.67
ORD-003471,CUST-0724,PROD-0091,2023-04-28,2,1179.02
ORD-003472,CUST-0266,PROD-0026,2023-05-02,7,3861.83
ORD-003473,CUST-0093,PROD-0016,2023-01-23,7,3708.01
ORD-003474,CUST-0620,PROD-0060,2023-01-08,18,7322.4
ORD-003475,CUST-0970,PROD-0074,2023-12-01,17,5279.86
ORD-003476,CUST-0805,PROD-0073,2023-05-30,4,2247.04
ORD-003477,CUST-0094,PROD-0098,2023-02-17,7,3824.38
ORD-003478,CUST-0964,PROD-0055,2023-09-22,3,1154.99
ORD-003479,CUST-0540,PROD-0059,2023-07-16,8,3081.84
ORD-003480,CUST-0922,PROD-0047,2023-08-23,18,15944.76
ORD-003481,CUST-0862,PROD-0035,2023-09-29,12,4356.96
ORD-003482,CUST-0733,PROD-0013,2023-04-18,2,1132.8
ORD-003483,CUST-0152,PROD-0081,2023-09-16,3,737.32
ORD-003484,CUST-0876,PROD-0019,2023-10-09,18,1332.5
ORD-003485,CUST-0411,PROD-0052,2023-01-24,16,9293.6
ORD-003486,CUST-0162,PROD-0074,2023-07-16,12,3726.96
ORD-003487,CUST-0599,PROD-0006,2023-12-03,16,14990.72
ORD-003488,CUST-0405,PROD-0019,2023-03-21,15,1110.42
ORD-003489,CUST-0648,PROD-0069,2023-07-05,2,962.86
ORD-003490,CUST-0698,PROD-0019,2023-07-27,8,592.22
ORD-003491,CUST-0402,PROD-0017,2023-12-11,15,14918.55
ORD-003492,CUST-0584,PROD-0029,2023-12-02,11,4321.28
ORD-003493,CUST-0811,PROD-0015,2023-01-25,9,4463.1
ORD-003494,CUST-0979,PROD-0046,2023-05-07,7,2950.0
ORD-003495,CUST-0360,PROD-0018,2023-10-13,4,769.64
ORD-003496,CUST-0305,PROD-0011,2023-11-22,18,16943.94
ORD-003497,CUST-0272,PROD-0073,2023-06-09,15,8426.4
ORD-003498,CUST-0297,PROD-0028,2023-05-11,7,4505.27
ORD-003499,CUST-0309,PROD-0030,2023-07-10,17,10167.19
ORD-003500,CUST-0705,PROD-0049,2023-04-07,4,3816.04
ORD-003501,CUST-0385,PROD-0057,2023-11-18,19,6159.65
ORD-003502,CUST-0167,PROD-0078,2023-10-14,11,2387.22
ORD-003503,CUST-0985,PROD-0062,2023-03-29,8,7451.36
ORD-003504,CUST-0279,PROD-0078,2023-08-15,19,4123.38
ORD-003505,CUST-0125,PROD-0078,2023-01-23,1,217.02
ORD-003506,CUST-0929,PROD-0069,2023-01-12,18,8665.7
ORD-003507,CUST-0667,PROD-0033,2023-01-17,13,11803.74
ORD-003508,CUST-0746,PROD-0007,2023-03-09,10,7896.3
ORD-003509,CUST-0187,PROD-0021,2023-01-11,11,2147.75
ORD-003510,CUST-0677,PROD-0073,2023-10-09,9,5055.84
ORD-003511,CUST-0751,PROD-0053,2023-05-14,5,4903.6
ORD-003512,CUST-0039,PROD-0007,2023-06-18,8,6317.04
ORD-003513,CUST-0595,PROD-0051,2023-09-05,12,7034.98
ORD-003514,CUST-0952,PROD-0063,2023-02-06,9,1389.53
ORD-003515,CUST-0786,PROD-0007,2023-07-09,1,789.63
ORD-003516,CUST-0934,PROD-0056,2023-07-21,5,2061.3
ORD-003517,CUST-0723,PROD-0013,2023-11-30,8,4531.2
ORD-003518,CUST-0683,PROD-0044,2023-09-17,4,3978.64
ORD-003519,CUST-0773,PROD-0051,2023-02-20,19,11138.71
ORD-003520,CUST-0107,PROD-0002,2023-07-10,1,859.2
ORD-003521,CUST-0869,PROD-0049,2023-08-04,9,8586.09
ORD-003522,CUST-0480,PROD-0017,2023-11-29,3,2983.71
ORD-003523,CUST-0916,PROD-0049,2023-03-16,5,4770.05
ORD-003524,CUST-0492,PROD-0096,2023-12-25,18,6124.9
ORD-003525,CUST-0268,PROD-0099,2023-01-21,8,2720.96
ORD-003526,CUST-0463,PROD-0064,2023-02-05,16,7747.97
ORD-003527,CUST-0489,PROD-0058,2023-10-24,17,8424.69
ORD-003528,CUST-0617,PROD-0080,2023-02-12,16,10165.44
ORD-003529,CUST-0491,PROD-0071,2023-05-07,5,1554.12
ORD-003530,CUST-0669,PROD-0023,2023-05-28,10,7492.9
ORD-003531,CUST-0076,PROD-0089,2023-12-14,6,4071.54
ORD-003532,CUST-0074,PROD-0090,2023-03-14,13,4440.67
ORD-003533,CUST-0525,PROD-0100,2023-06-01,12,9975.72
ORD-003534,CUST-0854,PROD-0025,2023-01-27,19,6116.1
ORD-003535,CUST-0064,PROD-0069,2023-12-23,6,2888.57
ORD-003536,CUST-0826,PROD-0005,2023-01-25,9,7685.19
ORD-003537,CUST-0167,PROD-0092,2023-03-02,2,1964.4
ORD-003538,CUST-0679,PROD-0087,2023-11-13,1,587.29
ORD-003539,CUST-0180,PROD-0050,2023-04-01,16,5506.24
ORD-003540,CUST-0673,PROD-0012,2023-07-21,8,7793.52
ORD-003541,CUST-0086,PROD-0028,2023-03-01,1,643.61
ORD-003542,CUST-0234,PROD-0062,2023-04-19,17,15834.14
ORD-003543,CUST-0700,PROD-0054,2023-09-19,1,214.9
ORD-003544,CUST-0744,PROD-0083,2023-03-09,2,1009.15
ORD-003545,CUST-0306,PROD-0040,2023-12-07,6,3055.26
ORD-003546,CUST-0506,PROD-0080,2023-07-27,2,1270.68
ORD-003547,CUST-0919,PROD-0037,2023-05-30,18,12159.9
ORD-003548,CUST-0113,PROD-0040,2023-02-17,3,1527.63
ORD-003549,CUST-0664,PROD-0038,2023-02-08,1,866.88
ORD-003550,CUST-0709,PROD-0004,2023-04-19,5,4450.05
ORD-003551,CUST-0520,PROD-0034,2023-03-02,11,4902.81
ORD-003552,CUST-0003,PROD-0091,2023-08-11,13,7663.66
ORD-003553,CUST-0242,PROD-0007,2023-02-16,17,13423.71
ORD-003554,CUST-0273,PROD-0014,2023-03-26,12,4369.54
ORD-003555,CUST-0964,PROD-0058,2023-07-22,15,7433.55
ORD-003556,CUST-0037,PROD-0013,2023-12-19,15,8496.0
ORD-003557,CUST-0909,PROD-0016,2023-11-26,3,1589.15
ORD-003558,CUST-0281,PROD-0072,2023-01-03,12,8576.76
ORD-003559,CUST-0762,PROD-0046,2023-03-21,3,1264.28
ORD-003560,CUST-0976,PROD-0026,2023-11-09,15,8275.35
ORD-003561,CUST-0225,PROD-0068,2023-09-01,18,8857.08
ORD-003562,CUST-0888,PROD-0074,2023-03-06,16,4969.28
ORD-003563,CUST-0806,PROD-0072,2023-11-26,12,8576.76
ORD-003564,CUST-0409,PROD-0037,2023-01-17,12,8106.6
ORD-003565,CUST-0290,PROD-0091,2023-10-11,1,589.51
ORD-003566,CUST-0645,PROD-0066,2023-05-17,9,5312.3
ORD-003567,CUST-0837,PROD-0080,2023-06-15,12,7624.08
ORD-003568,CUST-0269,PROD-0041,2023-07-11,2,1161.12
ORD-003569,CUST-0271,PROD-0073,2023-06-26,15,8426.4
ORD-003570,CUST-0728,PROD-0079,2023-12-11,6,411.34
ORD-003571,CUST-0258,PROD-0004,2023-12-14,3,2670.03
ORD-003572,CUST-0351,PROD-0019,2023-12-11,10,740.28
ORD-003573,CUST-0562,PROD-0045,2023-02-27,3,1441.65
ORD-003574,CUST-0335,PROD-0068,2023-10-07,2,984.12
ORD-003575,CUST-0348,PROD-0079,2023-07-26,10,685.56
ORD-003576,CUST-0082,PROD-0047,2023-03-01,9,7972.38
ORD-003577,CUST-0147,PROD-0007,2023-12-02,13,10265.19
ORD-003578,CUST-0166,PROD-0060,2023-07-20,2,813.6
ORD-003579,CUST-0906,PROD-0071,2023-07-31,12,3729.89
ORD-003580,CUST-0179,PROD-0061,2023-10-17,7,5931.31
ORD-003581,CUST-0093,PROD-0008,2023-04-06,10,6756.1
ORD-003582,CUST-0120,PROD-0008,2023-03-16,2,1351.22
ORD-003583,CUST-0006,PROD-0086,2023-06-26,17,2293.98
ORD-003584,CUST-0157,PROD-0073,2023-12-23,11,6179.36
ORD-003585,CUST-0843,PROD-0014,2023-07-25,16,5826.05
ORD-003586,CUST-0370,PROD-0047,2023-08-17,11,9744.02
ORD-003587,CUST-0862,PROD-0083,2023-01-03,10,5045.76
ORD-003588,CUST-0843,PROD-0033,2023-10-19,17,15435.66
ORD-003589,CUST-0717,PROD-0091,2023-02-27,9,5305.61
ORD-003590,CUST-0523,PROD-0074,2023-08-01,17,5279.86
ORD-003591,CUST-0800,PROD-0049,2023-01-01,7,6678.07
ORD-003592,CUST-0930,PROD-0066,2023-10-21,8,4722.05
ORD-003593,CUST-0515,PROD-0064,2023-07-28,12,5810.98
ORD-003594,CUST-0337,PROD-0082,2023-01-07,5,1582.2
ORD-003595,CUST-0290,PROD-0044,2023-12-09,3,2983.98
ORD-003596,CUST-0481,PROD-0009,2023-08-31,9,5301.63
ORD-003597,CUST-0239,PROD-0029,2023-10-08,4,1571.38
ORD-003598,CUST-0705,PROD-0037,2023-03-31,19,12835.45
ORD-003599,CUST-0796,PROD-0029,2023-01-14,16,6285.5
ORD-003600,CUST-0628,PROD-0055,2023-04-13,19,7314.92
ORD-003601,CUST-0509,PROD-0091,2023-08-07,10,5895.12
ORD-003602,CUST-0980,PROD-0036,2023-05-14,12,7826.4
ORD-003603,CUST-0035,PROD-0064,2023-03-09,8,3873.98
ORD-003604,CUST-0962,PROD-0086,2023-11-29,13,1754.22
ORD-003605,CUST-0497,PROD-0045,2023-07-10,13,6247.15
ORD-003606,CUST-0091,PROD-0064,2023-06-16,1,484.25
ORD-003607,CUST-0139,PROD-0063,2023-05-10,18,2779.06
ORD-003608,CUST-0956,PROD-0027,2023-01-19,8,4361.76
ORD-003609,CUST-0621,PROD-0046,2023-07-27,2,842.86
ORD-003610,CUST-0197,PROD-0072,2023-01-15,11,7862.03
ORD-003611,CUST-0706,PROD-0003,2023-04-06,4,1665.68
ORD-003612,CUST-0627,PROD-0041,2023-03-27,10,5805.6
ORD-003613,CUST-0116,PROD-0032,2023-07-29,15,7455.15
ORD-003614,CUST-0156,PROD-0077,2023-05-11,8,4954.24
ORD-003615,CUST-0878,PROD-0039,2023-07-14,16,3929.28
ORD-003616,CUST-0745,PROD-0022,2023-03-06,14,5307.96
ORD-003617,CUST-0796,PROD-0087,2023-01-19,3,1761.87
ORD-003618,CUST-0642,PROD-0022,2023-07-16,2,758.28
ORD-003619,CUST-0221,PROD-0100,2023-06-06,5,4156.55
ORD-003620,CUST-0588,PROD-0023,2023-10-13,2,1498.58
ORD-003621,CUST-0281,PROD-0013,2023-10-29,13,7363.2
ORD-003622,CUST-0301,PROD-0064,2023-12-27,4,1936.99
ORD-003623,CUST-0795,PROD-0005,2023-07-02,1,853.91
ORD-003624,CUST-0929,PROD-0060,2023-08-25,6,2440.8
ORD-003625,CUST-0128,PROD-0015,2023-08-08,4,1983.6
ORD-003626,CUST-0454,PROD-0087,2023-12-31,1,587.29
ORD-003627,CUST-0026,PROD-0006,2023-07-10,13,12179.96
ORD-003628,CUST-0500,PROD-0065,2023-08-13,1,677.72
ORD-003629,CUST-0179,PROD-0086,2023-08-23,10,1349.4
ORD-003630,CUST-0264,PROD-0037,2023-04-23,12,8106.6
ORD-003631,CUST-0805,PROD-0016,2023-07-02,11,5826.88
ORD-003632,CUST-0942,PROD-0044,2023-03-12,11,10941.26
ORD-003633,CUST-0599,PROD-0079,2023-05-26,6,411.34
ORD-003634,CUST-0110,PROD-0055,2023-03-03,4,1539.98
ORD-003635,CUST-0110,PROD-0096,2023-08-27,5,1701.36
ORD-003636,CUST-0218,PROD-0009,2023-11-27,4,2356.28
ORD-003637,CUST-0129,PROD-0074,2023-01-06,18,5590.44
ORD-003638,CUST-0668,PROD-0025,2023-02-13,11,3540.9
ORD-003639,CUST-0460,PROD-0001,2023-08-29,12,10196.76
ORD-003640,CUST-0567,PROD-0054,2023-11-13,7,1504.27
ORD-003641,CUST-0168,PROD-0011,2023-10-24,4,3765.32
ORD-003642,CUST-0299,PROD-0036,2023-03-19,12,7826.4
ORD-003643,CUST-0704,PROD-0045,2023-07-24,7,3363.85
ORD-003644,CUST-0802,PROD-0089,2023-07-08,14,9500.26
ORD-003645,CUST-0721,PROD-0063,2023-07-06,17,2624.66
ORD-003646,CUST-0995,PROD-0093,2023-07-22,19,16000.85
ORD-003647,CUST-0751,PROD-0075,2023-03-21,3,1294.17
ORD-003648,CUST-0251,PROD-0017,2023-06-19,17,16907.69
ORD-003649,CUST-0182,PROD-0009,2023-03-20,18,10603.26
ORD-003650,CUST-0287,PROD-0071,2023-03-10,11,3419.06
ORD-003651,CUST-0739,PROD-0032,2023-02-01,18,8946.18
ORD-003652,CUST-0414,PROD-0037,2023-05-29,8,5404.4
ORD-003653,CUST-0331,PROD-0084,2023-12-11,4,1637.23
ORD-003654,CUST-0903,PROD-0012,2023-01-12,9,8767.71
ORD-003655,CUST-0850,PROD-0077,2023-04-05,4,2477.12
ORD-003656,CUST-0842,PROD-0084,2023-12-09,13,5321.0
ORD-003657,CUST-0637,PROD-0088,2023-12-03,1,449.7
ORD-003658,CUST-0769,PROD-0022,2023-12-02,7,2653.98
ORD-003659,CUST-0188,PROD-0005,2023-08-21,18,15370.38
ORD-003660,CUST-0197,PROD-0014,2023-09-01,16,5826.05
ORD-003661,CUST-0145,PROD-0013,2023-01-15,18,10195.2
ORD-003662,CUST-0085,PROD-0069,2023-09-02,10,4814.28
ORD-003663,CUST-0466,PROD-0012,2023-06-24,17,16561.23
ORD-003664,CUST-0466,PROD-0087,2023-06-09,17,9983.93
ORD-003665,CUST-0935,PROD-0093,2023-11-13,4,3368.6
ORD-003666,CUST-0114,PROD-0038,2023-12-11,10,8668.8
ORD-003667,CUST-0904,PROD-0044,2023-05-18,14,13925.24
ORD-003668,CUST-0334,PROD-0092,2023-06-29,1,982.2
ORD-003669,CUST-0506,PROD-0080,2023-01-29,10,6353.4
ORD-003670,CUST-0587,PROD-0033,2023-08-25,8,7263.84
ORD-003671,CUST-0359,PROD-0094,2023-11-06,5,4316.0
ORD-003672,CUST-0939,PROD-0074,2023-05-29,5,1552.9
ORD-003673,CUST-0619,PROD-0053,2023-12-19,10,9807.2
ORD-003674,CUST-0508,PROD-0014,2023-03-23,15,5461.92
ORD-003675,CUST-0923,PROD-0097,2023-12-12,13,6902.84
ORD-003676,CUST-0822,PROD-0044,2023-02-11,14,13925.24
ORD-003677,CUST-0540,PROD-0055,2023-04-04,1,385.0
ORD-003678,CUST-0645,PROD-0008,2023-10-05,16,10809.76
ORD-003679,CUST-0386,PROD-0042,2023-05-10,18,13917.24
ORD-003680,CUST-0773,PROD-0016,2023-08-31,7,3708.01
ORD-003681,CUST-0703,PROD-0026,2023-03-14,13,7171.97
ORD-003682,CUST-0600,PROD-0030,2023-11-18,11,6578.77
ORD-003683,CUST-0483,PROD-0084,2023-05-24,1,409.31
ORD-003684,CUST-0895,PROD-0051,2023-11-05,3,1758.74
ORD-003685,CUST-0844,PROD-0043,2023-01-30,6,376.38
ORD-003686,CUST-0252,PROD-0054,2023-08-18,12,2578.75
ORD-003687,CUST-0772,PROD-0053,2023-10-01,17,16672.24
ORD-003688,CUST-0184,PROD-0027,2023-10-07,9,4906.98
ORD-003689,CUST-0144,PROD-0083,2023-05-17,13,6559.49
ORD-003690,CUST-0178,PROD-0039,2023-05-15,10,2455.8
ORD-003691,CUST-0023,PROD-0064,2023-02-28,12,5810.98
ORD-003692,CUST-0077,PROD-0055,2023-05-20,18,6929.93
ORD-003693,CUST-0996,PROD-0021,2023-03-29,6,1171.5
ORD-003694,CUST-0981,PROD-0080,2023-02-15,17,10800.78
ORD-003695,CUST-0789,PROD-0087,2023-05-08,10,5872.9
ORD-003696,CUST-0319,PROD-0066,2023-03-28,9,5312.3
ORD-003697,CUST-0906,PROD-0075,2023-10-16,12,5176.68
ORD-003698,CUST-0608,PROD-0078,2023-05-01,4,868.08
ORD-003699,CUST-0033,PROD-0066,2023-06-05,18,10624.61
ORD-003700,CUST-0464,PROD-0083,2023-07-24,1,504.58
ORD-003701,CUST-0288,PROD-0009,2023-02-11,3,1767.21
ORD-003702,CUST-0946,PROD-0063,2023-04-01,7,1080.74
ORD-003703,CUST-0297,PROD-0027,2023-11-16,1,545.22
ORD-003704,CUST-0001,PROD-0035,2023-04-29,15,5446.2
ORD-003705,CUST-0449,PROD-0082,2023-03-04,5,1582.2
ORD-003706,CUST-0690,PROD-0041,2023-08-27,3,1741.68
ORD-003707,CUST-0389,PROD-0034,2023-12-09,4,1782.84
ORD-003708,CUST-0682,PROD-0097,2023-05-01,6,3185.93
ORD-003709,CUST-0767,PROD-0062,2023-03-01,8,7451.36
ORD-003710,CUST-0365,PROD-0049,2023-12-03,4,3816.04
ORD-003711,CUST-0627,PROD-0045,2023-09-09,17,8169.35
ORD-003712,CUST-0985,PROD-0070,2023-12-16,14,11923.8
ORD-003713,CUST-0055,PROD-0026,2023-10-22,12,6620.28
ORD-003714,CUST-0219,PROD-0085,2023-02-03,16,14222.08
ORD-003715,CUST-0179,PROD-0059,2023-01-11,7,2696.61
ORD-003716,CUST-0147,PROD-0041,2023-08-13,8,4644.48
ORD-003717,CUST-0627,PROD-0018,2023-11-25,10,1924.1
ORD-003718,CUST-0574,PROD-0068,2023-10-12,18,8857.08
ORD-003719,CUST-0826,PROD-0042,2023-05-18,12,9278.16
ORD-003720,CUST-0104,PROD-0033,2023-06-14,9,8171.82
ORD-003721,CUST-0955,PROD-0007,2023-01-21,2,1579.26
ORD-003722,CUST-0202,PROD-0085,2023-10-13,7,6222.16
ORD-003723,CUST-0407,PROD-0035,2023-09-18,9,3267.72
ORD-003724,CUST-0727,PROD-0096,2023-06-25,1,340.27
ORD-003725,CUST-0829,PROD-0077,2023-01-13,9,5573.52
ORD-003726,CUST-0739,PROD-0056,2023-06-13,16,6596.16
ORD-003727,CUST-0236,PROD-0098,2023-04-18,19,10380.46
ORD-003728,CUST-0281,PROD-0071,2023-03-03,7,2175.77
ORD-003729,CUST-0435,PROD-0069,2023-09-19,5,2407.14
ORD-003730,CUST-0375,PROD-0021,2023-11-23,2,390.5
ORD-003731,CUST-0390,PROD-0057,2023-01-08,18,5835.46
ORD-003732,CUST-0205,PROD-0021,2023-04-05,17,3319.25
ORD-003733,CUST-0457,PROD-0021,2023-01-30,18,3514.5
ORD-003734,CUST-0173,PROD-0059,2023-11-17,8,3081.84
ORD-003735,CUST-0051,PROD-0065,2023-02-20,6,4066.32
ORD-003736,CUST-0447,PROD-0030,2023-07-31,17,10167.19
ORD-003737,CUST-0257,PROD-0035,2023-09-13,9,3267.72
ORD-003738,CUST-0733,PROD-0040,2023-05-28,11,5601.31
ORD-003739,CUST-0354,PROD-0017,2023-10-18,3,2983.71
ORD-003740,CUST-0446,PROD-0073,2023-09-21,14,7864.64
ORD-003741,CUST-0646,PROD-0016,2023-11-02,7,3708.01
ORD-003742,CUST-0071,PROD-0028,2023-05-15,17,10941.37
ORD-003743,CUST-0394,PROD-0053,2023-05-06,4,3922.88
ORD-003744,CUST-0303,PROD-0008,2023-07-25,10,6756.1
ORD-003745,CUST-0005,PROD-0037,2023-03-13,15,10133.25
ORD-003746,CUST-0066,PROD-0091,2023-04-09,5,2947.56
ORD-003747,CUST-0279,PROD-0068,2023-01-17,17,8365.02
ORD-003748,CUST-0391,PROD-0072,2023-03-02,1,714.73
ORD-003749,CUST-0171,PROD-0002,2023-03-31,15,12888.0
ORD-003750,CUST-0537,PROD-0085,2023-04-11,10,8888.8
ORD-003751,CUST-0855,PROD-0099,2023-09-25,4,1360.48
ORD-003752,CUST-0840,PROD-0100,2023-03-19,4,3325.24
ORD-003753,CUST-0532,PROD-0060,2023-04-19,8,3254.4
ORD-003754,CUST-0663,PROD-0009,2023-06-30,15,8836.05
ORD-003755,CUST-0462,PROD-0063,2023-11-10,18,2779.06
ORD-003756,CUST-0930,PROD-0014,2023-11-02,2,728.26
ORD-003757,CUST-0594,PROD-0011,2023-11-15,10,9413.3
ORD-003758,CUST-0300,PROD-0055,2023-01-11,11,4234.96
ORD-003759,CUST-0333,PROD-0074,2023-03-07,7,2174.06
ORD-003760,CUST-0968,PROD-0038,2023-09-30,15,13003.2
ORD-003761,CUST-0475,PROD-0091,2023-06-08,1,589.51
ORD-003762,CUST-0660,PROD-0022,2023-08-18,16,6066.24
ORD-003763,CUST-0384,PROD-0016,2023-01-06,6,3178.3
ORD-003764,CUST-0135,PROD-0072,2023-01-12,13,9291.49
ORD-003765,CUST-0447,PROD-0082,2023-05-03,15,4746.6
ORD-003766,CUST-0610,PROD-0077,2023-04-10,8,4954.24
ORD-003767,CUST-0754,PROD-0020,2023-10-06,7,3528.14
ORD-003768,CUST-0452,PROD-0077,2023-05-26,4,2477.12
ORD-003769,CUST-0114,PROD-0038,2023-10-10,18,15603.84
ORD-003770,CUST-0191,PROD-0038,2023-07-25,6,5201.28
ORD-003771,CUST-0618,PROD-0064,2023-07-10,8,3873.98
ORD-003772,CUST-0546,PROD-0042,2023-05-26,3,2319.54
ORD-003773,CUST-0284,PROD-0094,2023-09-08,6,5179.2
ORD-003774,CUST-0644,PROD-0051,2023-10-20,18,10552.46
ORD-003775,CUST-0614,PROD-0058,2023-08-07,18,8920.26
ORD-003776,CUST-0521,PROD-0076,2023-09-27,15,6452.28
ORD-003777,CUST-0464,PROD-0091,2023-08-05,7,4126.58
ORD-003778,CUST-0384,PROD-0051,2023-07-28,10,5862.48
ORD-003779,CUST-0696,PROD-0060,2023-03-28,9,3661.2
ORD-003780,CUST-0152,PROD-0005,2023-01-07,12,10246.92
ORD-003781,CUST-0680,PROD-0080,2023-09-09,4,2541.36
ORD-003782,CUST-0011,PROD-0031,2023-12-23,12,11751.84
ORD-003783,CUST-0799,PROD-0084,2023-05-21,5,2046.54
ORD-003784,CUST-0168,PROD-0075,2023-09-16,1,431.39
ORD-003785,CUST-0368,PROD-0059,2023-10-13,3,1155.69
ORD-003786,CUST-0915,PROD-0002,2023-01-23,17,14606.4
ORD-003787,CUST-0493,PROD-0074,2023-05-10,19,5901.02
ORD-003788,CUST-0940,PROD-0099,2023-05-02,18,6122.16
ORD-003789,CUST-0932,PROD-0064,2023-02-10,14,6779.47
ORD-003790,CUST-0902,PROD-0026,2023-09-29,19,10482.11
ORD-003791,CUST-0214,PROD-0039,2023-08-15,3,736.74
ORD-003792,CUST-0500,PROD-0062,2023-10-03,4,3725.68
ORD-003793,CUST-0694,PROD-0093,2023-07-12,3,2526.45
ORD-003794,CUST-0991,PROD-0047,2023-06-08,15,13287.3
ORD-003795,CUST-0359,PROD-0052,2023-12-29,4,2323.4
ORD-003796,CUST-0713,PROD-0007,2023-10-18,16,12634.08
ORD-003797,CUST-0719,PROD-0015,2023-07-17,13,6446.7
ORD-003798,CUST-0283,PROD-0036,2023-11-30,16,10435.2
ORD-003799,CUST-0881,PROD-0070,2023-05-20,4,3406.8
ORD-003800,CUST-0412,PROD-0098,2023-10-06,7,3824.38
ORD-003801,CUST-0672,PROD-0094,2023-10-09,9,7768.8
ORD-003802,CUST-0068,PROD-0007,2023-05-01,19,15002.97
ORD-003803,CUST-0928,PROD-0059,2023-03-14,12,4622.76
ORD-003804,CUST-0290,PROD-0025,2023-05-17,13,4184.7
ORD-003805,CUST-0924,PROD-0015,2023-08-02,7,3471.3
ORD-003806,CUST-0474,PROD-0008,2023-08-31,18,12160.98
ORD-003807,CUST-0386,PROD-0083,2023-09-30,3,1513.73
ORD-003808,CUST-0848,PROD-0042,2023-06-15,11,8504.98
ORD-003809,CUST-0787,PROD-0021,2023-12-07,17,3319.25
ORD-003810,CUST-0299,PROD-0086,2023-09-29,10,1349.4
ORD-003811,CUST-0262,PROD-0010,2023-05-16,16,6157.44
ORD-003812,CUST-0929,PROD-0052,2023-04-03,15,8712.75
ORD-003813,CUST-0385,PROD-0053,2023-07-08,7,6865.04
ORD-003814,CUST-0417,PROD-0072,2023-01-20,5,3573.65
ORD-003815,CUST-0910,PROD-0061,2023-08-01,19,16099.27
ORD-003816,CUST-0703,PROD-0076,2023-09-08,5,2150.76
ORD-003817,CUST-0659,PROD-0096,2023-09-04,7,2381.9
ORD-003818,CUST-0149,PROD-0016,2023-08-31,9,4767.44
ORD-003819,CUST-0945,PROD-0083,2023-08-28,11,5550.34
ORD-003820,CUST-0580,PROD-0073,2023-05-12,19,10673.44
ORD-003821,CUST-0975,PROD-0059,2023-05-16,15,5778.45
ORD-003822,CUST-0338,PROD-0093,2023-05-15,12,10105.8
ORD-003823,CUST-0342,PROD-0096,2023-02-21,9,3062.45
ORD-003824,CUST-0707,PROD-0011,2023-08-13,1,941.33
ORD-003825,CUST-0369,PROD-0004,2023-12-28,11,9790.11
ORD-003826,CUST-0285,PROD-0060,2023-01-31,11,4474.8
ORD-003827,CUST-0564,PROD-0079,2023-05-10,13,891.23
ORD-003828,CUST-0021,PROD-0039,2023-03-07,4,982.32
ORD-003829,CUST-0255,PROD-0045,2023-02-27,16,7688.8
ORD-003830,CUST-0094,PROD-0088,2023-05-05,15,6745.5
ORD-003831,CUST-0787,PROD-0070,2023-11-11,8,6813.6
ORD-003832,CUST-0110,PROD-0014,2023-12-26,16,5826.05
ORD-003833,CUST-0565,PROD-0033,2023-03-10,17,15435.66
ORD-003834,CUST-0862,PROD-0029,2023-08-29,11,4321.28
ORD-003835,CUST-0262,PROD-0085,2023-06-14,7,6222.16
ORD-003836,CUST-0279,PROD-0074,2023-01-11,6,1863.48
ORD-003837,CUST-0541,PROD-0032,2023-07-13,7,3479.07
ORD-003838,CUST-0830,PROD-0016,2023-12-10,18,9534.89
ORD-003839,CUST-0529,PROD-0031,2023-10-27,16,15669.12
ORD-003840,CUST-0962,PROD-0032,2023-05-27,12,5964.12
ORD-003841,CUST-0580,PROD-0021,2023-02-03,9,1757.25
ORD-003842,CUST-0399,PROD-0074,2023-11-19,12,3726.96
ORD-003843,CUST-0130,PROD-0032,2023-01-09,5,2485.05
ORD-003844,CUST-0817,PROD-0005,2023-12-06,11,9393.01
ORD-003845,CUST-0510,PROD-0058,2023-08-06,1,495.57
ORD-003846,CUST-0348,PROD-0035,2023-08-28,11,3993.88
ORD-003847,CUST-0517,PROD-0096,2023-05-19,6,2041.63
ORD-003848,CUST-0208,PROD-0021,2023-08-12,1,195.25
ORD-003849,CUST-0513,PROD-0085,2023-07-25,14,12444.32
ORD-003850,CUST-0857,PROD-0014,2023-07-01,1,364.13
ORD-003851,CUST-0266,PROD-0023,2023-12-19,2,1498.58
ORD-003852,CUST-0307,PROD-0084,2023-04-09,17,6958.24
ORD-003853,CUST-0577,PROD-0097,2023-02-07,2,1061.98
ORD-003854,CUST-0939,PROD-0078,2023-12-23,12,2604.24
ORD-003855,CUST-0456,PROD-0030,2023-08-22,1,598.07
ORD-003856,CUST-0112,PROD-0099,2023-05-11,1,340.12
ORD-003857,CUST-0596,PROD-0029,2023-03-07,19,7464.04
ORD-003858,CUST-0228,PROD-0030,2023-11-03,9,5382.63
ORD-003859,CUST-0825,PROD-0087,2023-11-06,18,10571.22
ORD-003860,CUST-0463,PROD-0003,2023-06-21,11,4580.62
ORD-003861,CUST-0531,PROD-0082,2023-01-10,14,4430.16
ORD-003862,CUST-0477,PROD-0067,2023-11-13,10,2690.8
ORD-003863,CUST-0664,PROD-0006,2023-06-18,14,13116.88
ORD-003864,CUST-0961,PROD-0039,2023-11-26,19,4666.02
ORD-003865,CUST-0947,PROD-0096,2023-06-10,7,2381.9
ORD-003866,CUST-0328,PROD-0023,2023-04-21,3,2247.87
ORD-003867,CUST-0934,PROD-0053,2023-10-14,19,18633.68
ORD-003868,CUST-0524,PROD-0052,2023-07-18,14,8131.9
ORD-003869,CUST-0777,PROD-0041,2023-10-14,17,9869.52
ORD-003870,CUST-0465,PROD-0005,2023-05-25,7,5977.37
ORD-003871,CUST-0242,PROD-0043,2023-05-21,8,501.84
ORD-003872,CUST-0638,PROD-0030,2023-05-07,12,7176.84
ORD-003873,CUST-0345,PROD-0068,2023-07-21,7,3444.42
ORD-003874,CUST-0526,PROD-0068,2023-08-23,5,2460.3
ORD-003875,CUST-0877,PROD-0072,2023-10-28,16,11435.68
ORD-003876,CUST-0351,PROD-0022,2023-03-07,19,7203.66
ORD-003877,CUST-0231,PROD-0024,2023-05-10,1,726.52
ORD-003878,CUST-0195,PROD-0087,2023-03-17,12,7047.48
ORD-003879,CUST-0447,PROD-0067,2023-08-27,15,4036.2
ORD-003880,CUST-0743,PROD-0047,2023-11-01,14,12401.48
ORD-003881,CUST-0736,PROD-0074,2023-08-25,9,2795.22
ORD-003882,CUST-0711,PROD-0008,2023-02-07,12,8107.32
ORD-003883,CUST-0409,PROD-0095,2023-11-23,14,8115.41
ORD-003884,CUST-0019,PROD-0006,2023-02-08,8,7495.36
ORD-003885,CUST-0033,PROD-0095,2023-02-17,14,8115.41
ORD-003886,CUST-0167,PROD-0078,2023-03-31,5,1085.1
ORD-003887,CUST-0830,PROD-0043,2023-04-24,13,815.49
ORD-003888,CUST-0586,PROD-0017,2023-10-29,19,18896.83
ORD-003889,CUST-0993,PROD-0098,2023-07-04,18,9834.12
ORD-003890,CUST-0871,PROD-0043,2023-06-13,6,376.38
ORD-003891,CUST-0973,PROD-0039,2023-08-21,3,736.74
ORD-003892,CUST-0818,PROD-0041,2023-05-03,6,3483.36
ORD-003893,CUST-0262,PROD-0030,2023-09-04,12,7176.84
ORD-003894,CUST-0452,PROD-0022,2023-11-25,1,379.14
ORD-003895,CUST-0187,PROD-0096,2023-05-11,7,2381.9
ORD-003896,CUST-0439,PROD-0054,2023-08-16,7,1504.27
ORD-003897,CUST-0689,PROD-0016,2023-01-23,10,5297.16
ORD-003898,CUST-0620,PROD-0090,2023-06-07,2,683.18
ORD-003899,CUST-0925,PROD-0074,2023-03-11,16,4969.28
ORD-003900,CUST-0708,PROD-0087,2023-03-13,15,8809.35
ORD-003901,CUST-0796,PROD-0055,2023-09-05,1,385.0
ORD-003902,CUST-0305,PROD-0057,2023-06-04,11,3566.11
ORD-003903,CUST-0143,PROD-0084,2023-08-27,6,2455.85
ORD-003904,CUST-0639,PROD-0085,2023-06-28,2,1777.76
ORD-003905,CUST-0472,PROD-0040,2023-03-14,2,1018.42
ORD-003906,CUST-0941,PROD-0016,2023-07-06,4,2118.86
ORD-003907,CUST-0671,PROD-0097,2023-06-17,19,10088.77
ORD-003908,CUST-0029,PROD-0009,2023-08-06,7,4123.49
ORD-003909,CUST-0559,PROD-0006,2023-01-03,9,8432.28
ORD-003910,CUST-0490,PROD-0099,2023-06-18,17,5782.04
ORD-003911,CUST-0110,PROD-0021,2023-12-30,4,781.0
ORD-003912,CUST-0001,PROD-0029,2023-07-01,1,392.84
ORD-003913,CUST-0821,PROD-0020,2023-12-30,2,1008.04
ORD-003914,CUST-0398,PROD-0054,2023-10-21,12,2578.75
ORD-003915,CUST-0655,PROD-0057,2023-07-29,17,5511.26
ORD-003916,CUST-0045,PROD-0001,2023-03-20,2,1699.46
ORD-003917,CUST-0806,PROD-0021,2023-01-20,18,3514.5
ORD-003918,CUST-0503,PROD-0016,2023-05-23,1,529.72
ORD-003919,CUST-0317,PROD-0014,2023-08-01,10,3641.28
ORD-003920,CUST-0159,PROD-0089,2023-10-09,11,7464.49
ORD-003921,CUST-0702,PROD-0087,2023-11-03,9,5285.61
ORD-003922,CUST-0711,PROD-0003,2023-06-19,16,6662.72
ORD-003923,CUST-0154,PROD-0070,2023-11-17,5,4258.5
ORD-003924,CUST-0937,PROD-0098,2023-07-29,5,2731.7
ORD-003925,CUST-0378,PROD-0064,2023-05-16,4,1936.99
ORD-003926,CUST-0993,PROD-0089,2023-12-20,13,8821.67
ORD-003927,CUST-0720,PROD-0084,2023-02-08,16,6548.93
ORD-003928,CUST-0334,PROD-0025,2023-10-15,16,5150.4
ORD-003929,CUST-0252,PROD-0056,2023-05-17,1,412.26
ORD-003930,CUST-0212,PROD-0099,2023-01-27,2,680.24
ORD-003931,CUST-0601,PROD-0060,2023-07-28,4,1627.2
ORD-003932,CUST-0361,PROD-0020,2023-10-04,6,3024.12
ORD-003933,CUST-0221,PROD-0097,2023-01-18,8,4247.9
ORD-003934,CUST-0414,PROD-0085,2023-02-24,6,5333.28
ORD-003935,CUST-0906,PROD-0014,2023-01-26,8,2913.02
ORD-003936,CUST-0708,PROD-0020,2023-07-19,17,8568.34
ORD-003937,CUST-0295,PROD-0099,2023-03-06,1,340.12
ORD-003938,CUST-0179,PROD-0070,2023-03-22,6,5110.2
ORD-003939,CUST-0371,PROD-0047,2023-07-07,19,16830.58
ORD-003940,CUST-0222,PROD-0052,2023-06-17,8,4646.8
ORD-003941,CUST-0596,PROD-0038,2023-02-08,17,14736.96
ORD-003942,CUST-0586,PROD-0038,2023-01-16,2,1733.76
ORD-003943,CUST-0878,PROD-0010,2023-06-11,8,3078.72
ORD-003944,CUST-0161,PROD-0001,2023-07-14,10,8497.3
ORD-003945,CUST-0838,PROD-0078,2023-05-20,17,3689.34
ORD-003946,CUST-0949,PROD-0084,2023-11-01,3,1227.92
ORD-003947,CUST-0213,PROD-0028,2023-10-31,6,3861.66
ORD-003948,CUST-0440,PROD-0048,2023-05-31,11,8280.36
ORD-003949,CUST-0799,PROD-0089,2023-09-16,4,2714.36
ORD-003950,CUST-0697,PROD-0009,2023-07-21,17,10014.19
ORD-003951,CUST-0720,PROD-0076,2023-01-09,8,3441.22
ORD-003952,CUST-0959,PROD-0078,2023-04-07,10,2170.2
ORD-003953,CUST-0314,PROD-0035,2023-05-03,11,3993.88
ORD-003954,CUST-0215,PROD-0039,2023-12-20,18,4420.44
ORD-003955,CUST-0225,PROD-0021,2023-07-06,6,1171.5
ORD-003956,CUST-0998,PROD-0077,2023-01-23,4,2477.12
ORD-003957,CUST-0948,PROD-0031,2023-01-12,14,13710.48
ORD-003958,CUST-0107,PROD-0096,2023-10-09,16,5444.35
ORD-003959,CUST-0573,PROD-0027,2023-12-28,12,6542.64
ORD-003960,CUST-0346,PROD-0047,2023-07-19,16,14173.12
ORD-003961,CUST-0560,PROD-0061,2023-12-23,8,6778.64
ORD-003962,CUST-0082,PROD-0030,2023-07-18,11,6578.77
ORD-003963,CUST-0354,PROD-0025,2023-09-13,1,321.9
ORD-003964,CUST-0249,PROD-0092,2023-01-20,5,4911.0
ORD-003965,CUST-0905,PROD-0084,2023-03-02,14,5730.31
ORD-003966,CUST-0103,PROD-0079,2023-08-25,19,1302.56
ORD-003967,CUST-0957,PROD-0053,2023-08-22,3,2942.16
ORD-003968,CUST-0301,PROD-0074,2023-11-27,15,4658.7
ORD-003969,CUST-0775,PROD-0001,2023-09-01,10,8497.3
ORD-003970,CUST-0800,PROD-0011,2023-01-22,13,12237.29
ORD-003971,CUST-0924,PROD-0062,2023-07-02,19,17696.98
ORD-003972,CUST-0543,PROD-0032,2023-12-25,19,9443.19
ORD-003973,CUST-0342,PROD-0001,2023-04-26,1,849.73
ORD-003974,CUST-0621,PROD-0009,2023-01-15,11,6479.77
ORD-003975,CUST-0275,PROD-0017,2023-06-22,6,5967.42
ORD-003976,CUST-0104,PROD-0017,2023-09-09,12,11934.84
ORD-003977,CUST-0828,PROD-0099,2023-05-22,18,6122.16
ORD-003978,CUST-0523,PROD-0023,2023-09-12,17,12737.93
ORD-003979,CUST-0318,PROD-0006,2023-12-07,5,4684.6
ORD-003980,CUST-0226,PROD-0061,2023-04-08,7,5931.31
ORD-003981,CUST-0465,PROD-0100,2023-08-12,3,2493.93
ORD-003982,CUST-0575,PROD-0082,2023-10-23,12,3797.28
ORD-003983,CUST-0237,PROD-0044,2023-01-10,19,18898.54
ORD-003984,CUST-0751,PROD-0100,2023-07-11,10,8313.1
ORD-003985,CUST-0304,PROD-0049,2023-08-01,18,17172.18
ORD-003986,CUST-0253,PROD-0074,2023-02-11,2,621.16
ORD-003987,CUST-0742,PROD-0067,2023-02-02,15,4036.2
ORD-003988,CUST-0679,PROD-0007,2023-02-02,13,10265.19
ORD-003989,CUST-0086,PROD-0009,2023-04-20,19,11192.33
ORD-003990,CUST-0575,PROD-0071,2023-03-10,19,5905.66
ORD-003991,CUST-0082,PROD-0044,2023-12-13,1,994.66
ORD-003992,CUST-0933,PROD-0086,2023-01-31,12,1619.28
ORD-003993,CUST-0299,PROD-0001,2023-05-03,1,849.73
ORD-003994,CUST-0741,PROD-0080,2023-09-04,14,8894.76
ORD-003995,CUST-0498,PROD-0059,2023-09-15,18,6934.14
ORD-003996,CUST-0342,PROD-0069,2023-11-17,15,7221.42
ORD-003997,CUST-0191,PROD-0071,2023-12-06,12,3729.89
ORD-003998,CUST-0343,PROD-0039,2023-09-14,8,1964.64
ORD-003999,CUST-0433,PROD-0057,2023-09-27,2,648.38
ORD-004000,CUST-0127,PROD-0053,2023-11-04,3,2942.16
ORD-004001,CUST-0253,PROD-0048,2023-07-03,2,1505.52
ORD-004002,CUST-0314,PROD-0055,2023-04-15,8,3079.97
ORD-004003,CUST-0156,PROD-0083,2023-11-13,5,2522.88
ORD-004004,CUST-0624,PROD-0062,2023-04-05,8,7451.36
ORD-004005,CUST-0236,PROD-0021,2023-04-19,7,1366.75
ORD-004006,CUST-0976,PROD-0021,2023-01-24,1,195.25
ORD-004007,CUST-0702,PROD-0046,2023-02-28,17,7164.28
ORD-004008,CUST-0585,PROD-0001,2023-10-15,4,3398.92
ORD-004009,CUST-0853,PROD-0026,2023-12-09,12,6620.28
ORD-004010,CUST-0570,PROD-0046,2023-09-02,1,421.43
ORD-004011,CUST-0927,PROD-0088,2023-03-26,2,899.4
ORD-004012,CUST-0885,PROD-0044,2023-12-17,16,15914.56
ORD-004013,CUST-0516,PROD-0028,2023-02-01,18,11584.98
ORD-004014,CUST-0550,PROD-0006,2023-10-02,19,17801.48
ORD-004015,CUST-0244,PROD-0059,2023-07-28,14,5393.22
ORD-004016,CUST-0244,PROD-0028,2023-06-27,6,3861.66
ORD-004017,CUST-0363,PROD-0076,2023-10-15,18,7742.74
ORD-004018,CUST-0600,PROD-0003,2023-02-13,17,7079.14
ORD-004019,CUST-0279,PROD-0099,2023-10-11,18,6122.16
ORD-004020,CUST-0422,PROD-0082,2023-12-21,11,3480.84
ORD-004021,CUST-0704,PROD-0079,2023-03-03,7,479.89
ORD-004022,CUST-0473,PROD-0091,2023-09-26,11,6484.63
ORD-004023,CUST-0929,PROD-0019,2023-09-20,9,666.25
ORD-004024,CUST-0535,PROD-0088,2023-03-15,13,5846.1
ORD-004025,CUST-0509,PROD-0086,2023-06-28,5,674.7
ORD-004026,CUST-0733,PROD-0072,2023-12-27,5,3573.65
ORD-004027,CUST-0820,PROD-0030,2023-10-07,8,4784.56
ORD-004028,CUST-0791,PROD-0063,2023-02-14,15,2315.88
ORD-004029,CUST-0903,PROD-0026,2023-05-19,9,4965.21
ORD-004030,CUST-0724,PROD-0029,2023-08-06,6,2357.06
ORD-004031,CUST-0122,PROD-0086,2023-08-07,13,1754.22
ORD-004032,CUST-0350,PROD-0080,2023-12-31,15,9530.1
ORD-004033,CUST-0827,PROD-0023,2023-10-12,9,6743.61
ORD-004034,CUST-0735,PROD-0025,2023-05-22,8,2575.2
ORD-004035,CUST-0280,PROD-0098,2023-12-29,19,10380.46
ORD-004036,CUST-0558,PROD-0011,2023-01-28,4,3765.32
ORD-004037,CUST-0185,PROD-0083,2023-06-10,3,1513.73
ORD-004038,CUST-0507,PROD-0066,2023-02-11,1,590.26
ORD-004039,CUST-0753,PROD-0074,2023-06-24,14,4348.12
ORD-004040,CUST-0985,PROD-0075,2023-07-01,18,7765.02
ORD-004041,CUST-0663,PROD-0018,2023-09-12,3,577.23
ORD-004042,CUST-0022,PROD-0082,2023-08-14,8,2531.52
ORD-004043,CUST-0939,PROD-0035,2023-02-14,13,4720.04
ORD-004044,CUST-0290,PROD-0045,2023-12-15,5,2402.75
ORD-004045,CUST-0406,PROD-0031,2023-04-14,7,6855.24
ORD-004046,CUST-0375,PROD-0013,2023-03-14,1,566.4
ORD-004047,CUST-0688,PROD-0056,2023-01-23,17,7008.42
ORD-004048,CUST-0777,PROD-0023,2023-04-07,17,12737.93
ORD-004049,CUST-0715,PROD-0002,2023-01-28,7,6014.4
ORD-004050,CUST-0081,PROD-0013,2023-06-01,10,5664.0
ORD-004051,CUST-0350,PROD-0022,2023-08-15,15,5687.1
ORD-004052,CUST-0588,PROD-0080,2023-10-16,7,4447.38
ORD-004053,CUST-0940,PROD-0088,2023-12-21,11,4946.7
ORD-004054,CUST-0818,PROD-0055,2023-06-06,7,2694.97
ORD-004055,CUST-0062,PROD-0062,2023-04-07,3,2794.26
ORD-004056,CUST-0243,PROD-0052,2023-05-29,10,5808.5
ORD-004057,CUST-0095,PROD-0020,2023-02-19,14,7056.28
ORD-004058,CUST-0518,PROD-0030,2023-08-15,16,9569.12
ORD-004059,CUST-0744,PROD-0087,2023-05-24,4,2349.16
ORD-004060,CUST-0268,PROD-0062,2023-11-24,5,4657.1
ORD-004061,CUST-0659,PROD-0029,2023-03-18,14,5499.82
ORD-004062,CUST-0705,PROD-0085,2023-11-18,2,1777.76
ORD-004063,CUST-0801,PROD-0061,2023-01-14,13,11015.29
ORD-004064,CUST-0639,PROD-0034,2023-05-22,18,8022.78
ORD-004065,CUST-0809,PROD-0026,2023-08-04,4,2206.76
ORD-004066,CUST-0768,PROD-0069,2023-04-28,14,6739.99
ORD-004067,CUST-0787,PROD-0063,2023-06-24,17,2624.66
ORD-004068,CUST-0938,PROD-0034,2023-11-01,5,2228.55
ORD-004069,CUST-0918,PROD-0078,2023-03-08,4,868.08
ORD-004070,CUST-0435,PROD-0079,2023-05-19,5,342.78
ORD-004071,CUST-0406,PROD-0068,2023-06-05,16,7872.96
ORD-004072,CUST-0281,PROD-0029,2023-07-16,17,6678.35
ORD-004073,CUST-0531,PROD-0072,2023-01-20,19,13579.87
ORD-004074,CUST-0327,PROD-0049,2023-11-08,16,15264.16
ORD-004075,CUST-0515,PROD-0080,2023-12-14,3,1906.02
ORD-004076,CUST-0639,PROD-0074,2023-10-01,10,3105.8
ORD-004077,CUST-0467,PROD-0045,2023-08-15,5,2402.75
ORD-004078,CUST-0877,PROD-0005,2023-05-02,8,6831.28
ORD-004079,CUST-0775,PROD-0052,2023-09-12,11,6389.35
ORD-004080,CUST-0019,PROD-0081,2023-11-29,17,4178.12
ORD-004081,CUST-0398,PROD-0050,2023-01-04,6,2064.84
ORD-004082,CUST-0529,PROD-0006,2023-11-23,12,11243.04
ORD-004083,CUST-0976,PROD-0032,2023-08-02,6,2982.06
ORD-004084,CUST-0174,PROD-0070,2023-04-24,5,4258.5
ORD-004085,CUST-0898,PROD-0057,2023-06-04,17,5511.26
ORD-004086,CUST-0494,PROD-0048,2023-11-19,17,12796.92
ORD-004087,CUST-0050,PROD-0039,2023-05-25,8,1964.64
ORD-004088,CUST-0974,PROD-0071,2023-02-27,2,621.65
ORD-004089,CUST-0183,PROD-0097,2023-12-31,16,8495.81
ORD-004090,CUST-0556,PROD-0059,2023-11-27,8,3081.84
ORD-004091,CUST-0409,PROD-0049,2023-10-18,19,18126.19
ORD-004092,CUST-0914,PROD-0067,2023-02-10,17,4574.36
ORD-004093,CUST-0112,PROD-0019,2023-05-18,5,370.14
ORD-004094,CUST-0257,PROD-0072,2023-04-15,2,1429.46
ORD-004095,CUST-0786,PROD-0068,2023-10-08,11,5412.66
ORD-004096,CUST-0673,PROD-0095,2023-10-10,3,1739.02
ORD-004097,CUST-0641,PROD-0054,2023-10-11,18,3868.13
ORD-004098,CUST-0702,PROD-0063,2023-07-31,7,1080.74
ORD-004099,CUST-0078,PROD-0084,2023-10-18,8,3274.46
ORD-004100,CUST-0073,PROD-0002,2023-04-06,8,6873.6
ORD-004101,CUST-0510,PROD-0019,2023-09-18,10,740.28
ORD-004102,CUST-0243,PROD-0071,2023-03-01,16,4973.18
ORD-004103,CUST-0255,PROD-0017,2023-04-22,9,8951.13
ORD-004104,CUST-0057,PROD-0070,2023-01-23,8,6813.6
ORD-004105,CUST-0960,PROD-0046,2023-04-21,7,2950.0
ORD-004106,CUST-0980,PROD-0080,2023-08-08,2,1270.68
ORD-004107,CUST-0878,PROD-0010,2023-06-11,17,6542.28
ORD-004108,CUST-0761,PROD-0071,2023-12-16,5,1554.12
ORD-004109,CUST-0845,PROD-0048,2023-07-30,7,5269.32
ORD-004110,CUST-0917,PROD-0092,2023-04-09,3,2946.6
ORD-004111,CUST-0358,PROD-0028,2023-07-14,18,11584.98
ORD-004112,CUST-0588,PROD-0076,2023-10-05,3,1290.46
ORD-004113,CUST-0843,PROD-0077,2023-10-26,7,4334.96
ORD-004114,CUST-0150,PROD-0084,2023-04-08,1,409.31
ORD-004115,CUST-0497,PROD-0001,2023-12-31,8,6797.84
ORD-004116,CUST-0795,PROD-0007,2023-12-28,14,11054.82
ORD-004117,CUST-0883,PROD-0064,2023-01-24,9,4358.23
ORD-004118,CUST-0301,PROD-0088,2023-08-05,2,899.4
ORD-004119,CUST-0590,PROD-0080,2023-05-15,14,8894.76
ORD-004120,CUST-0730,PROD-0081,2023-04-21,3,737.32
ORD-004121,CUST-0092,PROD-0089,2023-02-05,7,4750.13
ORD-004122,CUST-0596,PROD-0045,2023-03-27,14,6727.7
ORD-004123,CUST-0624,PROD-0090,2023-01-31,4,1366.36
ORD-004124,CUST-0661,PROD-0095,2023-02-08,8,4637.38
ORD-004125,CUST-0564,PROD-0015,2023-07-31,16,7934.4
ORD-004126,CUST-0915,PROD-0016,2023-06-14,14,7416.02
ORD-004127,CUST-0403,PROD-0017,2023-08-22,9,8951.13
ORD-004128,CUST-0952,PROD-0050,2023-02-24,6,2064.84
ORD-004129,CUST-0923,PROD-0019,2023-02-03,15,1110.42
ORD-004130,CUST-0827,PROD-0061,2023-07-11,9,7625.97
ORD-004131,CUST-0908,PROD-0020,2023-01-08,2,1008.04
ORD-004132,CUST-0485,PROD-0021,2023-12-11,11,2147.75
ORD-004133,CUST-0313,PROD-0053,2023-09-20,12,11768.64
ORD-004134,CUST-0633,PROD-0024,2023-01-15,5,3632.6
ORD-004135,CUST-0930,PROD-0024,2023-04-23,2,1453.04
ORD-004136,CUST-0233,PROD-0027,2023-06-24,14,7633.08
ORD-004137,CUST-0989,PROD-0065,2023-02-19,6,4066.32
ORD-004138,CUST-0322,PROD-0076,2023-10-02,18,7742.74
ORD-004139,CUST-0792,PROD-0064,2023-01-18,3,1452.74
ORD-004140,CUST-0391,PROD-0099,2023-11-06,11,3741.32
ORD-004141,CUST-0487,PROD-0005,2023-12-16,12,10246.92
ORD-004142,CUST-0748,PROD-0079,2023-11-05,17,1165.45
ORD-004143,CUST-0220,PROD-0081,2023-01-07,5,1228.86
ORD-004144,CUST-0112,PROD-0034,2023-03-31,1,445.71
ORD-004145,CUST-0234,PROD-0053,2023-07-12,12,11768.64
ORD-004146,CUST-0756,PROD-0035,2023-09-24,9,3267.72
ORD-004147,CUST-0499,PROD-0099,2023-11-16,15,5101.8
ORD-004148,CUST-0175,PROD-0053,2023-11-10,12,11768.64
ORD-004149,CUST-0206,PROD-0009,2023-08-21,8,4712.56
ORD-004150,CUST-0048,PROD-0062,2023-01-11,13,12108.46
ORD-004151,CUST-0140,PROD-0080,2023-03-19,3,1906.02
ORD-004152,CUST-0748,PROD-0054,2023-02-23,11,2363.86
ORD-004153,CUST-0249,PROD-0009,2023-01-09,3,1767.21
ORD-004154,CUST-0043,PROD-0033,2023-09-22,11,9987.78
ORD-004155,CUST-0303,PROD-0082,2023-07-03,18,5695.92
ORD-004156,CUST-0512,PROD-0096,2023-12-12,11,3742.99
ORD-004157,CUST-0646,PROD-0088,2023-02-23,13,5846.1
ORD-004158,CUST-0437,PROD-0064,2023-11-06,6,2905.49
ORD-004159,CUST-0567,PROD-0053,2023-04-17,4,3922.88
ORD-004160,CUST-0068,PROD-0092,2023-12-25,3,2946.6
ORD-004161,CUST-0657,PROD-0030,2023-03-31,17,10167.19
ORD-004162,CUST-0578,PROD-0091,2023-01-01,3,1768.54
ORD-004163,CUST-0164,PROD-0074,2023-05-30,2,621.16
ORD-004164,CUST-0348,PROD-0044,2023-02-16,2,1989.32
ORD-004165,CUST-0769,PROD-0066,2023-03-16,5,2951.28
ORD-004166,CUST-0243,PROD-0074,2023-05-14,2,621.16
ORD-004167,CUST-0287,PROD-0045,2023-09-26,7,3363.85
ORD-004168,CUST-0295,PROD-0025,2023-07-19,8,2575.2
ORD-004169,CUST-0266,PROD-0084,2023-03-08,9,3683.77
ORD-004170,CUST-0304,PROD-0023,2023-02-22,7,5245.03
ORD-004171,CUST-0292,PROD-0093,2023-05-19,12,10105.8
ORD-004172,CUST-0239,PROD-0048,2023-12-23,3,2258.28
ORD-004173,CUST-0684,PROD-0054,2023-08-03,1,214.9
ORD-004174,CUST-0737,PROD-0086,2023-05-14,1,134.94
ORD-004175,CUST-0761,PROD-0005,2023-06-27,17,14516.47
ORD-004176,CUST-0061,PROD-0021,2023-05-25,2,390.5
ORD-004177,CUST-0879,PROD-0019,2023-09-20,10,740.28
ORD-004178,CUST-0610,PROD-0034,2023-09-16,8,3565.68
ORD-004179,CUST-0164,PROD-0024,2023-08-09,6,4359.12
ORD-004180,CUST-0004,PROD-0058,2023-05-26,12,5946.84
ORD-004181,CUST-0381,PROD-0021,2023-01-09,1,195.25
ORD-004182,CUST-0780,PROD-0026,2023-11-12,17,9378.73
ORD-004183,CUST-0636,PROD-0095,2023-10-15,11,6376.39
ORD-004184,CUST-0040,PROD-0074,2023-10-16,19,5901.02
ORD-004185,CUST-0381,PROD-0087,2023-05-01,16,9396.64
ORD-004186,CUST-0172,PROD-0073,2023-12-27,5,2808.8
ORD-004187,CUST-0570,PROD-0022,2023-04-12,8,3033.12
ORD-004188,CUST-0740,PROD-0084,2023-12-06,5,2046.54
ORD-004189,CUST-0127,PROD-0055,2023-11-21,19,7314.92
ORD-004190,CUST-0061,PROD-0089,2023-05-27,1,678.59
ORD-004191,CUST-0103,PROD-0069,2023-06-12,16,7702.85
ORD-004192,CUST-0121,PROD-0023,2023-08-07,18,13487.22
ORD-004193,CUST-0643,PROD-0080,2023-08-25,1,635.34
ORD-004194,CUST-0098,PROD-0001,2023-04-10,8,6797.84
ORD-004195,CUST-0054,PROD-0100,2023-09-04,17,14132.27
ORD-004196,CUST-0804,PROD-0093,2023-12-01,12,10105.8
ORD-004197,CUST-0896,PROD-0086,2023-11-24,14,1889.16
ORD-004198,CUST-0070,PROD-0038,2023-08-03,8,6935.04
ORD-004199,CUST-0794,PROD-0050,2023-09-06,6,2064.84
ORD-004200,CUST-0744,PROD-0044,2023-12-14,3,2983.98
ORD-004201,CUST-0907,PROD-0040,2023-02-27,12,6110.52
ORD-004202,CUST-0667,PROD-0041,2023-03-07,7,4063.92
ORD-004203,CUST-0219,PROD-0066,2023-01-01,9,5312.3
ORD-004204,CUST-0568,PROD-0009,2023-02-18,17,10014.19
ORD-004205,CUST-0812,PROD-0086,2023-01-23,12,1619.28
ORD-004206,CUST-0017,PROD-0091,2023-04-13,14,8253.17
ORD-004207,CUST-0794,PROD-0067,2023-07-26,19,5112.52
ORD-004208,CUST-0142,PROD-0006,2023-11-02,3,2810.76
ORD-004209,CUST-0048,PROD-0052,2023-12-22,3,1742.55
ORD-004210,CUST-0463,PROD-0099,2023-11-12,6,2040.72
ORD-004211,CUST-0405,PROD-0039,2023-05-16,8,1964.64
ORD-004212,CUST-0099,PROD-0065,2023-04-26,12,8132.64
ORD-004213,CUST-0711,PROD-0073,2023-11-07,8,4494.08
ORD-004214,CUST-0797,PROD-0087,2023-07-04,16,9396.64
ORD-004215,CUST-0639,PROD-0013,2023-06-28,4,2265.6
ORD-004216,CUST-0994,PROD-0063,2023-07-31,10,1543.92
ORD-004217,CUST-0761,PROD-0056,2023-12-21,5,2061.3
ORD-004218,CUST-0733,PROD-0095,2023-01-14,6,3478.03
ORD-004219,CUST-0993,PROD-0025,2023-04-05,17,5472.3
ORD-004220,CUST-0449,PROD-0025,2023-06-03,4,1287.6
ORD-004221,CUST-0259,PROD-0002,2023-01-09,1,859.2
ORD-004222,CUST-0988,PROD-0070,2023-02-20,15,12775.5
ORD-004223,CUST-0062,PROD-0087,2023-01-23,15,8809.35
ORD-004224,CUST-0310,PROD-0002,2023-10-09,3,2577.6
ORD-004225,CUST-0911,PROD-0088,2023-12-27,14,6295.8
ORD-004226,CUST-0727,PROD-0077,2023-04-10,11,6812.08
ORD-004227,CUST-0900,PROD-0066,2023-03-25,16,9444.1
ORD-004228,CUST-0805,PROD-0028,2023-10-17,17,10941.37
ORD-004229,CUST-0046,PROD-0047,2023-02-04,10,8858.2
ORD-004230,CUST-0969,PROD-0087,2023-09-12,10,5872.9
ORD-004231,CUST-0329,PROD-0077,2023-04-08,15,9289.2
ORD-004232,CUST-0845,PROD-0074,2023-03-22,14,4348.12
ORD-004233,CUST-0279,PROD-0014,2023-04-13,6,2184.77
ORD-004234,CUST-0664,PROD-0039,2023-11-28,5,1227.9
ORD-004235,CUST-0709,PROD-0093,2023-02-19,8,6737.2
ORD-004236,CUST-0585,PROD-0019,2023-11-17,18,1332.5
ORD-004237,CUST-0333,PROD-0038,2023-12-16,3,2600.64
ORD-004238,CUST-0248,PROD-0092,2023-08-13,8,7857.6
ORD-004239,CUST-0939,PROD-0019,2023-01-17,8,592.22
ORD-004240,CUST-0943,PROD-0073,2023-03-05,15,8426.4
ORD-004241,CUST-0809,PROD-0020,2023-02-15,1,504.02
ORD-004242,CUST-0128,PROD-0004,2023-10-15,15,13350.15
ORD-004243,CUST-0118,PROD-0089,2023-04-12,18,12214.62
ORD-004244,CUST-0120,PROD-0035,2023-08-04,19,6898.52
ORD-004245,CUST-0626,PROD-0076,2023-04-16,15,6452.28
ORD-004246,CUST-0041,PROD-0049,2023-02-06,11,10494.11
ORD-004247,CUST-0348,PROD-0032,2023-12-07,3,1491.03
ORD-004248,CUST-0012,PROD-0010,2023-06-26,17,6542.28
ORD-004249,CUST-0784,PROD-0019,2023-08-28,16,1184.45
ORD-004250,CUST-0506,PROD-0005,2023-03-11,10,8539.1
ORD-004251,CUST-0064,PROD-0039,2023-06-11,17,4174.86
ORD-004252,CUST-0037,PROD-0076,2023-09-20,16,6882.43
ORD-004253,CUST-0858,PROD-0011,2023-05-03,1,941.33
ORD-004254,CUST-0416,PROD-0076,2023-02-27,12,5161.82
ORD-004255,CUST-0511,PROD-0089,2023-01-18,4,2714.36
ORD-004256,CUST-0144,PROD-0040,2023-11-10,3,1527.63
ORD-004257,CUST-0703,PROD-0037,2023-07-06,12,8106.6
ORD-004258,CUST-0024,PROD-0041,2023-06-16,17,9869.52
ORD-004259,CUST-0755,PROD-0008,2023-02-01,5,3378.05
ORD-004260,CUST-0713,PROD-0033,2023-03-15,17,15435.66
ORD-004261,CUST-0199,PROD-0044,2023-09-02,16,15914.56
ORD-004262,CUST-0114,PROD-0061,2023-08-29,10,8473.3
ORD-004263,CUST-0464,PROD-0055,2023-04-19,5,1924.98
ORD-004264,CUST-0239,PROD-0012,2023-10-27,7,6819.33
ORD-004265,CUST-0918,PROD-0035,2023-08-10,8,2904.64
ORD-004266,CUST-0596,PROD-0001,2023-02-25,16,13595.68
ORD-004267,CUST-0626,PROD-0078,2023-06-30,5,1085.1
ORD-004268,CUST-0519,PROD-0045,2023-12-07,7,3363.85
ORD-004269,CUST-0947,PROD-0070,2023-11-03,12,10220.4
ORD-004270,CUST-0659,PROD-0097,2023-10-06,15,7964.82
ORD-004271,CUST-0316,PROD-0009,2023-11-18,6,3534.42
ORD-004272,CUST-0029,PROD-0080,2023-02-01,9,5718.06
ORD-004273,CUST-0447,PROD-0080,2023-09-05,9,5718.06
ORD-004274,CUST-0593,PROD-0027,2023-11-20,10,5452.2
ORD-004275,CUST-0131,PROD-0031,2023-09-14,11,10772.52
ORD-004276,CUST-0199,PROD-0079,2023-11-04,3,205.67
ORD-004277,CUST-0872,PROD-0034,2023-04-28,6,2674.26
ORD-004278,CUST-0621,PROD-0013,2023-12-31,13,7363.2
ORD-004279,CUST-0254,PROD-0076,2023-06-29,17,7312.58
ORD-004280,CUST-0967,PROD-0066,2023-02-20,13,7673.33
ORD-004281,CUST-0752,PROD-0077,2023-07-06,4,2477.12
ORD-004282,CUST-0856,PROD-0076,2023-08-01,9,3871.37
ORD-004283,CUST-0471,PROD-0088,2023-08-21,6,2698.2
ORD-004284,CUST-0816,PROD-0007,2023-08-29,19,15002.97
ORD-004285,CUST-0823,PROD-0010,2023-02-11,16,6157.44
ORD-004286,CUST-0210,PROD-0090,2023-07-23,14,4782.26
ORD-004287,CUST-0926,PROD-0018,2023-12-13,9,1731.69
ORD-004288,CUST-0446,PROD-0009,2023-03-08,10,5890.7
ORD-004289,CUST-0961,PROD-0001,2023-07-14,14,11896.22
ORD-004290,CUST-0686,PROD-0060,2023-09-30,5,2034.0
ORD-004291,CUST-0412,PROD-0083,2023-08-07,16,8073.22
ORD-004292,CUST-0979,PROD-0053,2023-05-13,9,8826.48
ORD-004293,CUST-0481,PROD-0099,2023-05-27,7,2380.84
ORD-004294,CUST-0794,PROD-0075,2023-08-26,7,3019.73
ORD-004295,CUST-0788,PROD-0047,2023-04-17,9,7972.38
ORD-004296,CUST-0098,PROD-0081,2023-04-03,18,4423.9
ORD-004297,CUST-0392,PROD-0064,2023-08-05,2,968.5
ORD-004298,CUST-0004,PROD-0093,2023-11-24,14,11790.1
ORD-004299,CUST-0185,PROD-0023,2023-02-28,15,11239.35
ORD-004300,CUST-0020,PROD-0055,2023-08-25,8,3079.97
ORD-004301,CUST-0233,PROD-0069,2023-09-08,17,8184.28
ORD-004302,CUST-0136,PROD-0059,2023-06-26,2,770.46
ORD-004303,CUST-0357,PROD-0046,2023-11-09,6,2528.57
ORD-004304,CUST-0089,PROD-0007,2023-08-18,15,11844.45
ORD-004305,CUST-0687,PROD-0024,2023-04-04,19,13803.88
ORD-004306,CUST-0086,PROD-0056,2023-07-10,6,2473.56
ORD-004307,CUST-0447,PROD-0074,2023-05-26,7,2174.06
ORD-004308,CUST-0068,PROD-0059,2023-09-04,13,5007.99
ORD-004309,CUST-0326,PROD-0067,2023-06-30,18,4843.44
ORD-004310,CUST-0155,PROD-0036,2023-11-19,11,7174.2
ORD-004311,CUST-0299,PROD-0087,2023-12-15,6,3523.74
ORD-004312,CUST-0506,PROD-0059,2023-06-02,15,5778.45
ORD-004313,CUST-0375,PROD-0053,2023-11-26,18,17652.96
ORD-004314,CUST-0210,PROD-0025,2023-08-19,13,4184.7
ORD-004315,CUST-0155,PROD-0018,2023-09-26,17,3270.97
ORD-004316,CUST-0728,PROD-0100,2023-09-16,12,9975.72
ORD-004317,CUST-0878,PROD-0010,2023-06-16,14,5387.76
ORD-004318,CUST-0191,PROD-0052,2023-09-08,2,1161.7
ORD-004319,CUST-0145,PROD-0023,2023-04-02,15,11239.35
ORD-004320,CUST-0241,PROD-0024,2023-09-16,10,7265.2
ORD-004321,CUST-0467,PROD-0095,2023-01-10,1,579.67
ORD-004322,CUST-0665,PROD-0020,2023-01-01,9,4536.18
ORD-004323,CUST-0269,PROD-0027,2023-04-25,14,7633.08
ORD-004324,CUST-0551,PROD-0098,2023-11-25,10,5463.4
ORD-004325,CUST-0811,PROD-0065,2023-12-31,18,12198.96
ORD-004326,CUST-0113,PROD-0069,2023-12-12,16,7702.85
ORD-004327,CUST-0943,PROD-0039,2023-10-28,5,1227.9
ORD-004328,CUST-0819,PROD-0012,2023-01-18,19,18509.61
ORD-004329,CUST-0443,PROD-0004,2023-12-12,12,10680.12
ORD-004330,CUST-0438,PROD-0025,2023-04-18,16,5150.4
ORD-004331,CUST-0797,PROD-0097,2023-06-09,10,5309.88
ORD-004332,CUST-0585,PROD-0006,2023-10-12,19,17801.48
ORD-004333,CUST-0858,PROD-0097,2023-01-06,1,530.99
ORD-004334,CUST-0737,PROD-0096,2023-11-15,3,1020.82
ORD-004335,CUST-0335,PROD-0004,2023-08-23,9,8010.09
ORD-004336,CUST-0504,PROD-0093,2023-09-28,16,13474.4
ORD-004337,CUST-0290,PROD-0069,2023-07-14,13,6258.56
ORD-004338,CUST-0046,PROD-0036,2023-03-01,18,11739.6
ORD-004339,CUST-0859,PROD-0038,2023-06-07,19,16470.72
ORD-004340,CUST-0854,PROD-0081,2023-04-17,3,737.32
ORD-004341,CUST-0704,PROD-0039,2023-12-20,14,3438.12
ORD-004342,CUST-0795,PROD-0048,2023-09-14,17,12796.92
ORD-004343,CUST-0642,PROD-0011,2023-02-17,1,941.33
ORD-004344,CUST-0979,PROD-0055,2023-07-21,2,769.99
ORD-004345,CUST-0285,PROD-0020,2023-12-07,17,8568.34
ORD-004346,CUST-0335,PROD-0044,2023-08-15,4,3978.64
ORD-004347,CUST-0990,PROD-0010,2023-08-19,12,4618.08
ORD-004348,CUST-0805,PROD-0058,2023-05-03,4,1982.28
ORD-004349,CUST-0225,PROD-0076,2023-05-08,18,7742.74
ORD-004350,CUST-0944,PROD-0097,2023-09-18,6,3185.93
ORD-004351,CUST-0070,PROD-0073,2023-11-05,18,10111.68
ORD-004352,CUST-0384,PROD-0008,2023-05-14,15,10134.15
ORD-004353,CUST-0358,PROD-0012,2023-01-16,2,1948.38
ORD-004354,CUST-0397,PROD-0040,2023-08-30,10,5092.1
ORD-004355,CUST-0493,PROD-0066,2023-01-09,15,8853.84
ORD-004356,CUST-0654,PROD-0056,2023-03-31,14,5771.64
ORD-004357,CUST-0653,PROD-0029,2023-11-03,17,6678.35
ORD-004358,CUST-0699,PROD-0085,2023-09-25,16,14222.08
ORD-004359,CUST-0916,PROD-0018,2023-02-15,7,1346.87
ORD-004360,CUST-0237,PROD-0005,2023-01-19,19,16224.29
ORD-004361,CUST-0284,PROD-0061,2023-01-02,11,9320.63
ORD-004362,CUST-0665,PROD-0082,2023-07-20,6,1898.64
ORD-004363,CUST-0499,PROD-0004,2023-06-21,11,9790.11
ORD-004364,CUST-0052,PROD-0082,2023-02-02,10,3164.4
ORD-004365,CUST-0491,PROD-0075,2023-05-06,13,5608.07
ORD-004366,CUST-0208,PROD-0065,2023-11-13,8,5421.76
ORD-004367,CUST-0525,PROD-0021,2023-09-29,18,3514.5
ORD-004368,CUST-0364,PROD-0044,2023-12-06,8,7957.28
ORD-004369,CUST-0836,PROD-0040,2023-08-10,1,509.21
ORD-004370,CUST-0153,PROD-0038,2023-06-24,9,7801.92
ORD-004371,CUST-0998,PROD-0005,2023-01-30,3,2561.73
ORD-004372,CUST-0190,PROD-0090,2023-12-16,17,5807.03
ORD-004373,CUST-0785,PROD-0038,2023-11-28,18,15603.84
ORD-004374,CUST-0216,PROD-0006,2023-08-26,13,12179.96
ORD-004375,CUST-0804,PROD-0089,2023-10-08,3,2035.77
ORD-004376,CUST-0353,PROD-0041,2023-03-18,8,4644.48
ORD-004377,CUST-0555,PROD-0004,2023-10-17,12,10680.12
ORD-004378,CUST-0615,PROD-0076,2023-01-24,9,3871.37
ORD-004379,CUST-0889,PROD-0088,2023-10-05,13,5846.1
ORD-004380,CUST-0922,PROD-0057,2023-09-26,4,1296.77
ORD-004381,CUST-0919,PROD-0095,2023-12-09,19,11013.77
ORD-004382,CUST-0707,PROD-0015,2023-07-20,16,7934.4
ORD-004383,CUST-0034,PROD-0062,2023-05-13,9,8382.78
ORD-004384,CUST-0200,PROD-0073,2023-03-12,8,4494.08
ORD-004385,CUST-0761,PROD-0059,2023-08-06,13,5007.99
ORD-004386,CUST-0261,PROD-0007,2023-12-12,13,10265.19
ORD-004387,CUST-0381,PROD-0009,2023-03-14,7,4123.49
ORD-004388,CUST-0253,PROD-0031,2023-04-04,2,1958.64
ORD-004389,CUST-0070,PROD-0045,2023-06-26,13,6247.15
ORD-004390,CUST-0726,PROD-0061,2023-08-17,14,11862.62
ORD-004391,CUST-0292,PROD-0044,2023-08-14,7,6962.62
ORD-004392,CUST-0565,PROD-0004,2023-03-24,14,12460.14
ORD-004393,CUST-0971,PROD-0055,2023-04-22,12,4619.95
ORD-004394,CUST-0113,PROD-0060,2023-11-27,10,4068.0
ORD-004395,CUST-0679,PROD-0032,2023-11-09,7,3479.07
ORD-004396,CUST-0734,PROD-0089,2023-01-18,12,8143.08
ORD-004397,CUST-0072,PROD-0011,2023-09-05,11,10354.63
ORD-004398,CUST-0060,PROD-0027,2023-04-19,18,9813.96
ORD-004399,CUST-0277,PROD-0085,2023-03-18,4,3555.52
ORD-004400,CUST-0130,PROD-0041,2023-04-25,4,2322.24
ORD-004401,CUST-0678,PROD-0073,2023-02-07,18,10111.68
ORD-004402,CUST-0976,PROD-0070,2023-05-31,18,15330.6
ORD-004403,CUST-0283,PROD-0054,2023-10-22,10,2148.96
ORD-004404,CUST-0124,PROD-0066,2023-03-27,17,10034.35
ORD-004405,CUST-0514,PROD-0006,2023-10-15,6,5621.52
ORD-004406,CUST-0147,PROD-0038,2023-12-28,7,6068.16
ORD-004407,CUST-0274,PROD-0013,2023-10-27,8,4531.2
ORD-004408,CUST-0165,PROD-0054,2023-08-13,17,3653.23
ORD-004409,CUST-0578,PROD-0009,2023-10-30,19,11192.33
ORD-004410,CUST-0590,PROD-0069,2023-05-13,3,1444.28
ORD-004411,CUST-0166,PROD-0089,2023-02-18,7,4750.13
ORD-004412,CUST-0502,PROD-0035,2023-03-24,4,1452.32
ORD-004413,CUST-0882,PROD-0004,2023-06-11,16,14240.16
ORD-004414,CUST-0110,PROD-0014,2023-12-10,16,5826.05
ORD-004415,CUST-0948,PROD-0046,2023-05-31,16,6742.85
ORD-004416,CUST-0598,PROD-0032,2023-12-13,2,994.02
ORD-004417,CUST-0841,PROD-0094,2023-08-04,13,11221.6
ORD-004418,CUST-0383,PROD-0043,2023-07-15,3,188.19
ORD-004419,CUST-0128,PROD-0072,2023-05-04,15,10720.95
ORD-004420,CUST-0050,PROD-0068,2023-09-01,15,7380.9
ORD-004421,CUST-0932,PROD-0085,2023-10-05,10,8888.8
ORD-004422,CUST-0267,PROD-0010,2023-01-29,2,769.68
ORD-004423,CUST-0414,PROD-0015,2023-12-16,13,6446.7
ORD-004424,CUST-0383,PROD-0058,2023-09-08,2,991.14
ORD-004425,CUST-0840,PROD-0079,2023-12-12,4,274.22
ORD-004426,CUST-0230,PROD-0052,2023-05-10,14,8131.9
ORD-004427,CUST-0767,PROD-0032,2023-09-11,8,3976.08
ORD-004428,CUST-0159,PROD-0082,2023-05-22,19,6012.36
ORD-004429,CUST-0962,PROD-0097,2023-12-18,19,10088.77
ORD-004430,CUST-0434,PROD-0031,2023-06-21,8,7834.56
ORD-004431,CUST-0263,PROD-0015,2023-01-11,6,2975.4
ORD-004432,CUST-0808,PROD-0042,2023-10-30,18,13917.24
ORD-004433,CUST-0101,PROD-0019,2023-05-31,2,148.06
ORD-004434,CUST-0787,PROD-0076,2023-11-24,2,860.3
ORD-004435,CUST-0033,PROD-0091,2023-07-14,1,589.51
ORD-004436,CUST-0503,PROD-0035,2023-01-07,16,5809.28
ORD-004437,CUST-0196,PROD-0075,2023-12-31,1,431.39
ORD-004438,CUST-0158,PROD-0048,2023-09-27,8,6022.08
ORD-004439,CUST-0708,PROD-0012,2023-09-09,18,17535.42
ORD-004440,CUST-0720,PROD-0015,2023-01-17,15,7438.5
ORD-004441,CUST-0139,PROD-0001,2023-04-27,19,16144.87
ORD-004442,CUST-0017,PROD-0034,2023-12-20,15,6685.65
ORD-004443,CUST-0900,PROD-0014,2023-08-29,11,4005.41
ORD-004444,CUST-0212,PROD-0043,2023-10-11,17,1066.41
ORD-004445,CUST-0245,PROD-0098,2023-10-19,5,2731.7
ORD-004446,CUST-0780,PROD-0048,2023-12-26,4,3011.04
ORD-004447,CUST-0728,PROD-0089,2023-04-28,19,12893.21
ORD-004448,CUST-0758,PROD-0076,2023-07-27,1,430.15
ORD-004449,CUST-0885,PROD-0007,2023-08-31,6,4737.78
ORD-004450,CUST-0086,PROD-0048,2023-04-27,10,7527.6
ORD-004451,CUST-0465,PROD-0047,2023-11-02,16,14173.12
ORD-004452,CUST-0787,PROD-0016,2023-06-22,6,3178.3
ORD-004453,CUST-0359,PROD-0010,2023-03-31,8,3078.72
ORD-004454,CUST-0305,PROD-0020,2023-09-30,7,3528.14
ORD-004455,CUST-0931,PROD-0096,2023-10-29,6,2041.63
ORD-004456,CUST-0263,PROD-0002,2023-08-26,12,10310.4
ORD-004457,CUST-0594,PROD-0054,2023-02-22,1,214.9
ORD-004458,CUST-0170,PROD-0084,2023-01-11,16,6548.93
ORD-004459,CUST-0062,PROD-0002,2023-01-24,15,12888.0
ORD-004460,CUST-0480,PROD-0066,2023-04-17,3,1770.77
ORD-004461,CUST-0985,PROD-0095,2023-03-11,4,2318.69
ORD-004462,CUST-0269,PROD-0001,2023-10-01,5,4248.65
ORD-004463,CUST-0034,PROD-0057,2023-09-29,12,3890.3
ORD-004464,CUST-0726,PROD-0036,2023-07-06,16,10435.2
ORD-004465,CUST-0124,PROD-0039,2023-02-08,9,2210.22
ORD-004466,CUST-0981,PROD-0039,2023-08-05,3,736.74
ORD-004467,CUST-0790,PROD-0055,2023-04-09,13,5004.95
ORD-004468,CUST-0232,PROD-0002,2023-10-22,15,12888.0
ORD-004469,CUST-0636,PROD-0081,2023-03-03,13,3195.04
ORD-004470,CUST-0640,PROD-0052,2023-06-04,18,10455.3
ORD-004471,CUST-0366,PROD-0016,2023-04-29,16,8475.46
ORD-004472,CUST-0958,PROD-0012,2023-01-21,3,2922.57
ORD-004473,CUST-0579,PROD-0100,2023-11-23,13,10807.03
ORD-004474,CUST-0850,PROD-0018,2023-06-29,18,3463.38
ORD-004475,CUST-0230,PROD-0031,2023-11-13,17,16648.44
ORD-004476,CUST-0399,PROD-0087,2023-10-10,9,5285.61
ORD-004477,CUST-0680,PROD-0009,2023-12-21,12,7068.84
ORD-004478,CUST-0112,PROD-0098,2023-11-01,12,6556.08
ORD-004479,CUST-0807,PROD-0011,2023-07-09,14,13178.62
ORD-004480,CUST-0819,PROD-0046,2023-05-05,18,7585.7
ORD-004481,CUST-0479,PROD-0014,2023-06-22,5,1820.64
ORD-004482,CUST-0215,PROD-0028,2023-05-02,18,11584.98
ORD-004483,CUST-0595,PROD-0029,2023-08-23,17,6678.35
ORD-004484,CUST-0088,PROD-0056,2023-05-10,3,1236.78
ORD-004485,CUST-0976,PROD-0023,2023-07-06,15,11239.35
ORD-004486,CUST-0528,PROD-0037,2023-04-20,1,675.55
ORD-004487,CUST-0114,PROD-0078,2023-05-09,5,1085.1
ORD-004488,CUST-0345,PROD-0090,2023-01-30,16,5465.44
ORD-004489,CUST-1000,PROD-0014,2023-11-10,1,364.13
ORD-004490,CUST-0563,PROD-0033,2023-01-07,3,2723.94
ORD-004491,CUST-0078,PROD-0003,2023-02-18,2,832.84
ORD-004492,CUST-0359,PROD-0039,2023-06-28,5,1227.9
ORD-004493,CUST-0847,PROD-0094,2023-11-20,17,14674.4
ORD-004494,CUST-0242,PROD-0089,2023-06-27,16,10857.44
ORD-004495,CUST-0545,PROD-0025,2023-11-23,19,6116.1
ORD-004496,CUST-0455,PROD-0098,2023-06-25,16,8741.44
ORD-004497,CUST-0663,PROD-0097,2023-08-28,7,3716.92
ORD-004498,CUST-0973,PROD-0080,2023-06-26,12,7624.08
ORD-004499,CUST-0982,PROD-0094,2023-04-21,9,7768.8
ORD-004500,CUST-0367,PROD-0028,2023-01-13,16,10297.76
ORD-004501,CUST-0381,PROD-0034,2023-03-28,15,6685.65
ORD-004502,CUST-0815,PROD-0091,2023-03-19,7,4126.58
ORD-004503,CUST-0982,PROD-0034,2023-10-10,16,7131.36
ORD-004504,CUST-0946,PROD-0058,2023-07-22,19,9415.83
ORD-004505,CUST-0109,PROD-0086,2023-10-14,17,2293.98
ORD-004506,CUST-0598,PROD-0057,2023-02-28,19,6159.65
ORD-004507,CUST-0226,PROD-0020,2023-04-29,10,5040.2
ORD-004508,CUST-0282,PROD-0072,2023-07-30,19,13579.87
ORD-004509,CUST-0209,PROD-0055,2023-04-17,8,3079.97
ORD-004510,CUST-0291,PROD-0060,2023-02-14,18,7322.4
ORD-004511,CUST-0263,PROD-0005,2023-12-13,7,5977.37
ORD-004512,CUST-0914,PROD-0094,2023-01-17,3,2589.6
ORD-004513,CUST-0165,PROD-0014,2023-11-17,6,2184.77
ORD-004514,CUST-0836,PROD-0034,2023-08-29,13,5794.23
ORD-004515,CUST-0813,PROD-0069,2023-01-12,9,4332.85
ORD-004516,CUST-0251,PROD-0064,2023-05-05,19,9200.71
ORD-004517,CUST-0734,PROD-0091,2023-05-15,8,4716.1
ORD-004518,CUST-0964,PROD-0034,2023-06-11,3,1337.13
ORD-004519,CUST-0874,PROD-0086,2023-09-06,12,1619.28
ORD-004520,CUST-0089,PROD-0087,2023-12-05,4,2349.16
ORD-004521,CUST-0902,PROD-0081,2023-11-27,14,3440.81
ORD-004522,CUST-0598,PROD-0036,2023-11-10,7,4565.4
ORD-004523,CUST-0148,PROD-0075,2023-06-11,11,4745.29
ORD-004524,CUST-0744,PROD-0015,2023-05-16,11,5454.9
ORD-004525,CUST-0278,PROD-0094,2023-09-20,18,15537.6
ORD-004526,CUST-0179,PROD-0026,2023-03-19,16,8827.04
ORD-004527,CUST-0141,PROD-0019,2023-04-10,16,1184.45
ORD-004528,CUST-0603,PROD-0029,2023-04-20,2,785.69
ORD-004529,CUST-0435,PROD-0098,2023-05-21,3,1639.02
ORD-004530,CUST-0395,PROD-0066,2023-08-06,17,10034.35
ORD-004531,CUST-0791,PROD-0018,2023-02-24,14,2693.74
ORD-004532,CUST-0107,PROD-0047,2023-09-22,16,14173.12
ORD-004533,CUST-0501,PROD-0008,2023-05-01,2,1351.22
ORD-004534,CUST-0294,PROD-0041,2023-02-27,17,9869.52
ORD-004535,CUST-0138,PROD-0044,2023-11-04,8,7957.28
ORD-004536,CUST-0869,PROD-0076,2023-04-09,1,430.15
ORD-004537,CUST-0039,PROD-0013,2023-04-09,3,1699.2
ORD-004538,CUST-0031,PROD-0019,2023-09-01,19,1406.53
ORD-004539,CUST-0112,PROD-0047,2023-05-30,8,7086.56
ORD-004540,CUST-0303,PROD-0009,2023-11-07,7,4123.49
ORD-004541,CUST-0388,PROD-0036,2023-10-03,7,4565.4
ORD-004542,CUST-0416,PROD-0091,2023-05-31,4,2358.05
ORD-004543,CUST-0100,PROD-0046,2023-11-22,14,5899.99
ORD-004544,CUST-0180,PROD-0061,2023-05-24,9,7625.97
ORD-004545,CUST-0489,PROD-0094,2023-02-04,5,4316.0
ORD-004546,CUST-0781,PROD-0081,2023-12-02,2,491.54
ORD-004547,CUST-0106,PROD-0025,2023-02-26,11,3540.9
ORD-004548,CUST-0021,PROD-0100,2023-10-28,14,11638.34
ORD-004549,CUST-0929,PROD-0061,2023-05-31,11,9320.63
ORD-004550,CUST-0474,PROD-0060,2023-02-03,3,1220.4
ORD-004551,CUST-0156,PROD-0067,2023-11-28,13,3498.04
ORD-004552,CUST-0157,PROD-0008,2023-04-03,19,12836.59
ORD-004553,CUST-0312,PROD-0067,2023-11-24,14,3767.12
ORD-004554,CUST-0417,PROD-0033,2023-02-21,11,9987.78
ORD-004555,CUST-0925,PROD-0061,2023-03-24,10,8473.3
ORD-004556,CUST-0373,PROD-0025,2023-10-16,18,5794.2
ORD-004557,CUST-0814,PROD-0002,2023-11-24,2,1718.4
ORD-004558,CUST-0681,PROD-0064,2023-05-04,8,3873.98
ORD-004559,CUST-0954,PROD-0062,2023-12-24,19,17696.98
ORD-004560,CUST-0791,PROD-0048,2023-07-20,18,13549.68
ORD-004561,CUST-0495,PROD-0022,2023-06-04,19,7203.66
ORD-004562,CUST-0808,PROD-0009,2023-08-01,5,2945.35
ORD-004563,CUST-0392,PROD-0100,2023-03-17,6,4987.86
ORD-004564,CUST-0373,PROD-0081,2023-06-04,9,2211.95
ORD-004565,CUST-0438,PROD-0083,2023-02-26,15,7568.64
ORD-004566,CUST-0411,PROD-0027,2023-12-17,17,9268.74
ORD-004567,CUST-0002,PROD-0056,2023-04-25,7,2885.82
ORD-004568,CUST-0630,PROD-0057,2023-10-24,2,648.38
ORD-004569,CUST-0432,PROD-0092,2023-10-07,18,17679.6
ORD-004570,CUST-0988,PROD-0082,2023-10-17,14,4430.16
ORD-004571,CUST-0054,PROD-0069,2023-05-27,9,4332.85
ORD-004572,CUST-0032,PROD-0060,2023-11-21,11,4474.8
ORD-004573,CUST-0487,PROD-0026,2023-06-28,8,4413.52
ORD-004574,CUST-0803,PROD-0087,2023-05-03,6,3523.74
ORD-004575,CUST-0199,PROD-0016,2023-10-06,8,4237.73
ORD-004576,CUST-0066,PROD-0091,2023-06-03,7,4126.58
ORD-004577,CUST-0153,PROD-0081,2023-08-25,6,1474.63
ORD-004578,CUST-0395,PROD-0071,2023-11-06,4,1243.3
ORD-004579,CUST-0432,PROD-0084,2023-06-24,15,6139.62
ORD-004580,CUST-0822,PROD-0045,2023-09-29,11,5286.05
ORD-004581,CUST-0118,PROD-0048,2023-09-28,18,13549.68
ORD-004582,CUST-0422,PROD-0084,2023-01-31,18,7367.54
ORD-004583,CUST-0307,PROD-0087,2023-06-25,13,7634.77
ORD-004584,CUST-0998,PROD-0030,2023-08-18,12,7176.84
ORD-004585,CUST-0605,PROD-0040,2023-09-07,2,1018.42
ORD-004586,CUST-0038,PROD-0027,2023-07-12,16,8723.52
ORD-004587,CUST-0477,PROD-0087,2023-06-19,14,8222.06
ORD-004588,CUST-0401,PROD-0086,2023-04-28,5,674.7
ORD-004589,CUST-0054,PROD-0008,2023-08-25,2,1351.22
ORD-004590,CUST-0495,PROD-0007,2023-09-03,16,12634.08
ORD-004591,CUST-0219,PROD-0086,2023-02-28,12,1619.28
ORD-004592,CUST-0917,PROD-0008,2023-08-09,11,7431.71
ORD-004593,CUST-0792,PROD-0098,2023-03-12,2,1092.68
ORD-004594,CUST-0339,PROD-0095,2023-07-30,16,9274.75
ORD-004595,CUST-0512,PROD-0075,2023-08-10,11,4745.29
ORD-004596,CUST-0210,PROD-0095,2023-01-13,1,579.67
ORD-004597,CUST-0645,PROD-0059,2023-12-08,12,4622.76
ORD-004598,CUST-0334,PROD-0051,2023-04-19,11,6448.73
ORD-004599,CUST-0214,PROD-0013,2023-09-05,15,8496.0
ORD-004600,CUST-0361,PROD-0073,2023-03-10,3,1685.28
ORD-004601,CUST-0099,PROD-0087,2023-06-16,1,587.29
ORD-004602,CUST-0275,PROD-0018,2023-12-22,17,3270.97
ORD-004603,CUST-0483,PROD-0032,2023-09-10,18,8946.18
ORD-004604,CUST-0509,PROD-0092,2023-12-17,3,2946.6
ORD-004605,CUST-0926,PROD-0013,2023-08-22,8,4531.2
ORD-004606,CUST-0818,PROD-0095,2023-09-13,4,2318.69
ORD-004607,CUST-0120,PROD-0088,2023-05-16,2,899.4
ORD-004608,CUST-0140,PROD-0077,2023-10-26,14,8669.92
ORD-004609,CUST-0950,PROD-0086,2023-03-28,13,1754.22
ORD-004610,CUST-0694,PROD-0010,2023-11-06,16,6157.44
ORD-004611,CUST-0158,PROD-0063,2023-02-26,15,2315.88
ORD-004612,CUST-0218,PROD-0001,2023-10-18,1,849.73
ORD-004613,CUST-0156,PROD-0064,2023-10-23,6,2905.49
ORD-004614,CUST-0481,PROD-0095,2023-04-14,15,8695.08
ORD-004615,CUST-0343,PROD-0070,2023-06-29,2,1703.4
ORD-004616,CUST-0890,PROD-0013,2023-05-31,10,5664.0
ORD-004617,CUST-0061,PROD-0030,2023-06-25,5,2990.35
ORD-004618,CUST-0529,PROD-0046,2023-08-27,12,5057.14
ORD-004619,CUST-0628,PROD-0003,2023-03-20,11,4580.62
ORD-004620,CUST-0509,PROD-0082,2023-11-20,5,1582.2
ORD-004621,CUST-0755,PROD-0031,2023-07-09,17,16648.44
ORD-004622,CUST-0136,PROD-0001,2023-05-08,5,4248.65
ORD-004623,CUST-0894,PROD-0069,2023-12-05,11,5295.71
ORD-004624,CUST-0557,PROD-0059,2023-12-28,3,1155.69
ORD-004625,CUST-0315,PROD-0088,2023-01-06,7,3147.9
ORD-004626,CUST-0418,PROD-0006,2023-09-05,6,5621.52
ORD-004627,CUST-0295,PROD-0009,2023-03-04,1,589.07
ORD-004628,CUST-0638,PROD-0082,2023-03-14,3,949.32
ORD-004629,CUST-0779,PROD-0009,2023-10-06,17,10014.19
ORD-004630,CUST-0354,PROD-0011,2023-05-17,8,7530.64
ORD-004631,CUST-0933,PROD-0064,2023-04-18,1,484.25
ORD-004632,CUST-0593,PROD-0014,2023-08-10,17,6190.18
ORD-004633,CUST-0236,PROD-0029,2023-01-29,8,3142.75
ORD-004634,CUST-0001,PROD-0065,2023-09-16,2,1355.44
ORD-004635,CUST-0709,PROD-0095,2023-05-18,18,10434.1
ORD-004636,CUST-0963,PROD-0053,2023-07-21,1,980.72
ORD-004637,CUST-0276,PROD-0027,2023-10-06,13,7087.86
ORD-004638,CUST-0508,PROD-0094,2023-10-03,5,4316.0
ORD-004639,CUST-0935,PROD-0070,2023-03-19,17,14478.9
ORD-004640,CUST-0457,PROD-0088,2023-01-19,16,7195.2
ORD-004641,CUST-0998,PROD-0029,2023-06-21,6,2357.06
ORD-004642,CUST-0145,PROD-0010,2023-10-05,1,384.84
ORD-004643,CUST-0915,PROD-0067,2023-07-19,16,4305.28
ORD-004644,CUST-0663,PROD-0059,2023-07-11,2,770.46
ORD-004645,CUST-0231,PROD-0014,2023-10-28,8,2913.02
ORD-004646,CUST-0009,PROD-0018,2023-05-15,4,769.64
ORD-004647,CUST-0063,PROD-0055,2023-12-27,8,3079.97
ORD-004648,CUST-0387,PROD-0099,2023-12-14,16,5441.92
ORD-004649,CUST-0956,PROD-0095,2023-06-18,7,4057.7
ORD-004650,CUST-0331,PROD-0019,2023-11-20,8,592.22
ORD-004651,CUST-0979,PROD-0099,2023-02-17,7,2380.84
ORD-004652,CUST-0577,PROD-0033,2023-01-20,1,907.98
ORD-004653,CUST-0467,PROD-0016,2023-03-03,5,2648.58
ORD-004654,CUST-0444,PROD-0001,2023-12-24,7,5948.11
ORD-004655,CUST-0575,PROD-0013,2023-05-06,11,6230.4
ORD-004656,CUST-0846,PROD-0004,2023-05-11,11,9790.11
ORD-004657,CUST-0295,PROD-0058,2023-01-01,9,4460.13
ORD-004658,CUST-0258,PROD-0088,2023-06-02,5,2248.5
ORD-004659,CUST-0580,PROD-0039,2023-07-22,10,2455.8
ORD-004660,CUST-0334,PROD-0065,2023-07-30,16,10843.52
ORD-004661,CUST-0098,PROD-0013,2023-08-06,15,8496.0
ORD-004662,CUST-0915,PROD-0043,2023-06-12,7,439.11
ORD-004663,CUST-0726,PROD-0093,2023-05-13,6,5052.9
ORD-004664,CUST-0067,PROD-0035,2023-05-06,4,1452.32
ORD-004665,CUST-0542,PROD-0052,2023-07-14,19,11036.15
ORD-004666,CUST-0374,PROD-0095,2023-10-21,3,1739.02
ORD-004667,CUST-0050,PROD-0072,2023-08-04,7,5003.11
ORD-004668,CUST-0015,PROD-0066,2023-12-31,17,10034.35
ORD-004669,CUST-0442,PROD-0036,2023-12-25,8,5217.6
ORD-004670,CUST-0097,PROD-0080,2023-11-25,13,8259.42
ORD-004671,CUST-0379,PROD-0077,2023-08-03,18,11147.04
ORD-004672,CUST-0747,PROD-0055,2023-04-05,7,2694.97
ORD-004673,CUST-0426,PROD-0010,2023-11-18,8,3078.72
ORD-004674,CUST-0665,PROD-0042,2023-02-26,2,1546.36
ORD-004675,CUST-0182,PROD-0055,2023-01-18,19,7314.92
ORD-004676,CUST-0060,PROD-0029,2023-03-21,7,2749.91
ORD-004677,CUST-0458,PROD-0100,2023-09-16,3,2493.93
ORD-004678,CUST-0995,PROD-0059,2023-07-23,1,385.23
ORD-004679,CUST-0526,PROD-0017,2023-03-03,6,5967.42
ORD-004680,CUST-0557,PROD-0021,2023-05-01,4,781.0
ORD-004681,CUST-0203,PROD-0039,2023-04-08,18,4420.44
ORD-004682,CUST-0836,PROD-0096,2023-12-03,19,6465.17
ORD-004683,CUST-0237,PROD-0019,2023-10-04,13,962.36
ORD-004684,CUST-0652,PROD-0037,2023-06-07,8,5404.4
ORD-004685,CUST-0854,PROD-0029,2023-04-14,8,3142.75
ORD-004686,CUST-0471,PROD-0082,2023-04-02,9,2847.96
ORD-004687,CUST-0588,PROD-0033,2023-08-25,3,2723.94
ORD-004688,CUST-0087,PROD-0069,2023-04-16,2,962.86
ORD-004689,CUST-0709,PROD-0003,2023-02-24,1,416.42
ORD-004690,CUST-0468,PROD-0050,2023-03-22,18,6194.52
ORD-004691,CUST-0014,PROD-0047,2023-10-23,4,3543.28
ORD-004692,CUST-0039,PROD-0060,2023-10-21,14,5695.2
ORD-004693,CUST-0957,PROD-0067,2023-05-09,7,1883.56
ORD-004694,CUST-0988,PROD-0093,2023-01-04,18,15158.7
ORD-004695,CUST-0758,PROD-0086,2023-03-28,11,1484.34
ORD-004696,CUST-0342,PROD-0064,2023-02-03,8,3873.98
ORD-004697,CUST-0639,PROD-0097,2023-08-24,11,5840.87
ORD-004698,CUST-0693,PROD-0021,2023-03-13,7,1366.75
ORD-004699,CUST-0832,PROD-0030,2023-10-10,16,9569.12
ORD-004700,CUST-0592,PROD-0025,2023-03-30,3,965.7
ORD-004701,CUST-0389,PROD-0046,2023-11-24,18,7585.7
ORD-004702,CUST-0422,PROD-0046,2023-05-20,4,1685.71
ORD-004703,CUST-0520,PROD-0093,2023-12-12,11,9263.65
ORD-004704,CUST-0612,PROD-0089,2023-02-24,6,4071.54
ORD-004705,CUST-0154,PROD-0007,2023-05-25,6,4737.78
ORD-004706,CUST-0601,PROD-0044,2023-09-29,12,11935.92
ORD-004707,CUST-0176,PROD-0095,2023-07-12,10,5796.72
ORD-004708,CUST-0713,PROD-0036,2023-07-19,17,11087.4
ORD-004709,CUST-0426,PROD-0026,2023-02-17,2,1103.38
ORD-004710,CUST-0866,PROD-0098,2023-02-01,4,2185.36
ORD-004711,CUST-0853,PROD-0066,2023-07-14,7,4131.79
ORD-004712,CUST-0855,PROD-0006,2023-08-23,18,16864.56
ORD-004713,CUST-0388,PROD-0061,2023-11-13,18,15251.94
ORD-004714,CUST-0895,PROD-0088,2023-10-25,15,6745.5
ORD-004715,CUST-0731,PROD-0025,2023-02-13,16,5150.4
ORD-004716,CUST-0491,PROD-0013,2023-03-06,15,8496.0
ORD-004717,CUST-0356,PROD-0025,2023-12-29,10,3219.0
ORD-004718,CUST-0263,PROD-0074,2023-12-27,8,2484.64
ORD-004719,CUST-0105,PROD-0009,2023-03-21,7,4123.49
ORD-004720,CUST-0319,PROD-0036,2023-04-25,8,5217.6
ORD-004721,CUST-0091,PROD-0055,2023-06-26,1,385.0
ORD-004722,CUST-0548,PROD-0059,2023-12-14,12,4622.76
ORD-004723,CUST-0269,PROD-0096,2023-09-11,1,340.27
ORD-004724,CUST-0932,PROD-0080,2023-06-10,13,8259.42
ORD-004725,CUST-0468,PROD-0075,2023-03-02,10,4313.9
ORD-004726,CUST-0327,PROD-0040,2023-10-01,3,1527.63
ORD-004727,CUST-0645,PROD-0042,2023-01-27,18,13917.24
ORD-004728,CUST-0820,PROD-0018,2023-06-12,17,3270.97
ORD-004729,CUST-0470,PROD-0081,2023-04-16,9,2211.95
ORD-004730,CUST-0636,PROD-0041,2023-01-08,6,3483.36
ORD-004731,CUST-0325,PROD-0076,2023-12-24,9,3871.37
ORD-004732,CUST-0059,PROD-0037,2023-01-31,7,4728.85
ORD-004733,CUST-0631,PROD-0028,2023-07-17,6,3861.66
ORD-004734,CUST-0551,PROD-0004,2023-08-24,17,15130.17
ORD-004735,CUST-0601,PROD-0024,2023-02-12,3,2179.56
ORD-004736,CUST-0446,PROD-0048,2023-05-15,17,12796.92
ORD-004737,CUST-0019,PROD-0075,2023-08-09,19,8196.41
ORD-004738,CUST-0440,PROD-0065,2023-12-04,12,8132.64
ORD-004739,CUST-0858,PROD-0064,2023-05-15,12,5810.98
ORD-004740,CUST-0611,PROD-0071,2023-09-29,17,5284.01
ORD-004741,CUST-0128,PROD-0042,2023-09-13,1,773.18
ORD-004742,CUST-0692,PROD-0089,2023-11-22,5,3392.95
ORD-004743,CUST-0602,PROD-0019,2023-05-20,12,888.34
ORD-004744,CUST-0889,PROD-0045,2023-11-05,10,4805.5
ORD-004745,CUST-0569,PROD-0010,2023-12-10,19,7311.96
ORD-004746,CUST-0283,PROD-0024,2023-08-12,18,13077.36
ORD-004747,CUST-0243,PROD-0016,2023-01-25,18,9534.89
ORD-004748,CUST-0938,PROD-0054,2023-02-26,4,859.58
ORD-004749,CUST-0140,PROD-0019,2023-10-25,16,1184.45
ORD-004750,CUST-0657,PROD-0044,2023-01-31,9,8951.94
ORD-004751,CUST-0532,PROD-0049,2023-08-04,15,14310.15
ORD-004752,CUST-0895,PROD-0032,2023-01-17,14,6958.14
ORD-004753,CUST-0026,PROD-0026,2023-04-03,13,7171.97
ORD-004754,CUST-0545,PROD-0084,2023-09-19,14,5730.31
ORD-004755,CUST-0723,PROD-0020,2023-05-08,11,5544.22
ORD-004756,CUST-0299,PROD-0031,2023-06-05,19,18607.08
ORD-004757,CUST-0165,PROD-0073,2023-10-05,10,5617.6
ORD-004758,CUST-0495,PROD-0016,2023-11-18,16,8475.46
ORD-004759,CUST-0398,PROD-0002,2023-10-03,11,9451.2
ORD-004760,CUST-0639,PROD-0088,2023-07-24,12,5396.4
ORD-004761,CUST-0812,PROD-0038,2023-02-24,6,5201.28
ORD-004762,CUST-0365,PROD-0046,2023-06-05,9,3792.85
ORD-004763,CUST-0575,PROD-0039,2023-09-28,10,2455.8
ORD-004764,CUST-0058,PROD-0080,2023-03-18,5,3176.7
ORD-004765,CUST-0911,PROD-0035,2023-09-27,13,4720.04
ORD-004766,CUST-0037,PROD-0100,2023-05-12,16,13300.96
ORD-004767,CUST-0246,PROD-0064,2023-07-23,2,968.5
ORD-004768,CUST-0268,PROD-0095,2023-01-23,12,6956.06
ORD-004769,CUST-0649,PROD-0085,2023-05-06,3,2666.64
ORD-004770,CUST-0347,PROD-0034,2023-07-29,3,1337.13
ORD-004771,CUST-0184,PROD-0079,2023-11-17,4,274.22
ORD-004772,CUST-0136,PROD-0020,2023-08-09,16,8064.32
ORD-004773,CUST-0846,PROD-0047,2023-03-01,16,14173.12
ORD-004774,CUST-0788,PROD-0093,2023-10-01,12,10105.8
ORD-004775,CUST-0699,PROD-0061,2023-10-15,11,9320.63
ORD-004776,CUST-0652,PROD-0062,2023-04-12,1,931.42
ORD-004777,CUST-0620,PROD-0054,2023-11-30,7,1504.27
ORD-004778,CUST-0333,PROD-0039,2023-02-11,8,1964.64
ORD-004779,CUST-0219,PROD-0075,2023-07-18,15,6470.85
ORD-004780,CUST-0356,PROD-0076,2023-02-14,14,6022.13
ORD-004781,CUST-0203,PROD-0088,2023-11-08,14,6295.8
ORD-004782,CUST-0399,PROD-0046,2023-09-25,15,6321.42
ORD-004783,CUST-0391,PROD-0012,2023-08-01,3,2922.57
ORD-004784,CUST-0197,PROD-0038,2023-02-19,4,3467.52
ORD-004785,CUST-0517,PROD-0036,2023-02-04,15,9783.0
ORD-004786,CUST-0461,PROD-0031,2023-12-31,2,1958.64
ORD-004787,CUST-0782,PROD-0029,2023-02-22,2,785.69
ORD-004788,CUST-0107,PROD-0037,2023-02-25,11,7431.05
ORD-004789,CUST-0887,PROD-0073,2023-09-26,15,8426.4
ORD-004790,CUST-0082,PROD-0021,2023-03-06,12,2343.0
ORD-004791,CUST-0304,PROD-0065,2023-12-14,17,11521.24
ORD-004792,CUST-0084,PROD-0100,2023-04-02,12,9975.72
ORD-004793,CUST-0430,PROD-0067,2023-07-13,19,5112.52
ORD-004794,CUST-0942,PROD-0093,2023-08-10,7,5895.05
ORD-004795,CUST-0276,PROD-0041,2023-11-20,13,7547.28
ORD-004796,CUST-0126,PROD-0022,2023-05-06,8,3033.12
ORD-004797,CUST-0222,PROD-0072,2023-11-08,15,10720.95
ORD-004798,CUST-0318,PROD-0020,2023-08-23,14,7056.28
ORD-004799,CUST-0024,PROD-0028,2023-08-07,3,1930.83
ORD-004800,CUST-0466,PROD-0076,2023-08-25,9,3871.37
ORD-004801,CUST-0420,PROD-0056,2023-01-13,17,7008.42
ORD-004802,CUST-0011,PROD-0082,2023-10-21,4,1265.76
ORD-004803,CUST-0110,PROD-0082,2023-01-28,6,1898.64
ORD-004804,CUST-0163,PROD-0054,2023-10-16,12,2578.75
ORD-004805,CUST-0142,PROD-0002,2023-10-20,10,8592.0
ORD-004806,CUST-0651,PROD-0044,2023-03-29,5,4973.3
ORD-004807,CUST-0193,PROD-0066,2023-01-23,5,2951.28
ORD-004808,CUST-0382,PROD-0059,2023-02-01,16,6163.68
ORD-004809,CUST-0766,PROD-0090,2023-01-23,3,1024.77
ORD-004810,CUST-0949,PROD-0088,2023-04-20,11,4946.7
ORD-004811,CUST-0753,PROD-0098,2023-02-17,19,10380.46
ORD-004812,CUST-0069,PROD-0091,2023-02-17,3,1768.54
ORD-004813,CUST-0666,PROD-0081,2023-07-12,5,1228.86
ORD-004814,CUST-0340,PROD-0021,2023-09-10,5,976.25
ORD-004815,CUST-0104,PROD-0047,2023-03-18,8,7086.56
ORD-004816,CUST-0053,PROD-0098,2023-01-22,19,10380.46
ORD-004817,CUST-0238,PROD-0088,2023-12-15,17,7644.9
ORD-004818,CUST-0770,PROD-0050,2023-05-07,19,6538.66
ORD-004819,CUST-0998,PROD-0064,2023-07-26,19,9200.71
ORD-004820,CUST-0302,PROD-0093,2023-06-16,12,10105.8
ORD-004821,CUST-0318,PROD-0037,2023-10-22,10,6755.5
ORD-004822,CUST-0012,PROD-0031,2023-06-13,14,13710.48
ORD-004823,CUST-0111,PROD-0093,2023-11-15,2,1684.3
ORD-004824,CUST-0241,PROD-0010,2023-05-31,19,7311.96
ORD-004825,CUST-0811,PROD-0068,2023-07-22,9,4428.54
ORD-004826,CUST-0807,PROD-0066,2023-05-07,19,11214.86
ORD-004827,CUST-0265,PROD-0062,2023-05-16,13,12108.46
ORD-004828,CUST-0629,PROD-0052,2023-03-20,11,6389.35
ORD-004829,CUST-0357,PROD-0023,2023-06-30,13,9740.77
ORD-004830,CUST-0576,PROD-0081,2023-01-28,18,4423.9
ORD-004831,CUST-0528,PROD-0021,2023-06-21,18,3514.5
ORD-004832,CUST-0892,PROD-0010,2023-12-04,10,3848.4
ORD-004833,CUST-0931,PROD-0070,2023-08-13,9,7665.3
ORD-004834,CUST-0511,PROD-0059,2023-02-18,15,5778.45
ORD-004835,CUST-0977,PROD-0057,2023-05-27,8,2593.54
ORD-004836,CUST-0180,PROD-0018,2023-10-31,12,2308.92
ORD-004837,CUST-0598,PROD-0087,2023-07-22,17,9983.93
ORD-004838,CUST-0421,PROD-0079,2023-10-05,7,479.89
ORD-004839,CUST-0257,PROD-0044,2023-11-08,8,7957.28
ORD-004840,CUST-0319,PROD-0088,2023-05-16,1,449.7
ORD-004841,CUST-0783,PROD-0007,2023-01-04,10,7896.3
ORD-004842,CUST-0272,PROD-0084,2023-05-09,10,4093.08
ORD-004843,CUST-0401,PROD-0024,2023-04-29,15,10897.8
ORD-004844,CUST-0271,PROD-0047,2023-05-23,18,15944.76
ORD-004845,CUST-0816,PROD-0062,2023-02-14,1,931.42
ORD-004846,CUST-0991,PROD-0011,2023-07-18,12,11295.96
ORD-004847,CUST-0780,PROD-0024,2023-02-08,19,13803.88
ORD-004848,CUST-0952,PROD-0043,2023-03-06,15,940.95
ORD-004849,CUST-0644,PROD-0051,2023-11-17,14,8207.47
ORD-004850,CUST-0568,PROD-0075,2023-07-13,6,2588.34
ORD-004851,CUST-0586,PROD-0008,2023-03-19,7,4729.27
ORD-004852,CUST-0342,PROD-0067,2023-08-24,19,5112.52
ORD-004853,CUST-0455,PROD-0006,2023-09-30,3,2810.76
ORD-004854,CUST-0074,PROD-0034,2023-11-02,19,8468.49
ORD-004855,CUST-0731,PROD-0011,2023-06-11,18,16943.94
ORD-004856,CUST-0906,PROD-0020,2023-02-04,12,6048.24
ORD-004857,CUST-0410,PROD-0052,2023-08-21,8,4646.8
ORD-004858,CUST-0476,PROD-0020,2023-07-08,4,2016.08
ORD-004859,CUST-0143,PROD-0078,2023-03-21,2,434.04
ORD-004860,CUST-0755,PROD-0057,2023-02-22,3,972.58
ORD-004861,CUST-0995,PROD-0032,2023-05-11,15,7455.15
ORD-004862,CUST-0537,PROD-0060,2023-11-20,9,3661.2
ORD-004863,CUST-0214,PROD-0066,2023-01-06,3,1770.77
ORD-004864,CUST-0264,PROD-0093,2023-05-27,7,5895.05
ORD-004865,CUST-0494,PROD-0007,2023-10-12,17,13423.71
ORD-004866,CUST-0290,PROD-0043,2023-03-29,17,1066.41
ORD-004867,CUST-0515,PROD-0079,2023-03-31,15,1028.34
ORD-004868,CUST-0231,PROD-0017,2023-01-31,5,4972.85
ORD-004869,CUST-0340,PROD-0085,2023-01-26,10,8888.8
ORD-004870,CUST-0123,PROD-0062,2023-02-09,12,11177.04
ORD-004871,CUST-0418,PROD-0084,2023-07-24,14,5730.31
ORD-004872,CUST-0356,PROD-0011,2023-06-13,19,17885.27
ORD-004873,CUST-0560,PROD-0010,2023-08-22,6,2309.04
ORD-004874,CUST-0851,PROD-0097,2023-07-06,3,1592.96
ORD-004875,CUST-0875,PROD-0085,2023-06-09,9,7999.92
ORD-004876,CUST-0691,PROD-0076,2023-01-11,16,6882.43
ORD-004877,CUST-0782,PROD-0040,2023-02-07,18,9165.78
ORD-004878,CUST-0511,PROD-0061,2023-12-11,7,5931.31
ORD-004879,CUST-0101,PROD-0089,2023-03-03,17,11536.03
ORD-004880,CUST-0049,PROD-0054,2023-12-03,5,1074.48
ORD-004881,CUST-0818,PROD-0094,2023-04-13,16,13811.2
ORD-004882,CUST-0363,PROD-0054,2023-01-12,1,214.9
ORD-004883,CUST-0238,PROD-0074,2023-09-08,18,5590.44
ORD-004884,CUST-0900,PROD-0090,2023-10-26,10,3415.9
ORD-004885,CUST-0681,PROD-0093,2023-03-12,1,842.15
ORD-004886,CUST-0180,PROD-0030,2023-08-19,5,2990.35
ORD-004887,CUST-0692,PROD-0077,2023-04-11,5,3096.4
ORD-004888,CUST-0223,PROD-0003,2023-05-23,7,2914.94
ORD-004889,CUST-0754,PROD-0005,2023-02-24,15,12808.65
ORD-004890,CUST-0497,PROD-0028,2023-05-10,1,643.61
ORD-004891,CUST-0270,PROD-0068,2023-10-11,5,2460.3
ORD-004892,CUST-0220,PROD-0040,2023-07-06,3,1527.63
ORD-004893,CUST-0262,PROD-0045,2023-11-23,5,2402.75
ORD-004894,CUST-0786,PROD-0009,2023-09-07,14,8246.98
ORD-004895,CUST-0305,PROD-0094,2023-06-26,14,12084.8
ORD-004896,CUST-0916,PROD-0011,2023-05-28,6,5647.98
ORD-004897,CUST-0704,PROD-0095,2023-06-20,14,8115.41
ORD-004898,CUST-0748,PROD-0051,2023-08-12,19,11138.71
ORD-004899,CUST-0536,PROD-0091,2023-06-01,11,6484.63
ORD-004900,CUST-0063,PROD-0086,2023-11-05,11,1484.34
ORD-004901,CUST-0736,PROD-0002,2023-12-31,5,4296.0
ORD-004902,CUST-0586,PROD-0013,2023-01-04,1,566.4
ORD-004903,CUST-0237,PROD-0061,2023-10-17,17,14404.61
ORD-004904,CUST-0404,PROD-0064,2023-07-25,16,7747.97
ORD-004905,CUST-0119,PROD-0086,2023-05-31,8,1079.52
ORD-004906,CUST-0850,PROD-0085,2023-09-18,2,1777.76
ORD-004907,CUST-0519,PROD-0012,2023-04-19,6,5845.14
ORD-004908,CUST-0858,PROD-0016,2023-04-27,9,4767.44
ORD-004909,CUST-0973,PROD-0025,2023-05-27,13,4184.7
ORD-004910,CUST-0061,PROD-0058,2023-10-07,12,5946.84
ORD-004911,CUST-0837,PROD-0044,2023-01-01,18,17903.88
ORD-004912,CUST-0436,PROD-0035,2023-12-30,18,6535.44
ORD-004913,CUST-0038,PROD-0043,2023-10-15,19,1191.87
ORD-004914,CUST-0170,PROD-0053,2023-12-28,2,1961.44
ORD-004915,CUST-0680,PROD-0048,2023-02-17,8,6022.08
ORD-004916,CUST-0817,PROD-0038,2023-11-21,1,866.88
ORD-004917,CUST-0076,PROD-0013,2023-11-28,13,7363.2
ORD-004918,CUST-0704,PROD-0060,2023-08-19,11,4474.8
ORD-004919,CUST-0142,PROD-0069,2023-07-17,5,2407.14
ORD-004920,CUST-0242,PROD-0085,2023-12-28,10,8888.8
ORD-004921,CUST-0726,PROD-0042,2023-08-22,16,12370.88
ORD-004922,CUST-0790,PROD-0043,2023-01-31,14,878.22
ORD-004923,CUST-0598,PROD-0043,2023-09-18,16,1003.68
ORD-004924,CUST-0206,PROD-0046,2023-11-23,15,6321.42
ORD-004925,CUST-0856,PROD-0020,2023-03-27,13,6552.26
ORD-004926,CUST-0726,PROD-0049,2023-05-26,10,9540.1
ORD-004927,CUST-0580,PROD-0062,2023-05-31,16,14902.72
ORD-004928,CUST-0101,PROD-0029,2023-06-06,3,1178.53
ORD-004929,CUST-0214,PROD-0066,2023-06-05,8,4722.05
ORD-004930,CUST-0820,PROD-0008,2023-05-14,12,8107.32
ORD-004931,CUST-0738,PROD-0026,2023-06-16,12,6620.28
ORD-004932,CUST-0422,PROD-0021,2023-06-01,2,390.5
ORD-004933,CUST-0123,PROD-0090,2023-11-22,4,1366.36
ORD-004934,CUST-0896,PROD-0086,2023-06-25,10,1349.4
ORD-004935,CUST-0663,PROD-0012,2023-06-06,11,10716.09
ORD-004936,CUST-0925,PROD-0082,2023-09-29,10,3164.4
ORD-004937,CUST-0476,PROD-0068,2023-08-17,14,6888.84
ORD-004938,CUST-0666,PROD-0034,2023-01-24,6,2674.26
ORD-004939,CUST-0937,PROD-0049,2023-09-04,16,15264.16
ORD-004940,CUST-0218,PROD-0073,2023-06-15,9,5055.84
ORD-004941,CUST-0637,PROD-0061,2023-09-18,13,11015.29
ORD-004942,CUST-0767,PROD-0034,2023-08-25,9,4011.39
ORD-004943,CUST-0309,PROD-0022,2023-08-04,14,5307.96
ORD-004944,CUST-0396,PROD-0056,2023-12-23,13,5359.38
ORD-004945,CUST-0662,PROD-0019,2023-08-14,7,518.2
ORD-004946,CUST-0548,PROD-0043,2023-04-14,7,439.11
ORD-004947,CUST-0916,PROD-0048,2023-09-13,5,3763.8
ORD-004948,CUST-0543,PROD-0042,2023-06-18,18,13917.24
ORD-004949,CUST-0792,PROD-0001,2023-03-30,5,4248.65
ORD-004950,CUST-0627,PROD-0053,2023-08-17,10,9807.2
ORD-004951,CUST-0719,PROD-0096,2023-06-30,4,1361.09
ORD-004952,CUST-0734,PROD-0002,2023-06-18,10,8592.0
ORD-004953,CUST-0194,PROD-0033,2023-09-26,10,9079.8
ORD-004954,CUST-0518,PROD-0004,2023-02-07,6,5340.06
ORD-004955,CUST-0017,PROD-0024,2023-08-01,6,4359.12
ORD-004956,CUST-0737,PROD-0043,2023-06-16,4,250.92
ORD-004957,CUST-0426,PROD-0025,2023-07-09,18,5794.2
ORD-004958,CUST-0505,PROD-0031,2023-11-24,18,17627.76
ORD-004959,CUST-0190,PROD-0100,2023-05-15,15,12469.65
ORD-004960,CUST-0369,PROD-0081,2023-02-08,6,1474.63
ORD-004961,CUST-0823,PROD-0003,2023-06-14,4,1665.68
ORD-004962,CUST-0574,PROD-0091,2023-05-19,13,7663.66
ORD-004963,CUST-0297,PROD-0004,2023-08-15,19,16910.19
ORD-004964,CUST-0654,PROD-0100,2023-04-03,8,6650.48
ORD-004965,CUST-0704,PROD-0044,2023-01-17,18,17903.88
ORD-004966,CUST-0253,PROD-0068,2023-02-01,10,4920.6
ORD-004967,CUST-0411,PROD-0085,2023-09-01,18,15999.84
ORD-004968,CUST-0771,PROD-0025,2023-04-02,16,5150.4
ORD-004969,CUST-0058,PROD-0100,2023-09-13,18,14963.58
ORD-004970,CUST-0725,PROD-0027,2023-01-04,10,5452.2
ORD-004971,CUST-0157,PROD-0099,2023-12-13,14,4761.68
ORD-004972,CUST-0364,PROD-0093,2023-11-09,19,16000.85
ORD-004973,CUST-0266,PROD-0046,2023-07-28,14,5899.99
ORD-004974,CUST-0271,PROD-0075,2023-01-26,10,4313.9
ORD-004975,CUST-0676,PROD-0073,2023-07-12,13,7302.88
ORD-004976,CUST-0527,PROD-0099,2023-04-01,13,4421.56
ORD-004977,CUST-0552,PROD-0018,2023-07-09,15,2886.15
ORD-004978,CUST-0589,PROD-0038,2023-06-04,9,7801.92
ORD-004979,CUST-0518,PROD-0010,2023-08-28,19,7311.96
ORD-004980,CUST-0194,PROD-0040,2023-12-02,11,5601.31
ORD-004981,CUST-0517,PROD-0075,2023-01-14,1,431.39
ORD-004982,CUST-0008,PROD-0047,2023-05-16,9,7972.38
ORD-004983,CUST-0071,PROD-0099,2023-03-09,11,3741.32
ORD-004984,CUST-0590,PROD-0030,2023-02-11,11,6578.77
ORD-004985,CUST-0679,PROD-0061,2023-03-28,18,15251.94
ORD-004986,CUST-0689,PROD-0051,2023-04-02,3,1758.74
ORD-004987,CUST-0878,PROD-0050,2023-01-17,12,4129.68
ORD-004988,CUST-0307,PROD-0082,2023-04-26,5,1582.2
ORD-004989,CUST-0050,PROD-0076,2023-10-09,19,8172.89
ORD-004990,CUST-0193,PROD-0058,2023-01-20,13,6442.41
ORD-004991,CUST-0548,PROD-0011,2023-05-19,4,3765.32
ORD-004992,CUST-0774,PROD-0063,2023-09-13,5,771.96
ORD-004993,CUST-0904,PROD-0019,2023-03-13,15,1110.42
ORD-004994,CUST-0066,PROD-0037,2023-08-31,19,12835.45
ORD-004995,CUST-0647,PROD-0028,2023-05-12,8,5148.88
ORD-004996,CUST-0897,PROD-0074,2023-07-29,15,4658.7
ORD-004997,CUST-0061,PROD-0095,2023-05-10,8,4637.38
ORD-004998,CUST-0814,PROD-0083,2023-12-20,16,8073.22
ORD-004999,CUST-0992,PROD-0056,2023-02-24,13,5359.38
ORD-005000,CUST-0575,PROD-0093,2023-01-02,8,6737.2
ORD-002969,CUST-0393,PROD-0085,2023-03-25,14,12444.32
ORD-003383,CUST-0300,PROD-0017,2023-10-22,8,7956.56
ORD-000909,CUST-0987,PROD-0086,2023-04-09,10,1349.4
ORD-000458,CUST-0990,PROD-0074,2023-08-25,2,621.16
ORD-000201,CUST-0703,PROD-0011,2023-08-08,13,12237.29
ORD-004794,CUST-0942,PROD-0093,2023-08-10,7,5895.05
ORD-004171,CUST-0292,PROD-0093,2023-05-19,12,10105.8
ORD-000726,CUST-0225,PROD-0061,2023-03-02,6,5083.98
ORD-004113,CUST-0843,PROD-0077,2023-10-26,7,4334.96
ORD-003295,CUST-0799,PROD-0052,2023-06-20,2,1161.7
ORD-003133,CUST-0746,PROD-0057,2023-09-12,5,1620.96
ORD-000871,CUST-0487,PROD-0090,2023-10-28,9,3074.31
ORD-001757,CUST-0204,PROD-0047,2023-12-11,4,3543.28
ORD-004995,CUST-0647,PROD-0028,2023-05-12,8,5148.88
ORD-002099,CUST-0788,PROD-0013,2023-12-16,4,2265.6
ORD-002385,CUST-0234,PROD-0032,2023-09-24,1,497.01
ORD-003141,CUST-0877,PROD-0002,2023-05-19,14,12028.8
ORD-000449,CUST-0268,PROD-0052,2023-11-20,12,6970.2
ORD-001822,CUST-0610,PROD-0032,2023-02-15,9,4473.09
ORD-001680,CUST-0674,PROD-0012,2023-09-22,1,974.19
